Sim_Time,Sim_Alt,State - Time (s),State - Flight Stage,State - PX (m),State - PY (m),State - PZ (m),State - VX (m/s),State - VY (m/s),State - VZ (m/s),State - AX (m/s/s),State - AY (m/s/s),State - AZ (m/s/s),State - Off-Vert Angle (deg),State - Time in Stage (s),HITL_Accelerometer - Acc X (m/s^2),HITL_Accelerometer - Acc Y (m/s^2),HITL_Accelerometer - Acc Z (m/s^2),HITL_Gyroscope - Gyro X (rad/s),HITL_Gyroscope - Gyro Y (rad/s),HITL_Gyroscope - Gyro Z (rad/s),HITL_Barometer - Pres (hPa),HITL_Barometer - Temp (C),HITL_Barometer - Alt ASL (m),HITL_GPS - Lat (deg),HITL_GPS - Lon (deg),HITL_GPS - Alt (m),HITL_GPS - vN (m/s),HITL_GPS - vE (m/s),HITL_GPS - vD (m/s),HITL_GPS - Fix Quality,HITL_GPS - Time of Day,HITL_Magnetometer - Mag X (uT),HITL_Magnetometer - Mag Y (uT),HITL_Magnetometer - Mag Z (uT)
0.0,0.0,0.000,0,0.000,0.000,0.749,0.000,0.000,0.000,0.000,0.000,0.000,0.000,0.000,-0.004,-0.019,9.785,0.002,0.021,-0.004,1013.160,15.000,0.749,45.0000000,-122.0000000,0.750,0.000,0.000,0.000,8,00:00:00,-0.120,-0.000,-0.440
0.02,0.0,0.020,0,0.000,-0.000,0.144,0.000,-0.000,-2.241,0.000,-0.000,-0.058,0.353,0.020,-0.045,0.040,9.752,-0.015,-0.000,-0.012,1013.210,15.000,0.333,45.0000000,-122.0000000,0.370,0.000,0.000,0.000,8,00:00:00,0.280,0.220,-0.620
0.04,0.0,0.040,0,0.000,-0.000,0.227,0.000,-0.000,-1.148,-0.000,-0.000,0.049,0.635,0.040,-0.045,-0.100,9.858,-0.003,0.008,0.011,1013.110,15.000,1.165,45.0000000,-122.0000000,1.140,0.000,0.000,0.000,8,00:00:00,-0.060,-0.430,0.080
0.06,0.0,0.060,0,0.000,-0.000,0.505,-0.000,0.000,2.258,-0.000,0.000,-0.030,0.358,0.060,-0.027,0.055,9.780,-0.000,-0.004,-0.004,1013.040,15.000,1.748,45.0000000,-122.0000000,1.760,0.000,0.000,0.000,8,00:00:00,0.080,0.550,-0.180
0.08,0.0,0.080,0,-0.000,-0.000,0.531,-0.000,-0.000,2.034,-0.000,-0.000,-0.022,0.218,0.080,-0.012,-0.035,9.788,0.017,-0.009,0.002,1013.100,15.000,1.248,45.0000000,-122.0000000,1.270,0.000,0.000,0.000,8,00:00:00,-0.060,-0.270,0.750
0.1,0.0,0.100,0,-0.000,-0.000,0.669,-0.000,-0.000,3.121,-0.000,0.000,0.041,0.290,0.100,-0.048,0.013,9.851,-0.001,0.031,-0.002,1013.060,15.000,1.581,45.0000000,-122.0000000,1.620,0.000,0.000,0.000,8,00:00:00,0.030,-0.710,-0.190
0.12000000000000001,0.0,0.120,0,-0.000,-0.000,1.589,-0.000,-0.000,11.815,-0.000,-0.000,-0.088,0.315,0.120,-0.031,-0.043,9.722,0.013,0.012,0.007,1012.790,15.000,3.828,45.0000000,-122.0000000,3.850,0.000,0.000,0.000,8,00:00:00,0.840,-0.390,-0.230
0.14,0.0,0.140,0,-0.000,-0.000,-0.443,-0.000,-0.000,-9.004,0.000,0.000,0.058,0.035,0.140,0.001,0.006,9.868,-0.005,0.017,0.003,1013.720,15.000,-3.910,45.0000000,-122.0000000,-3.870,0.000,0.000,0.000,8,00:00:00,-0.560,-0.040,0.020
0.16,0.0,0.160,0,-0.000,-0.000,-0.057,-0.000,-0.000,-4.302,-0.000,0.000,-0.031,0.520,0.160,0.087,-0.017,9.778,-0.013,0.002,0.002,1013.030,15.000,1.831,45.0000000,-122.0000000,1.820,0.000,0.000,0.000,8,00:00:00,-0.720,0.440,-0.880
0.18,0.0,0.180,0,-0.000,-0.000,0.788,-0.000,-0.000,2.738,0.000,-0.000,-0.069,0.550,0.180,-0.092,0.017,9.741,-0.004,0.004,-0.005,1012.820,15.000,3.579,45.0000000,-122.0000000,3.620,0.000,0.000,0.000,8,00:00:00,0.550,-0.520,0.100
0.19999999999999998,0.0,0.200,0,-0.000,-0.000,0.839,-0.000,-0.000,2.715,-0.000,-0.000,-0.084,0.370,0.200,-0.036,-0.051,9.726,-0.004,-0.011,0.006,1013.060,15.000,1.581,45.0000000,-122.0000000,1.540,0.000,0.000,0.000,8,00:00:00,-0.290,-0.150,0.460
0.21999999999999997,0.0,0.220,0,-0.000,-0.000,-0.210,-0.000,-0.000,-4.310,0.000,-0.000,-0.019,0.715,0.220,-0.058,0.107,9.791,0.002,-0.000,-0.004,1013.530,15.000,-2.330,45.0000000,-122.0000000,-2.290,0.000,0.000,0.000,8,00:00:00,-0.010,-0.070,-0.110
0.23999999999999996,0.0,0.240,0,-0.000,-0.000,0.741,-0.000,-0.000,1.796,0.000,0.000,0.012,0.614,0.240,-0.064,-0.084,9.822,0.001,-0.003,0.008,1012.720,15.000,4.411,45.0000000,-122.0000000,4.420,0.000,0.000,0.000,8,00:00:00,-0.300,-0.790,0.030
0.25999999999999995,0.0,0.260,0,-0.000,-0.000,2.315,-0.000,-0.000,10.213,0.000,-0.000,0.012,0.245,0.260,0.034,-0.025,9.822,0.009,0.006,0.018,1012.320,15.000,7.741,45.0000000,-122.0000000,7.780,0.000,0.000,0.000,8,00:00:00,0.510,0.080,-0.500
0.27999999999999997,0.0,0.280,0,-0.000,-0.000,1.793,-0.000,-0.000,6.502,-0.000,-0.000,0.012,0.396,0.280,0.014,0.066,9.822,-0.001,0.006,-0.004,1013.230,15.000,0.166,45.0000000,-122.0000000,0.140,0.000,0.000,0.000,8,00:00:00,0.010,-0.250,0.370
0.3,0.0,0.300,0,-0.000,-0.000,1.939,-0.000,-0.000,6.580,-0.000,-0.000,-0.028,0.406,0.300,-0.045,-0.053,9.782,0.001,-0.010,-0.004,1012.920,15.000,2.746,45.0000000,-122.0000000,2.770,0.000,0.000,0.000,8,00:00:00,0.720,0.630,-0.000
0.32,0.0,0.320,0,-0.000,-0.000,1.353,-0.000,-0.000,3.345,0.000,-0.000,0.065,0.693,0.320,-0.047,0.110,9.874,-0.001,0.012,-0.004,1013.320,15.000,-0.582,45.0000000,-122.0000000,-0.540,0.000,0.000,0.000,8,00:00:00,-0.320,0.140,-0.220
0.34,0.0,0.340,0,-0.000,-0.000,0.299,0.000,-0.000,-1.426,0.000,0.000,0.026,0.230,0.340,-0.026,-0.030,9.836,0.001,0.007,-0.009,1013.660,15.000,-3.411,45.0000000,-122.0000000,-3.440,0.000,0.000,0.000,8,00:00:00,0.710,-0.180,-0.120
0.36000000000000004,0.0,0.360,0,-0.000,-0.000,-0.659,0.000,-0.000,-5.169,0.000,0.000,0.030,0.216,0.360,0.020,0.031,9.840,-0.020,-0.010,-0.015,1013.710,15.000,-3.827,45.0000000,-122.0000000,-3.800,0.000,0.000,0.000,8,00:00:00,0.770,0.310,0.080
0.38000000000000006,0.0,0.380,0,-0.000,-0.000,-0.302,0.000,-0.000,-3.409,0.000,0.000,0.003,0.577,0.380,0.010,0.098,9.813,0.005,-0.018,-0.005,1012.950,15.000,2.497,45.0000000,-122.0000000,2.500,0.000,0.000,0.000,8,00:00:00,-0.840,-1.030,0.550
0.4000000000000001,0.0,0.400,0,0.000,-0.000,-0.875,0.000,-0.000,-5.247,-0.000,0.000,-0.034,0.554,0.400,-0.095,0.004,9.776,0.012,-0.021,-0.010,1013.550,15.000,-2.496,45.0000000,-122.0000000,-2.520,0.000,0.000,0.000,8,00:00:00,-0.240,-0.790,-0.910
0.4200000000000001,0.0,0.420,0,0.000,-0.000,-0.969,0.000,-0.000,-5.210,-0.000,-0.000,-0.049,0.653,0.420,0.104,0.040,9.761,0.010,-0.003,0.017,1013.270,15.000,-0.166,45.0000000,-122.0000000,-0.210,0.000,0.000,0.000,8,00:00:00,0.180,-0.590,-0.080
0.4400000000000001,0.0,0.440,0,0.000,-0.000,-2.136,-0.000,-0.000,-8.744,-0.000,-0.000,-0.046,0.132,0.440,0.015,0.017,9.764,0.023,-0.016,0.025,1014.080,15.000,-6.904,45.0000000,-122.0000000,-6.900,0.000,0.000,0.000,8,00:00:00,-0.780,-0.570,0.170
0.46000000000000013,0.0,0.460,0,0.000,-0.000,-2.107,0.000,-0.000,-8.095,0.000,0.000,-0.014,0.194,0.460,0.033,0.002,9.796,-0.002,-0.011,-0.011,1013.280,15.000,-0.250,45.0000000,-122.0000000,-0.260,0.000,0.000,0.000,8,00:00:00,0.280,-0.190,-0.720
0.48000000000000015,0.0,0.480,0,0.000,-0.000,-2.465,0.000,-0.000,-8.694,0.000,-0.000,-0.058,0.458,0.480,-0.075,0.020,9.752,0.014,0.009,0.011,1013.590,15.000,-2.829,45.0000000,-122.0000000,-2.850,0.000,0.000,0.000,8,00:00:00,0.020,0.100,0.100
0.5000000000000001,0.0,0.500,0,0.000,-0.000,-1.609,0.000,-0.000,-5.671,0.000,0.000,0.020,0.273,0.500,0.021,0.042,9.830,-0.008,-0.004,-0.010,1012.620,15.000,5.243,45.0000000,-122.0000000,5.270,0.000,0.000,0.000,8,00:00:00,-0.310,0.110,-0.900
0.5200000000000001,0.0,0.520,0,0.000,-0.000,-1.076,0.000,-0.000,-3.845,-0.000,-0.000,0.031,0.221,0.520,0.031,0.022,9.841,0.010,0.002,-0.014,1012.810,15.000,3.662,45.0000000,-122.0000000,3.690,0.000,0.000,0.000,8,00:00:00,0.010,-1.310,-0.400
0.5400000000000001,0.0,0.540,0,0.000,-0.000,-0.167,0.000,-0.000,-1.163,-0.000,0.000,-0.087,0.643,0.540,-0.031,0.105,9.723,0.011,0.024,0.003,1012.420,15.000,6.909,45.0000000,-122.0000000,6.940,0.000,0.000,0.000,8,00:00:00,-0.360,0.130,0.150
0.5600000000000002,0.0,0.560,0,0.000,-0.000,-0.415,0.000,-0.000,-1.754,0.000,-0.000,-0.029,0.156,0.560,0.026,-0.006,9.781,0.017,-0.007,-0.000,1013.390,15.000,-1.165,45.0000000,-122.0000000,-1.150,0.000,0.000,0.000,8,00:00:00,0.520,0.710,-0.040
0.5800000000000002,0.0,0.580,0,0.000,-0.000,-0.761,0.000,-0.000,-2.544,-0.000,-0.000,0.025,0.321,0.580,0.012,0.054,9.835,-0.010,-0.000,0.010,1013.510,15.000,-2.163,45.0000000,-122.0000000,-2.140,0.000,0.000,0.000,8,00:00:00,-0.550,0.050,-0.330
0.6000000000000002,0.0,0.600,0,0.000,-0.000,0.011,0.000,0.000,-0.520,0.000,0.000,0.015,0.096,0.600,-0.015,-0.008,9.825,0.004,0.010,-0.003,1012.450,15.000,6.659,45.0000000,-122.0000000,6.690,0.000,0.000,0.000,8,00:00:00,-0.780,0.200,-0.110
0.6200000000000002,0.0,0.620,0,0.000,-0.000,0.169,0.000,-0.000,-0.121,0.000,-0.000,-0.012,0.644,0.620,-0.071,0.084,9.798,0.019,0.007,0.014,1012.990,15.000,2.164,45.0000000,-122.0000000,2.130,0.000,0.000,0.000,8,00:00:00,1.090,-0.530,0.000
0.6400000000000002,0.0,0.640,0,0.000,-0.000,-0.544,0.000,-0.000,-1.760,-0.000,-0.000,0.014,0.894,0.640,0.093,0.122,9.823,0.002,0.013,-0.014,1013.880,15.000,-5.241,45.0000000,-122.0000000,-5.230,0.000,0.000,0.000,8,00:00:00,0.360,-0.370,-0.220
0.6600000000000003,0.0,0.660,0,0.000,-0.000,-1.589,-0.000,-0.000,-4.018,-0.000,-0.000,-0.030,0.146,0.660,0.021,0.013,9.780,0.012,-0.009,-0.005,1014.310,15.000,-8.816,45.0000000,-122.0000000,-8.800,0.000,0.000,0.000,8,00:00:00,-0.100,0.470,-0.400
0.6800000000000003,0.0,0.680,0,0.000,-0.000,-1.678,-0.000,-0.000,-4.036,-0.000,0.000,0.028,0.193,0.680,0.007,-0.032,9.838,0.003,0.013,0.012,1013.370,15.000,-0.998,45.0000000,-122.0000000,-1.000,0.000,0.000,0.000,8,00:00:00,0.710,-0.340,-0.270
0.7000000000000003,0.0,0.700,0,0.000,-0.000,-2.199,-0.000,-0.000,-4.966,-0.000,0.000,0.041,0.726,0.700,0.009,-0.124,9.850,-0.022,0.010,-0.008,1013.870,15.000,-5.158,45.0000000,-122.0000000,-5.200,0.000,0.000,0.000,8,00:00:00,-0.880,0.160,0.410
0.7200000000000003,0.0,0.720,0,-0.000,-0.000,-2.095,-0.000,-0.000,-4.548,-0.000,-0.000,0.017,0.238,0.720,-0.041,-0.001,9.827,-0.014,0.002,0.009,1013.200,15.000,0.416,45.0000000,-122.0000000,0.390,0.000,0.000,0.000,8,00:00:00,-0.190,-0.560,0.190
0.7400000000000003,0.0,0.740,0,-0.000,-0.000,-1.461,-0.000,-0.000,-3.098,0.000,0.000,0.009,0.654,0.740,-0.016,-0.111,9.819,-0.003,0.009,0.002,1012.560,15.000,5.743,45.0000000,-122.0000000,5.730,0.000,0.000,0.000,8,00:00:00,0.370,0.460,-1.360
0.7600000000000003,0.0,0.760,0,-0.000,-0.000,-1.643,-0.000,0.000,-3.333,0.000,0.000,-0.036,0.231,0.760,-0.029,-0.027,9.774,-0.017,0.005,-0.003,1013.490,15.000,-1.997,45.0000000,-122.0000000,-1.980,0.000,0.000,0.000,8,00:00:00,-0.310,0.170,0.490
0.7800000000000004,0.0,0.780,0,-0.000,-0.000,-1.617,-0.000,-0.000,-3.158,0.000,-0.000,0.003,0.272,0.780,-0.038,0.027,9.813,-0.025,-0.019,0.009,1013.250,15.000,0.000,45.0000000,-122.0000000,-0.000,0.000,0.000,0.000,8,00:00:00,-0.040,-0.100,-0.580
0.8000000000000004,0.0,0.800,0,-0.000,-0.000,-1.968,-0.000,-0.000,-3.690,-0.000,-0.000,-0.015,0.376,0.800,0.002,0.064,9.795,0.015,-0.005,-0.006,1013.730,15.000,-3.993,45.0000000,-122.0000000,-4.030,0.000,0.000,0.000,8,00:00:00,-0.070,-0.190,-0.160
0.8200000000000004,0.0,0.820,0,-0.000,-0.000,-1.717,-0.000,-0.000,-3.104,-0.000,-0.000,-0.028,0.420,0.820,-0.071,-0.005,9.782,-0.005,0.007,0.009,1012.980,15.000,2.247,45.0000000,-122.0000000,2.240,0.000,0.000,0.000,8,00:00:00,-0.280,0.030,-0.120
0.8400000000000004,0.0,0.840,0,-0.000,-0.000,-1.044,-0.000,-0.000,-1.807,0.000,0.000,0.033,0.316,0.840,0.009,0.053,9.843,0.003,0.025,0.005,1012.390,15.000,7.158,45.0000000,-122.0000000,7.140,0.000,0.000,0.000,8,00:00:00,1.040,0.570,-0.250
0.8600000000000004,0.0,0.860,0,-0.000,-0.000,-1.584,-0.000,-0.000,-2.676,-0.000,-0.000,-0.017,0.166,0.860,0.019,0.021,9.793,0.009,-0.017,-0.005,1013.980,15.000,-6.072,45.0000000,-122.0000000,-6.090,0.000,0.000,0.000,8,00:00:00,-0.980,-0.530,-0.320
0.8800000000000004,0.0,0.880,0,-0.000,-0.000,-1.554,-0.000,-0.000,-2.535,-0.000,0.000,-0.004,0.750,0.880,0.056,-0.116,9.806,-0.003,-0.001,0.011,1013.240,15.000,0.083,45.0000000,-122.0000000,0.120,0.000,0.000,0.000,8,00:00:00,0.260,-0.290,-0.570
0.9000000000000005,0.0,0.900,0,-0.000,-0.000,-1.449,-0.000,-0.000,-2.278,-0.000,-0.000,-0.011,0.557,0.900,-0.091,-0.029,9.799,0.010,-0.003,-0.011,1013.130,15.000,0.999,45.0000000,-122.0000000,0.990,0.000,0.000,0.000,8,00:00:00,0.060,-1.080,-0.000
0.9200000000000005,0.0,0.920,0,-0.000,-0.000,-1.495,-0.000,-0.000,-2.279,-0.000,0.000,-0.009,0.298,0.920,0.003,-0.051,9.801,0.013,-0.002,-0.024,1013.340,15.000,-0.749,45.0000000,-122.0000000,-0.770,0.000,0.000,0.000,8,00:00:00,0.030,0.650,-0.140
0.9400000000000005,0.0,0.940,0,-0.000,-0.000,-1.141,-0.000,-0.000,-1.648,-0.000,0.000,-0.009,0.265,0.940,-0.033,0.032,9.800,-0.014,0.009,-0.005,1012.750,15.000,4.161,45.0000000,-122.0000000,4.180,0.000,0.000,0.000,8,00:00:00,-0.060,0.640,-0.210
0.9600000000000005,0.0,0.960,0,-0.000,-0.000,-1.048,-0.000,-0.000,-1.456,-0.000,0.000,-0.149,0.477,0.960,0.040,-0.070,9.661,0.000,0.007,0.001,1013.110,15.000,1.165,45.0000000,-122.0000000,1.200,0.000,0.000,0.000,8,00:00:00,0.010,-0.390,0.720
0.9800000000000005,0.0,0.980,0,-0.000,-0.000,-1.103,-0.000,-0.000,-1.495,0.000,-0.000,0.036,0.489,0.980,0.024,-0.081,9.845,-0.009,-0.009,0.002,1013.330,15.000,-0.666,45.0000000,-122.0000000,-0.650,0.000,0.000,0.000,8,00:00:00,0.540,0.560,0.830
1.0000000000000004,0.0,1.000,0,-0.000,-0.000,-1.515,-0.000,-0.000,-2.062,0.000,-0.000,0.040,0.232,1.000,-0.035,0.019,9.850,0.001,-0.003,0.006,1013.900,15.000,-5.407,45.0000000,-122.0000000,-5.400,0.000,0.000,0.000,8,00:00:00,-0.130,0.530,-0.550
1.0200000000000005,0.0,1.020,0,-0.000,-0.000,-1.689,-0.000,-0.000,-2.255,0.000,0.000,0.017,0.347,1.020,-0.058,-0.014,9.827,-0.013,0.010,-0.009,1013.560,15.000,-2.579,45.0000000,-122.0000000,-2.560,0.000,0.000,0.000,8,00:00:00,0.970,-0.700,1.330
1.0400000000000005,0.0,1.040,0,-0.000,-0.000,-2.180,-0.000,-0.000,-2.890,0.000,0.000,0.109,0.334,1.040,-0.022,-0.053,9.918,-0.003,0.006,-0.012,1014.100,15.000,-7.070,45.0000000,-122.0000000,-7.080,0.000,0.000,0.000,8,00:00:00,-0.100,-1.010,-0.970
1.0600000000000005,0.0,1.060,0,-0.000,-0.000,-2.263,-0.000,-0.000,-2.925,-0.000,-0.000,0.001,0.050,1.060,-0.003,-0.008,9.810,-0.013,-0.006,-0.003,1013.470,15.000,-1.830,45.0000000,-122.0000000,-1.800,0.000,0.000,0.000,8,00:00:00,-0.340,0.120,0.250
1.0800000000000005,0.0,1.080,0,-0.000,-0.000,-2.663,-0.000,-0.000,-3.393,0.000,0.000,0.097,0.461,1.080,0.079,0.008,9.907,-0.002,0.009,-0.006,1014.020,15.000,-6.405,45.0000000,-122.0000000,-6.410,0.000,0.000,0.000,8,00:00:00,1.610,-0.010,-0.460
1.1000000000000005,0.0,1.100,0,-0.000,-0.000,-2.686,-0.000,-0.000,-3.332,0.000,-0.000,0.020,0.272,1.100,-0.043,0.018,9.830,-0.007,-0.011,0.006,1013.410,15.000,-1.331,45.0000000,-122.0000000,-1.290,0.000,0.000,0.000,8,00:00:00,0.360,-0.020,-0.000
1.1200000000000006,0.0,1.120,0,-0.000,-0.000,-2.422,-0.000,-0.000,-2.894,-0.000,0.000,-0.024,0.090,1.120,-0.004,0.015,9.786,0.004,0.017,-0.008,1012.910,15.000,2.829,45.0000000,-122.0000000,2.800,0.000,0.000,0.000,8,00:00:00,0.420,0.370,0.160
1.1400000000000006,0.0,1.140,0,-0.000,-0.000,-2.201,-0.000,-0.000,-2.529,-0.000,0.000,0.037,0.476,1.140,0.057,-0.058,9.847,-0.003,-0.012,-0.013,1012.960,15.000,2.413,45.0000000,-122.0000000,2.400,0.000,0.000,0.000,8,00:00:00,0.280,0.630,0.320
1.1600000000000006,0.0,1.160,0,-0.000,-0.000,-1.861,-0.000,-0.000,-2.025,-0.000,-0.000,0.136,0.024,1.160,0.004,0.002,9.946,0.002,0.002,-0.005,1012.720,15.000,4.411,45.0000000,-122.0000000,4.380,0.000,0.000,0.000,8,00:00:00,-0.330,-0.010,-0.160
1.1800000000000006,0.0,1.180,0,-0.000,-0.000,-2.059,-0.000,-0.000,-2.224,0.000,-0.000,-0.000,0.229,1.180,-0.036,0.016,9.810,-0.003,0.003,0.004,1013.680,15.000,-3.577,45.0000000,-122.0000000,-3.610,0.000,0.000,0.000,8,00:00:00,-1.010,0.070,0.280
1.2000000000000006,0.0,1.200,0,-0.000,-0.000,-1.948,-0.000,-0.000,-2.031,-0.000,-0.000,-0.040,0.526,1.200,0.086,0.025,9.769,-0.009,0.015,-0.016,1013.120,15.000,1.082,45.0000000,-122.0000000,1.080,0.000,0.000,0.000,8,00:00:00,-0.100,0.900,0.900
1.2200000000000006,0.0,1.220,0,-0.000,-0.000,-1.800,-0.000,-0.000,-1.802,0.000,-0.000,-0.027,0.237,1.220,-0.030,0.027,9.783,0.003,-0.008,-0.012,1013.040,15.000,1.748,45.0000000,-122.0000000,1.720,0.000,0.000,0.000,8,00:00:00,-0.210,-0.300,1.000
1.2400000000000007,0.0,1.240,0,-0.000,-0.000,-1.625,-0.000,-0.000,-1.545,-0.000,0.000,0.159,0.236,1.240,0.031,-0.027,9.969,0.003,-0.003,0.019,1012.970,15.000,2.330,45.0000000,-122.0000000,2.320,0.000,0.000,0.000,8,00:00:00,0.100,-0.740,-0.220
1.2600000000000007,0.0,1.260,0,-0.000,-0.000,-2.017,-0.000,-0.000,-1.971,-0.000,-0.000,0.028,0.567,1.260,-0.059,-0.078,9.838,-0.010,-0.009,-0.010,1014.070,15.000,-6.821,45.0000000,-122.0000000,-6.800,0.000,0.000,0.000,8,00:00:00,0.620,0.120,-0.090
1.2800000000000007,0.0,1.280,0,-0.000,-0.000,-2.398,-0.000,-0.000,-2.367,-0.000,-0.000,0.077,0.119,1.280,0.013,0.016,9.887,0.000,0.001,-0.013,1014.090,15.000,-6.987,45.0000000,-122.0000000,-6.960,0.000,0.000,0.000,8,00:00:00,0.580,0.150,-0.210
1.3000000000000007,0.0,1.300,0,-0.000,-0.000,-1.925,-0.000,-0.000,-1.770,0.000,0.000,0.055,0.430,1.300,0.074,0.005,9.865,-0.014,0.007,-0.021,1012.400,15.000,7.075,45.0000000,-122.0000000,7.060,0.000,0.000,0.000,8,00:00:00,0.410,0.980,0.110
1.3200000000000007,0.0,1.320,0,-0.000,-0.000,-1.603,-0.000,-0.000,-1.366,0.000,0.000,0.039,0.676,1.320,-0.106,-0.047,9.848,-0.003,0.004,0.003,1012.660,15.000,4.910,45.0000000,-122.0000000,4.880,0.000,0.000,0.000,8,00:00:00,0.010,-0.850,0.400
1.3400000000000007,0.0,1.340,0,-0.000,-0.000,-1.354,-0.000,-0.000,-1.060,0.000,0.000,-0.072,0.121,1.340,-0.020,-0.005,9.738,0.002,0.010,0.010,1012.780,15.000,3.912,45.0000000,-122.0000000,3.900,0.000,0.000,0.000,8,00:00:00,-0.240,-0.360,0.330
1.3600000000000008,0.0,1.360,0,-0.000,-0.000,-1.633,-0.000,-0.000,-1.344,0.000,0.000,-0.081,0.444,1.360,-0.044,-0.061,9.729,-0.002,0.010,0.004,1013.870,15.000,-5.158,45.0000000,-122.0000000,-5.150,0.000,0.000,0.000,8,00:00:00,-0.140,0.320,0.290
1.3800000000000008,0.0,1.380,0,-0.000,-0.000,-1.483,-0.000,-0.000,-1.152,-0.000,-0.000,0.043,0.184,1.380,-0.029,-0.013,9.853,-0.002,-0.001,-0.015,1012.980,15.000,2.247,45.0000000,-122.0000000,2.250,0.000,0.000,0.000,8,00:00:00,-0.760,0.270,-0.060
1.4000000000000008,0.0,1.400,0,-0.000,-0.000,-1.529,-0.000,-0.000,-1.176,0.000,-0.000,-0.027,0.418,1.400,0.011,-0.070,9.783,0.011,0.029,-0.002,1013.390,15.000,-1.165,45.0000000,-122.0000000,-1.160,0.000,0.000,0.000,8,00:00:00,-0.190,-0.200,0.790
1.4200000000000008,0.0,1.420,0,-0.000,-0.000,-1.372,-0.000,-0.000,-0.987,0.000,-0.000,0.016,0.328,1.420,-0.001,0.056,9.826,-0.007,-0.013,0.004,1012.950,15.000,2.497,45.0000000,-122.0000000,2.540,0.000,0.000,0.000,8,00:00:00,-0.560,-0.670,-0.200
1.4400000000000008,0.0,1.440,0,-0.000,-0.000,-1.004,-0.000,-0.000,-0.585,0.000,0.000,-0.007,0.368,1.440,0.025,0.058,9.803,0.008,-0.008,0.005,1012.460,15.000,6.576,45.0000000,-122.0000000,6.600,0.000,0.000,0.000,8,00:00:00,-0.170,0.410,0.200
1.4600000000000009,0.0,1.460,0,-0.000,-0.000,-1.209,-0.000,-0.000,-0.781,-0.000,0.000,0.068,0.320,1.460,-0.009,0.054,9.878,-0.006,0.009,-0.008,1013.720,15.000,-3.910,45.0000000,-122.0000000,-3.940,0.000,0.000,0.000,8,00:00:00,0.210,-0.490,0.930
1.4800000000000009,0.0,1.480,0,-0.000,-0.000,-0.965,-0.000,-0.000,-0.519,-0.000,0.000,0.008,0.159,1.480,0.013,-0.024,9.818,-0.005,-0.002,-0.009,1012.710,15.000,4.494,45.0000000,-122.0000000,4.470,0.000,0.000,0.000,8,00:00:00,0.120,-1.090,0.010
1.5000000000000009,0.0,1.500,0,-0.000,-0.000,-1.015,-0.000,-0.000,-0.560,-0.000,-0.000,-0.071,0.466,1.500,0.018,0.077,9.739,-0.005,-0.006,0.005,1013.370,15.000,-0.998,45.0000000,-122.0000000,-0.980,0.000,0.000,0.000,8,00:00:00,-0.350,-0.030,0.120
1.520000000000001,0.0,1.520,0,-0.000,-0.000,-1.169,-0.000,-0.000,-0.699,0.000,0.000,0.053,0.517,1.520,-0.037,-0.081,9.862,0.010,0.000,-0.028,1013.620,15.000,-3.078,45.0000000,-122.0000000,-3.110,0.000,0.000,0.000,8,00:00:00,0.860,-0.040,-0.210
1.540000000000001,0.0,1.540,0,-0.000,-0.000,-1.341,-0.000,-0.000,-0.854,-0.000,0.000,-0.039,0.024,1.540,0.003,-0.003,9.771,0.016,0.003,-0.006,1013.680,15.000,-3.577,45.0000000,-122.0000000,-3.610,0.000,0.000,0.000,8,00:00:00,-0.380,-0.360,0.820
1.560000000000001,0.0,1.560,0,-0.000,-0.000,-1.676,-0.000,-0.000,-1.158,-0.000,0.000,0.004,0.363,1.560,0.043,-0.045,9.814,-0.005,-0.015,-0.014,1014.090,15.000,-6.987,45.0000000,-122.0000000,-6.960,0.000,0.000,0.000,8,00:00:00,0.030,-0.440,-0.010
1.580000000000001,0.0,1.580,0,-0.000,-0.000,-1.701,-0.000,-0.000,-1.159,0.000,-0.000,0.055,0.576,1.580,-0.029,0.095,9.864,0.006,-0.001,-0.003,1013.370,15.000,-0.998,45.0000000,-122.0000000,-1.010,0.000,0.000,0.000,8,00:00:00,0.600,0.460,0.700
1.600000000000001,0.0,1.600,0,-0.000,-0.000,-1.701,-0.000,-0.000,-1.136,0.000,0.000,0.073,0.139,1.600,-0.020,-0.013,9.883,0.001,0.001,-0.002,1013.310,15.000,-0.499,45.0000000,-122.0000000,-0.510,0.000,0.000,0.000,8,00:00:00,0.140,0.340,0.060
1.620000000000001,0.0,1.620,0,-0.000,-0.000,-1.486,-0.000,-0.000,-0.917,0.000,0.000,-0.054,0.489,1.620,-0.012,-0.082,9.755,-0.006,-0.000,0.003,1012.770,15.000,3.995,45.0000000,-122.0000000,4.010,0.000,0.000,0.000,8,00:00:00,0.200,0.690,-0.090
1.640000000000001,0.0,1.640,0,-0.000,-0.000,-1.535,-0.000,0.000,-0.945,-0.000,0.000,0.003,0.225,1.640,0.028,-0.027,9.812,-0.003,0.007,0.006,1013.420,15.000,-1.414,45.0000000,-122.0000000,-1.420,0.000,0.000,0.000,8,00:00:00,-0.330,-0.060,0.750
1.660000000000001,0.0,1.660,0,-0.000,-0.000,-0.877,-0.000,0.000,-0.334,0.000,0.000,0.013,0.370,1.660,0.024,0.059,9.823,-0.013,0.004,0.013,1011.610,15.000,13.655,45.0000000,-122.0000000,13.670,0.000,0.000,0.000,8,00:00:00,0.600,0.650,-0.890
1.680000000000001,0.0,1.680,0,-0.000,-0.000,-1.016,-0.000,0.000,-0.451,-0.000,0.000,0.037,0.488,1.680,0.084,-0.000,9.847,0.008,-0.007,0.003,1013.610,15.000,-2.995,45.0000000,-122.0000000,-3.010,0.000,0.000,0.000,8,00:00:00,-0.180,-0.860,-0.220
1.700000000000001,0.0,1.700,0,-0.000,-0.000,-0.723,-0.000,0.000,-0.185,-0.000,0.000,0.026,0.148,1.700,0.025,-0.004,9.836,-0.004,-0.013,0.010,1012.490,15.000,6.326,45.0000000,-122.0000000,6.320,0.000,0.000,0.000,8,00:00:00,0.360,0.510,-1.140
1.720000000000001,0.0,1.720,0,-0.000,-0.000,-0.588,-0.000,0.000,-0.065,0.000,-0.000,-0.018,0.268,1.720,0.044,-0.013,9.791,-0.010,-0.003,0.011,1012.880,15.000,3.079,45.0000000,-122.0000000,3.110,0.000,0.000,0.000,8,00:00:00,0.320,0.440,-0.210
1.740000000000001,0.0,1.740,0,-0.000,-0.000,-0.362,-0.000,0.000,0.133,-0.000,0.000,0.083,0.399,1.740,-0.021,0.066,9.893,-0.009,-0.011,-0.005,1012.620,15.000,5.243,45.0000000,-122.0000000,5.240,0.000,0.000,0.000,8,00:00:00,-0.880,-0.380,0.390
1.7600000000000011,0.0,1.760,0,-0.000,-0.000,-0.756,-0.000,0.000,-0.205,-0.000,-0.000,-0.032,0.383,1.760,-0.048,-0.045,9.778,0.002,0.006,0.001,1014.280,15.000,-8.567,45.0000000,-122.0000000,-8.550,0.000,0.000,0.000,8,00:00:00,0.210,-0.500,-0.040
1.7800000000000011,0.0,1.780,0,-0.000,-0.000,-0.603,-0.000,0.000,-0.075,-0.000,-0.000,-0.107,0.269,1.780,-0.034,-0.030,9.703,0.014,0.018,-0.003,1012.820,15.000,3.579,45.0000000,-122.0000000,3.590,0.000,0.000,0.000,8,00:00:00,0.520,0.450,0.380
1.8000000000000012,0.0,1.800,0,-0.000,-0.000,-0.592,-0.000,0.000,-0.064,0.000,0.000,0.058,0.277,1.800,0.016,0.045,9.868,0.003,-0.007,0.008,1013.200,15.000,0.416,45.0000000,-122.0000000,0.380,0.000,0.000,0.000,8,00:00:00,-0.990,0.520,-0.070
1.8200000000000012,0.0,1.820,0,-0.000,-0.000,-0.440,-0.000,0.000,0.061,0.000,-0.000,-0.107,0.210,1.820,-0.003,0.035,9.703,-0.021,0.007,-0.008,1012.800,15.000,3.745,45.0000000,-122.0000000,3.770,0.000,0.000,0.000,8,00:00:00,0.330,0.860,0.150
1.8400000000000012,0.0,1.840,0,-0.000,-0.000,-0.600,-0.000,0.000,-0.074,0.000,-0.000,-0.135,0.110,1.840,0.018,-0.005,9.675,0.002,-0.013,-0.008,1013.670,15.000,-3.494,45.0000000,-122.0000000,-3.510,0.000,0.000,0.000,8,00:00:00,-0.550,-0.350,1.970
1.8600000000000012,0.0,1.860,0,-0.000,-0.000,-0.702,-0.000,0.000,-0.156,-0.000,0.000,-0.062,0.335,1.860,-0.056,0.009,9.748,-0.011,0.004,-0.001,1013.520,15.000,-2.246,45.0000000,-122.0000000,-2.240,0.000,0.000,0.000,8,00:00:00,-0.280,-0.260,-1.010
1.8800000000000012,0.0,1.880,0,-0.000,-0.000,-0.506,-0.000,0.000,0.005,-0.000,-0.000,0.128,0.287,1.880,0.034,0.036,9.938,-0.004,-0.004,-0.003,1012.670,15.000,4.827,45.0000000,-122.0000000,4.870,0.000,0.000,0.000,8,00:00:00,-0.100,-0.170,-0.050
1.9000000000000012,0.0,1.900,0,-0.000,-0.000,-0.571,-0.000,0.000,-0.047,-0.000,0.000,-0.052,0.398,1.900,-0.003,0.068,9.758,0.009,-0.006,0.003,1013.410,15.000,-1.331,45.0000000,-122.0000000,-1.320,0.000,0.000,0.000,8,00:00:00,-0.200,-0.250,-0.050
1.9200000000000013,0.0,1.920,0,-0.000,-0.000,-0.406,-0.000,0.000,0.083,0.000,0.000,0.044,0.320,1.920,-0.054,-0.011,9.854,-0.002,-0.017,-0.004,1012.740,15.000,4.244,45.0000000,-122.0000000,4.230,0.000,0.000,0.000,8,00:00:00,-0.150,0.510,0.430
1.9400000000000013,0.0,1.940,0,-0.000,-0.000,-0.559,-0.000,-0.000,-0.036,-0.000,-0.000,0.009,0.137,1.940,0.015,0.018,9.819,-0.005,0.005,-0.019,1013.670,15.000,-3.494,45.0000000,-122.0000000,-3.520,0.000,0.000,0.000,8,00:00:00,-0.960,0.160,-0.270
1.9600000000000013,0.0,1.960,0,-0.000,-0.000,-0.826,-0.000,-0.000,-0.240,0.000,0.000,0.007,0.429,1.960,-0.073,-0.001,9.817,-0.007,-0.001,-0.008,1014.030,15.000,-6.488,45.0000000,-122.0000000,-6.470,0.000,0.000,0.000,8,00:00:00,0.410,0.030,-0.380
1.9800000000000013,0.0,1.980,0,-0.000,-0.000,-1.012,-0.000,-0.000,-0.377,0.000,-0.000,0.036,0.209,1.980,0.024,-0.027,9.846,0.006,-0.003,0.012,1013.810,15.000,-4.659,45.0000000,-122.0000000,-4.650,0.000,0.000,0.000,8,00:00:00,-0.350,0.010,0.190
2.0000000000000013,0.0,2.000,0,-0.000,-0.000,-1.227,-0.000,-0.000,-0.531,-0.000,-0.000,0.118,0.044,2.000,0.003,0.007,9.928,-0.004,0.003,-0.001,1013.920,15.000,-5.573,45.0000000,-122.0000000,-5.570,0.000,0.000,0.000,8,00:00:00,0.450,-0.560,0.070
2.0200000000000014,0.0,2.020,0,-0.000,-0.000,-1.319,-0.000,-0.000,-0.590,-0.000,-0.000,0.056,0.416,2.020,0.033,0.063,9.866,-0.024,0.004,0.009,1013.560,15.000,-2.579,45.0000000,-122.0000000,-2.620,0.000,0.000,0.000,8,00:00:00,0.470,-0.280,0.270
2.0400000000000014,0.0,2.040,0,-0.000,-0.000,-1.340,-0.000,-0.000,-0.597,0.000,-0.000,0.019,0.124,2.040,-0.020,0.008,9.829,0.003,-0.006,0.017,1013.350,15.000,-0.832,45.0000000,-122.0000000,-0.800,0.000,0.000,0.000,8,00:00:00,-0.500,0.060,0.490
2.0600000000000014,0.0,2.060,0,-0.000,-0.000,-1.370,-0.000,-0.000,-0.610,-0.000,0.000,0.021,0.226,2.060,0.006,-0.038,9.831,-0.008,0.005,0.011,1013.380,15.000,-1.082,45.0000000,-122.0000000,-1.100,0.000,0.000,0.000,8,00:00:00,-0.160,-0.670,0.110
2.0800000000000014,0.0,2.080,0,-0.000,-0.000,-1.440,-0.000,-0.000,-0.651,-0.000,-0.000,0.026,0.178,2.080,0.017,0.025,9.836,0.007,-0.006,-0.003,1013.510,15.000,-2.163,45.0000000,-122.0000000,-2.130,0.000,0.000,0.000,8,00:00:00,0.110,0.110,-0.580
2.1000000000000014,0.0,2.100,0,-0.000,-0.000,-1.595,-0.000,-0.000,-0.753,0.000,0.000,-0.041,0.464,2.100,-0.033,-0.072,9.768,-0.002,0.006,-0.015,1013.790,15.000,-4.492,45.0000000,-122.0000000,-4.480,0.000,0.000,0.000,8,00:00:00,0.170,-0.440,0.620
2.1200000000000014,0.0,2.120,0,-0.000,-0.000,-1.769,-0.000,-0.000,-0.866,-0.000,0.000,0.022,0.287,2.120,-0.040,0.028,9.831,0.002,-0.004,0.008,1013.870,15.000,-5.158,45.0000000,-122.0000000,-5.200,0.000,0.000,0.000,8,00:00:00,0.190,0.390,0.400
2.1400000000000015,0.0,2.140,0,-0.000,-0.000,-1.809,-0.000,-0.000,-0.882,0.000,0.000,0.002,0.927,2.140,-0.150,-0.053,9.811,0.005,-0.005,0.007,1013.450,15.000,-1.664,45.0000000,-122.0000000,-1.700,0.000,0.000,0.000,8,00:00:00,0.530,-0.690,0.580
2.1600000000000015,0.0,2.160,0,-0.000,-0.000,-1.984,-0.000,-0.000,-0.993,0.000,-0.000,-0.041,0.658,2.160,-0.065,0.091,9.769,0.004,-0.007,0.002,1013.900,15.000,-5.407,45.0000000,-122.0000000,-5.390,0.000,0.000,0.000,8,00:00:00,0.220,-0.330,-0.380
2.1800000000000015,0.0,2.180,0,-0.000,-0.000,-1.791,-0.000,-0.000,-0.843,0.000,0.000,0.098,0.318,2.180,-0.054,-0.010,9.907,-0.004,-0.006,0.004,1012.690,15.000,4.661,45.0000000,-122.0000000,4.640,0.000,0.000,0.000,8,00:00:00,0.200,0.160,0.100
2.2000000000000015,0.0,2.200,0,-0.000,-0.000,-1.942,-0.000,-0.000,-0.938,-0.000,-0.000,-0.086,0.422,2.200,-0.061,-0.037,9.724,0.012,-0.004,0.008,1013.830,15.000,-4.825,45.0000000,-122.0000000,-4.860,0.000,0.000,0.000,8,00:00:00,-0.340,0.540,0.290
2.2200000000000015,0.0,2.220,0,-0.000,-0.000,-2.086,-0.000,-0.000,-1.024,0.000,-0.000,-0.061,0.392,2.220,-0.031,0.059,9.748,-0.006,-0.011,-0.012,1013.820,15.000,-4.742,45.0000000,-122.0000000,-4.710,0.000,0.000,0.000,8,00:00:00,-0.160,0.360,-0.180
2.2400000000000015,0.0,2.240,0,-0.000,-0.000,-1.954,-0.000,-0.000,-0.921,-0.000,-0.000,-0.005,0.421,2.240,-0.061,-0.039,9.804,-0.007,-0.003,0.006,1012.890,15.000,2.996,45.0000000,-122.0000000,2.990,0.000,0.000,0.000,8,00:00:00,-0.680,-0.530,0.040
2.2600000000000016,0.0,2.260,0,-0.000,-0.000,-1.950,-0.000,-0.000,-0.905,0.000,0.000,0.027,0.041,2.260,-0.007,-0.001,9.837,-0.030,-0.002,0.011,1013.320,15.000,-0.582,45.0000000,-122.0000000,-0.620,0.000,0.000,0.000,8,00:00:00,-0.620,-0.360,0.350
2.2800000000000016,0.0,2.280,0,-0.000,-0.000,-1.980,-0.000,-0.000,-0.913,0.000,-0.000,0.013,0.273,2.280,-0.047,0.005,9.823,-0.004,0.010,-0.006,1013.440,15.000,-1.581,45.0000000,-122.0000000,-1.610,0.000,0.000,0.000,8,00:00:00,-0.270,0.330,1.160
2.3000000000000016,0.0,2.300,0,-0.000,-0.000,-1.987,-0.000,-0.000,-0.906,0.000,-0.000,0.009,0.414,2.300,-0.041,0.058,9.819,0.013,-0.003,0.012,1013.360,15.000,-0.915,45.0000000,-122.0000000,-0.880,0.000,0.000,0.000,8,00:00:00,0.610,0.470,-0.060
2.3200000000000016,0.0,2.320,0,-0.000,-0.000,-2.456,-0.000,-0.000,-1.199,-0.000,0.000,0.061,0.870,2.320,-0.020,0.149,9.870,-0.014,0.005,0.001,1015.000,15.000,-14.551,45.0000000,-122.0000000,-14.600,0.000,0.000,0.000,8,00:00:00,0.580,-0.090,0.280
2.3400000000000016,0.0,2.340,0,-0.000,-0.000,-2.537,-0.000,-0.000,-1.236,0.000,0.000,0.019,0.319,2.340,-0.054,-0.007,9.829,-0.009,-0.001,0.008,1013.660,15.000,-3.411,45.0000000,-122.0000000,-3.410,0.000,0.000,0.000,8,00:00:00,0.150,-0.730,-0.490
2.3600000000000017,0.0,2.360,0,-0.000,-0.000,-2.609,-0.000,-0.000,-1.266,0.000,0.000,0.013,0.202,2.360,0.023,0.026,9.823,-0.011,0.007,0.004,1013.640,15.000,-3.245,45.0000000,-122.0000000,-3.280,0.000,0.000,0.000,8,00:00:00,-0.530,-0.090,0.390
2.3800000000000017,0.0,2.380,0,-0.000,-0.000,-2.412,-0.000,-0.000,-1.125,-0.000,0.000,-0.055,0.752,2.380,-0.126,0.024,9.754,-0.004,-0.002,-0.001,1012.670,15.000,4.827,45.0000000,-122.0000000,4.810,0.000,0.000,0.000,8,00:00:00,0.370,0.070,0.080
2.4000000000000017,0.0,2.400,0,-0.000,-0.000,-2.546,-0.000,-0.000,-1.197,-0.000,-0.000,-0.070,0.332,2.400,0.053,0.018,9.739,0.007,0.004,0.001,1013.860,15.000,-5.074,45.0000000,-122.0000000,-5.090,0.000,0.000,0.000,8,00:00:00,0.240,-0.640,0.040
2.4200000000000017,0.0,2.420,0,-0.000,-0.000,-2.565,-0.000,-0.000,-1.193,0.000,0.000,0.045,0.719,2.420,0.019,0.122,9.855,0.002,-0.024,0.015,1013.450,15.000,-1.664,45.0000000,-122.0000000,-1.660,0.000,0.000,0.000,8,00:00:00,-0.290,0.270,-0.360
2.4400000000000017,0.0,2.440,0,-0.000,-0.000,-2.398,-0.000,-0.000,-1.074,-0.000,-0.000,0.004,0.340,2.440,0.040,0.043,9.814,0.013,0.010,-0.001,1012.760,15.000,4.078,45.0000000,-122.0000000,4.110,0.000,0.000,0.000,8,00:00:00,-0.240,-0.390,-0.010
2.4600000000000017,0.0,2.460,0,-0.000,-0.000,-2.357,-0.000,-0.000,-1.035,-0.000,-0.000,0.047,0.315,2.460,-0.053,-0.009,9.857,0.002,0.005,0.003,1013.220,15.000,0.250,45.0000000,-122.0000000,0.280,0.000,0.000,0.000,8,00:00:00,-0.200,0.470,0.250
2.4800000000000018,0.0,2.480,0,-0.000,-0.000,-2.080,-0.000,-0.000,-0.851,-0.000,-0.000,0.010,0.421,2.480,0.004,0.072,9.820,-0.001,-0.007,-0.000,1012.320,15.000,7.741,45.0000000,-122.0000000,7.760,0.000,0.000,0.000,8,00:00:00,-0.240,-0.520,0.040
2.5000000000000018,0.0,2.500,0,-0.000,-0.000,-1.973,-0.000,-0.000,-0.774,-0.000,-0.000,0.073,0.922,2.500,0.158,0.022,9.882,-0.006,-0.021,0.015,1012.940,15.000,2.580,45.0000000,-122.0000000,2.580,0.000,0.000,0.000,8,00:00:00,0.070,-0.240,-0.220
2.520000000000002,0.0,2.520,0,-0.000,-0.000,-1.782,-0.000,-0.000,-0.648,0.000,-0.000,0.052,0.319,2.520,0.031,-0.045,9.862,-0.005,-0.005,-0.003,1012.610,15.000,5.327,45.0000000,-122.0000000,5.300,0.000,0.000,0.000,8,00:00:00,0.190,-0.470,-0.300
2.540000000000002,0.0,2.540,0,-0.000,-0.000,-1.729,-0.000,-0.000,-0.608,-0.000,-0.000,0.021,0.485,2.540,0.047,0.069,9.830,0.004,0.009,-0.001,1013.120,15.000,1.082,45.0000000,-122.0000000,1.090,0.000,0.000,0.000,8,00:00:00,0.430,-0.050,0.490
2.560000000000002,0.0,2.560,0,-0.000,-0.000,-1.579,-0.000,-0.000,-0.512,-0.000,0.000,-0.008,0.292,2.560,0.050,-0.002,9.801,0.012,-0.002,-0.015,1012.740,15.000,4.244,45.0000000,-122.0000000,4.210,0.000,0.000,0.000,8,00:00:00,-0.050,-0.310,-0.240
2.580000000000002,0.0,2.580,0,-0.000,-0.000,-1.357,-0.000,-0.000,-0.373,0.000,-0.000,0.045,0.222,2.580,0.031,-0.022,9.854,0.002,-0.006,0.000,1012.440,15.000,6.742,45.0000000,-122.0000000,6.750,0.000,0.000,0.000,8,00:00:00,-0.540,1.300,0.180
2.600000000000002,0.0,2.600,0,-0.000,-0.000,-1.363,-0.000,-0.000,-0.373,0.000,-0.000,-0.023,0.401,2.600,-0.054,0.042,9.787,-0.017,-0.009,0.001,1013.320,15.000,-0.582,45.0000000,-122.0000000,-0.620,0.000,0.000,0.000,8,00:00:00,0.050,-0.180,0.510
2.620000000000002,0.0,2.620,0,-0.000,-0.000,-1.312,-0.000,-0.000,-0.338,0.000,0.000,0.010,0.339,2.620,-0.003,-0.058,9.820,-0.000,-0.004,0.004,1013.090,15.000,1.331,45.0000000,-122.0000000,1.370,0.000,0.000,0.000,8,00:00:00,0.260,0.930,-0.090
2.640000000000002,0.0,2.640,0,-0.000,-0.000,-1.374,-0.000,-0.000,-0.371,0.000,-0.000,-0.018,0.655,2.640,0.103,-0.044,9.792,-0.014,-0.004,-0.021,1013.540,15.000,-2.413,45.0000000,-122.0000000,-2.390,0.000,0.000,0.000,8,00:00:00,-1.090,-0.250,-0.650
2.660000000000002,0.0,2.660,0,-0.000,-0.000,-1.362,-0.000,-0.000,-0.362,-0.000,0.000,-0.093,0.618,2.660,0.073,-0.075,9.716,0.000,-0.008,0.007,1013.250,15.000,0.000,45.0000000,-122.0000000,0.040,0.000,0.000,0.000,8,00:00:00,-0.040,0.130,-0.340
2.680000000000002,0.0,2.680,0,-0.000,-0.000,-1.455,-0.000,-0.000,-0.412,0.000,-0.000,-0.050,0.165,2.680,-0.027,0.006,9.760,0.006,0.011,0.001,1013.670,15.000,-3.494,45.0000000,-122.0000000,-3.460,0.000,0.000,0.000,8,00:00:00,-0.190,-0.060,-0.130
2.700000000000002,0.0,2.700,0,-0.000,-0.000,-1.523,-0.000,-0.000,-0.446,-0.000,-0.000,-0.021,0.217,2.700,-0.021,-0.031,9.789,0.012,0.009,0.012,1013.580,15.000,-2.746,45.0000000,-122.0000000,-2.710,0.000,0.000,0.000,8,00:00:00,-0.160,-0.500,-0.290
2.720000000000002,0.0,2.720,0,-0.000,-0.000,-1.278,-0.000,-0.000,-0.301,0.000,-0.000,0.095,0.342,2.720,0.057,-0.017,9.905,0.005,-0.002,0.007,1012.300,15.000,7.908,45.0000000,-122.0000000,7.930,0.000,0.000,0.000,8,00:00:00,-1.070,-0.140,0.660
2.740000000000002,0.0,2.740,0,-0.000,-0.000,-1.174,0.000,-0.000,-0.239,0.000,-0.000,0.039,0.375,2.740,-0.059,0.027,9.849,-0.015,-0.010,0.006,1012.860,15.000,3.246,45.0000000,-122.0000000,3.210,0.000,0.000,0.000,8,00:00:00,-0.340,-0.290,-0.320
2.760000000000002,0.0,2.760,0,-0.000,-0.000,-1.128,0.000,-0.000,-0.209,0.000,-0.000,0.080,0.138,2.760,0.021,-0.011,9.890,-0.001,-0.002,-0.008,1013.090,15.000,1.331,45.0000000,-122.0000000,1.310,0.000,0.000,0.000,8,00:00:00,0.450,-0.160,-0.080
2.780000000000002,0.0,2.780,0,-0.000,-0.000,-1.095,0.000,-0.000,-0.186,-0.000,-0.000,0.123,0.231,2.780,-0.025,-0.031,9.933,-0.014,0.004,0.021,1013.140,15.000,0.915,45.0000000,-122.0000000,0.890,0.000,0.000,0.000,8,00:00:00,0.590,0.280,-0.200
2.800000000000002,0.0,2.800,0,-0.000,-0.000,-1.035,-0.000,-0.000,-0.150,-0.000,0.000,0.011,0.489,2.800,0.081,-0.020,9.821,-0.003,-0.002,-0.008,1013.020,15.000,1.914,45.0000000,-122.0000000,1.920,0.000,0.000,0.000,8,00:00:00,-0.050,0.080,-0.740
2.820000000000002,0.0,2.820,0,-0.000,-0.000,-1.131,0.000,-0.000,-0.202,0.000,-0.000,-0.044,0.324,2.820,-0.050,0.024,9.766,0.011,0.013,-0.012,1013.680,15.000,-3.577,45.0000000,-122.0000000,-3.550,0.000,0.000,0.000,8,00:00:00,1.070,0.560,0.500
2.840000000000002,0.0,2.840,0,-0.000,-0.000,-1.231,0.000,-0.000,-0.255,0.000,-0.000,-0.029,0.788,2.840,-0.047,0.126,9.780,-0.005,0.004,-0.001,1013.710,15.000,-3.827,45.0000000,-122.0000000,-3.870,0.000,0.000,0.000,8,00:00:00,1.010,-0.060,-0.460
2.860000000000002,0.0,2.860,0,-0.000,-0.000,-1.209,0.000,-0.000,-0.240,0.000,-0.000,-0.018,0.418,2.860,-0.043,0.057,9.792,0.001,-0.002,0.005,1013.190,15.000,0.499,45.0000000,-122.0000000,0.530,0.000,0.000,0.000,8,00:00:00,0.300,-0.560,-0.350
2.880000000000002,0.0,2.880,0,-0.000,-0.000,-1.424,0.000,-0.000,-0.353,0.000,-0.000,-0.006,0.303,2.880,0.011,-0.051,9.804,0.005,-0.000,-0.019,1014.220,15.000,-8.068,45.0000000,-122.0000000,-8.040,0.000,0.000,0.000,8,00:00:00,0.370,0.370,-0.040
2.900000000000002,0.0,2.900,0,-0.000,-0.000,-1.437,-0.000,-0.000,-0.357,-0.000,-0.000,-0.042,0.193,2.900,0.028,0.017,9.768,-0.008,0.007,0.019,1013.360,15.000,-0.915,45.0000000,-122.0000000,-0.900,0.000,0.000,0.000,8,00:00:00,0.380,-0.290,0.210
2.920000000000002,0.0,2.920,0,-0.000,-0.000,-1.264,-0.000,-0.000,-0.261,-0.000,0.000,0.020,0.216,2.920,-0.026,0.026,9.829,0.004,0.000,0.004,1012.540,15.000,5.909,45.0000000,-122.0000000,5.870,0.000,0.000,0.000,8,00:00:00,-0.160,0.320,-0.140
2.940000000000002,0.0,2.940,0,-0.000,-0.000,-1.447,-0.000,-0.000,-0.355,0.000,0.000,-0.013,0.250,2.940,-0.042,-0.007,9.797,-0.009,0.005,0.006,1014.100,15.000,-7.070,45.0000000,-122.0000000,-7.070,0.000,0.000,0.000,8,00:00:00,-0.040,-0.130,0.440
2.960000000000002,0.0,2.960,0,-0.000,-0.000,-1.397,-0.000,-0.000,-0.326,-0.000,0.000,-0.029,0.017,2.960,-0.002,0.002,9.780,-0.009,0.002,-0.004,1013.080,15.000,1.415,45.0000000,-122.0000000,1.450,0.000,0.000,0.000,8,00:00:00,0.920,0.670,0.330
2.980000000000002,0.0,2.980,0,-0.000,-0.000,-1.402,-0.000,-0.000,-0.325,-0.000,0.000,0.003,0.387,2.980,0.001,-0.066,9.813,0.017,0.000,-0.016,1013.320,15.000,-0.582,45.0000000,-122.0000000,-0.600,0.000,0.000,0.000,8,00:00:00,0.090,0.370,-0.670
3.000000000000002,0.0,3.000,0,-0.000,-0.000,-1.275,-0.000,-0.000,-0.255,0.000,0.000,0.040,0.468,3.000,-0.074,-0.032,9.849,-0.002,0.005,-0.003,1012.730,15.000,4.328,45.0000000,-122.0000000,4.360,0.000,0.000,0.000,8,00:00:00,-0.150,-0.130,0.510
3.0200000000000022,0.0,3.020,0,-0.000,-0.000,-1.425,-0.000,-0.000,-0.330,0.000,0.000,-0.022,0.360,3.020,0.053,0.030,9.788,-0.010,-0.010,-0.009,1013.970,15.000,-5.989,45.0000000,-122.0000000,-5.970,0.000,0.000,0.000,8,00:00:00,-0.660,-0.700,0.380
3.0400000000000023,0.0,3.040,0,-0.000,-0.000,-1.387,-0.000,-0.000,-0.307,-0.000,0.000,0.011,0.628,3.040,0.101,-0.038,9.820,0.007,-0.005,0.002,1013.130,15.000,0.999,45.0000000,-122.0000000,0.990,0.000,0.000,0.000,8,00:00:00,-0.700,-0.540,0.400
3.0600000000000023,0.0,3.060,0,-0.000,-0.000,-1.470,-0.000,-0.000,-0.345,-0.000,-0.000,0.052,0.458,3.060,0.016,0.077,9.862,-0.003,-0.008,0.013,1013.680,15.000,-3.577,45.0000000,-122.0000000,-3.590,0.000,0.000,0.000,8,00:00:00,0.730,-0.180,0.060
3.0800000000000023,0.0,3.080,0,-0.000,-0.000,-1.467,-0.000,-0.000,-0.342,-0.000,0.000,-0.084,0.395,3.080,-0.058,0.034,9.726,-0.003,-0.013,0.004,1013.290,15.000,-0.333,45.0000000,-122.0000000,-0.350,0.000,0.000,0.000,8,00:00:00,0.070,-0.300,0.200
3.1000000000000023,0.0,3.100,0,-0.000,-0.000,-1.431,-0.000,-0.000,-0.318,0.000,0.000,0.122,0.418,3.100,0.013,0.071,9.931,-0.002,-0.020,0.008,1013.140,15.000,0.915,45.0000000,-122.0000000,0.930,0.000,0.000,0.000,8,00:00:00,-0.730,0.830,-0.090
3.1200000000000023,0.0,3.120,0,-0.000,-0.000,-1.518,-0.000,-0.000,-0.358,0.000,-0.000,0.036,0.286,3.120,-0.019,0.045,9.846,-0.007,0.017,-0.008,1013.710,15.000,-3.827,45.0000000,-122.0000000,-3.830,0.000,0.000,0.000,8,00:00:00,0.610,0.710,-0.290
3.1400000000000023,0.0,3.140,0,-0.000,-0.000,-1.410,-0.000,-0.000,-0.301,0.000,-0.000,-0.037,0.274,3.140,-0.042,0.021,9.773,0.003,0.019,0.009,1012.800,15.000,3.745,45.0000000,-122.0000000,3.750,0.000,0.000,0.000,8,00:00:00,1.690,-0.140,-0.010
3.1600000000000024,0.0,3.160,0,-0.000,-0.000,-1.441,-0.000,-0.000,-0.310,-0.000,-0.000,0.181,0.438,3.160,-0.001,-0.076,9.991,-0.017,-0.006,0.015,1013.450,15.000,-1.664,45.0000000,-122.0000000,-1.650,0.000,0.000,0.000,8,00:00:00,0.240,-1.080,0.430
3.1800000000000024,0.0,3.180,0,-0.000,-0.000,-1.316,-0.000,-0.000,-0.246,0.000,-0.000,-0.057,0.180,3.180,0.030,-0.005,9.753,-0.012,0.006,-0.007,1012.710,15.000,4.494,45.0000000,-122.0000000,4.530,0.000,0.000,0.000,8,00:00:00,0.090,-0.290,0.630
3.2000000000000024,0.0,3.200,0,-0.000,-0.000,-1.453,-0.000,-0.000,-0.312,-0.000,-0.000,-0.048,0.303,3.200,-0.051,-0.011,9.762,-0.001,-0.003,0.004,1013.950,15.000,-5.823,45.0000000,-122.0000000,-5.840,0.000,0.000,0.000,8,00:00:00,-0.640,-0.080,0.370
3.2200000000000024,0.0,3.220,0,-0.000,-0.000,-1.315,-0.000,-0.000,-0.242,0.000,-0.000,-0.052,0.278,3.220,0.047,-0.003,9.758,-0.000,-0.007,0.001,1012.640,15.000,5.077,45.0000000,-122.0000000,5.050,0.000,0.000,0.000,8,00:00:00,0.640,0.120,-0.060
3.2400000000000024,0.0,3.240,0,-0.000,-0.000,-1.338,-0.000,-0.000,-0.250,-0.000,-0.000,0.096,0.408,3.240,-0.055,-0.044,9.906,0.013,-0.017,0.022,1013.410,15.000,-1.331,45.0000000,-122.0000000,-1.340,0.000,0.000,0.000,8,00:00:00,-0.300,-0.040,0.540
3.2600000000000025,0.0,3.260,0,-0.000,-0.000,-1.337,-0.000,-0.000,-0.246,0.000,0.000,0.017,0.418,3.260,0.072,0.001,9.827,-0.011,0.005,-0.005,1013.290,15.000,-0.333,45.0000000,-122.0000000,-0.330,0.000,0.000,0.000,8,00:00:00,-0.480,0.360,-0.340
3.2800000000000025,0.0,3.280,0,-0.000,-0.000,-1.350,-0.000,-0.000,-0.250,-0.000,-0.000,-0.008,0.303,3.280,-0.046,-0.024,9.802,0.017,0.005,-0.007,1013.360,15.000,-0.915,45.0000000,-122.0000000,-0.900,0.000,0.000,0.000,8,00:00:00,-0.790,0.020,0.700
3.3000000000000025,0.0,3.300,0,-0.000,-0.000,-1.287,-0.000,-0.000,-0.216,0.000,-0.000,0.058,0.605,3.300,-0.102,0.023,9.867,0.018,-0.011,0.008,1012.990,15.000,2.164,45.0000000,-122.0000000,2.170,0.000,0.000,0.000,8,00:00:00,-0.920,0.140,0.350
3.3200000000000025,0.0,3.320,0,-0.000,-0.000,-1.343,-0.000,-0.000,-0.240,0.000,0.000,0.072,0.284,3.320,0.031,0.038,9.882,0.022,0.006,0.020,1013.570,15.000,-2.662,45.0000000,-122.0000000,-2.630,0.000,0.000,0.000,8,00:00:00,0.290,-0.520,0.520
3.3400000000000025,0.0,3.340,0,-0.000,-0.000,-1.388,-0.000,-0.000,-0.259,0.000,-0.000,-0.012,0.636,3.340,0.109,-0.000,9.798,-0.005,-0.017,0.007,1013.520,15.000,-2.246,45.0000000,-122.0000000,-2.250,0.000,0.000,0.000,8,00:00:00,-0.170,-0.690,0.340
3.3600000000000025,0.0,3.360,0,-0.000,-0.000,-1.435,-0.000,-0.000,-0.277,-0.000,0.000,0.075,0.287,3.360,0.021,-0.045,9.885,0.002,-0.003,-0.013,1013.540,15.000,-2.413,45.0000000,-122.0000000,-2.410,0.000,0.000,0.000,8,00:00:00,0.030,-0.340,-0.810
3.3800000000000026,0.0,3.380,0,-0.000,-0.000,-1.452,-0.000,-0.000,-0.283,0.000,0.000,-0.013,0.391,3.380,0.061,0.026,9.797,-0.004,-0.012,0.017,1013.390,15.000,-1.165,45.0000000,-122.0000000,-1.180,0.000,0.000,0.000,8,00:00:00,-0.050,0.630,0.390
3.4000000000000026,0.0,3.400,0,-0.000,-0.000,-1.421,-0.000,-0.000,-0.268,-0.000,-0.000,-0.091,0.199,3.400,0.000,0.034,9.719,-0.010,-0.023,-0.005,1013.150,15.000,0.832,45.0000000,-122.0000000,0.840,0.000,0.000,0.000,8,00:00:00,0.760,0.410,0.560
3.4200000000000026,0.0,3.420,0,-0.000,-0.000,-1.302,-0.000,-0.000,-0.209,-0.000,-0.000,0.021,0.183,3.420,0.030,0.011,9.831,-0.010,-0.007,-0.001,1012.700,15.000,4.577,45.0000000,-122.0000000,4.570,0.000,0.000,0.000,8,00:00:00,0.570,0.360,-0.000
3.4400000000000026,0.0,3.440,0,-0.000,-0.000,-1.327,-0.000,-0.000,-0.218,0.000,0.000,0.036,0.565,3.440,0.057,0.079,9.846,-0.013,0.012,-0.001,1013.420,15.000,-1.414,45.0000000,-122.0000000,-1.450,0.000,0.000,0.000,8,00:00:00,0.370,0.590,-0.290
3.4600000000000026,0.0,3.460,0,-0.000,-0.000,-1.226,-0.000,-0.000,-0.169,0.000,-0.000,0.025,0.476,3.460,0.014,-0.081,9.834,-0.012,0.000,-0.003,1012.780,15.000,3.912,45.0000000,-122.0000000,3.940,0.000,0.000,0.000,8,00:00:00,-0.240,-0.220,0.720
3.4800000000000026,0.0,3.480,0,-0.000,-0.000,-1.249,-0.000,-0.000,-0.178,-0.000,0.000,-0.019,0.301,3.480,0.001,-0.051,9.791,0.000,0.003,0.005,1013.410,15.000,-1.331,45.0000000,-122.0000000,-1.300,0.000,0.000,0.000,8,00:00:00,-0.330,0.320,0.250
3.5000000000000027,0.0,3.500,0,-0.000,-0.000,-1.382,-0.000,-0.000,-0.238,0.000,0.000,-0.022,0.239,3.500,0.036,0.019,9.788,-0.000,-0.009,0.000,1013.980,15.000,-6.072,45.0000000,-122.0000000,-6.070,0.000,0.000,0.000,8,00:00:00,-0.230,-0.150,-0.510
3.5200000000000027,0.0,3.520,0,-0.000,-0.000,-1.324,-0.000,-0.000,-0.209,0.000,-0.000,0.014,0.264,3.520,-0.037,0.026,9.823,0.006,-0.020,-0.000,1013.000,15.000,2.080,45.0000000,-122.0000000,2.070,0.000,0.000,0.000,8,00:00:00,0.230,0.020,0.580
3.5400000000000027,0.0,3.540,0,-0.000,-0.000,-1.295,-0.000,-0.000,-0.195,-0.000,-0.000,-0.017,0.791,3.540,-0.133,-0.023,9.792,0.011,-0.003,0.015,1013.150,15.000,0.832,45.0000000,-122.0000000,0.840,0.000,0.000,0.000,8,00:00:00,-0.180,0.580,-1.000
3.5600000000000027,0.0,3.560,0,-0.000,-0.000,-1.272,-0.000,-0.000,-0.182,-0.000,-0.000,-0.026,0.260,3.560,-0.044,-0.008,9.784,-0.008,-0.008,-0.002,1013.170,15.000,0.666,45.0000000,-122.0000000,0.680,0.000,0.000,0.000,8,00:00:00,0.590,-0.050,0.190
3.5800000000000027,0.0,3.580,0,-0.000,-0.000,-1.137,-0.000,-0.000,-0.119,0.000,0.000,0.030,0.325,3.580,0.040,0.038,9.840,0.005,-0.014,-0.000,1012.580,15.000,5.576,45.0000000,-122.0000000,5.590,0.000,0.000,0.000,8,00:00:00,0.030,0.140,0.490
3.6000000000000028,0.0,3.600,0,-0.000,-0.000,-1.267,-0.000,-0.000,-0.178,-0.000,0.000,-0.024,0.439,3.600,0.075,-0.002,9.785,0.005,-0.000,0.012,1013.980,15.000,-6.072,45.0000000,-122.0000000,-6.090,0.000,0.000,0.000,8,00:00:00,0.190,-0.320,0.770
3.6200000000000028,0.0,3.620,0,-0.000,-0.000,-1.280,-0.000,-0.000,-0.181,0.000,0.000,0.032,0.388,3.620,0.060,0.029,9.841,-0.009,0.014,0.021,1013.360,15.000,-0.915,45.0000000,-122.0000000,-0.940,0.000,0.000,0.000,8,00:00:00,-0.120,0.090,0.420
3.640000000000003,0.0,3.640,0,-0.000,-0.000,-1.307,-0.000,-0.000,-0.191,-0.000,-0.000,0.029,0.293,3.640,-0.004,-0.050,9.839,-0.004,0.020,0.003,1013.440,15.000,-1.581,45.0000000,-122.0000000,-1.590,0.000,0.000,0.000,8,00:00:00,0.450,0.010,-0.460
3.660000000000003,0.0,3.660,0,-0.000,-0.000,-1.398,-0.000,-0.000,-0.229,0.000,-0.000,0.032,0.168,3.660,-0.028,0.006,9.842,0.001,-0.003,-0.007,1013.790,15.000,-4.492,45.0000000,-122.0000000,-4.510,0.000,0.000,0.000,8,00:00:00,0.150,0.050,-1.070
3.680000000000003,0.0,3.680,0,-0.000,-0.000,-1.368,-0.000,0.000,-0.216,-0.000,0.000,-0.124,0.047,3.680,-0.006,0.005,9.686,0.008,0.002,-0.002,1013.140,15.000,0.915,45.0000000,-122.0000000,0.900,0.000,0.000,0.000,8,00:00:00,-0.260,0.190,-0.110
3.700000000000003,0.0,3.700,0,-0.000,-0.000,-1.388,-0.000,0.000,-0.224,0.000,-0.000,-0.039,0.806,3.700,-0.138,0.002,9.770,0.007,0.014,-0.007,1013.410,15.000,-1.331,45.0000000,-122.0000000,-1.330,0.000,0.000,0.000,8,00:00:00,-0.350,0.030,-0.210
3.720000000000003,0.0,3.720,0,-0.000,-0.000,-1.316,-0.000,0.000,-0.190,0.000,0.000,0.008,0.340,3.720,0.013,0.057,9.818,0.003,-0.006,-0.006,1012.910,15.000,2.829,45.0000000,-122.0000000,2.860,0.000,0.000,0.000,8,00:00:00,0.020,-0.360,-0.710
3.740000000000003,0.0,3.740,0,-0.000,-0.000,-1.357,-0.000,0.000,-0.207,-0.000,0.000,-0.033,0.475,3.740,0.028,-0.076,9.776,-0.011,-0.001,-0.010,1013.520,15.000,-2.246,45.0000000,-122.0000000,-2.230,0.000,0.000,0.000,8,00:00:00,-0.460,0.620,-0.590
3.760000000000003,0.0,3.760,0,-0.000,-0.000,-1.462,-0.000,0.000,-0.250,0.000,0.000,0.014,0.288,3.760,0.035,0.035,9.824,0.020,-0.013,-0.009,1013.880,15.000,-5.241,45.0000000,-122.0000000,-5.270,0.000,0.000,0.000,8,00:00:00,-0.010,0.080,-0.300
3.780000000000003,0.0,3.780,0,-0.000,-0.000,-1.613,-0.000,0.000,-0.314,0.000,0.000,0.032,0.502,3.780,0.062,0.059,9.841,-0.005,-0.009,-0.004,1014.150,15.000,-7.486,45.0000000,-122.0000000,-7.520,0.000,0.000,0.000,8,00:00:00,0.430,-0.130,-0.060
3.800000000000003,0.0,3.800,0,-0.000,-0.000,-1.606,-0.000,0.000,-0.307,0.000,-0.000,0.050,0.373,3.800,0.042,-0.049,9.860,-0.005,-0.008,-0.000,1013.280,15.000,-0.250,45.0000000,-122.0000000,-0.250,0.000,0.000,0.000,8,00:00:00,0.380,-0.910,-0.040
3.820000000000003,0.0,3.820,0,-0.000,-0.000,-1.812,-0.000,0.000,-0.394,-0.000,-0.000,-0.045,0.453,3.820,-0.032,-0.070,9.765,0.003,0.007,0.003,1014.470,15.000,-10.146,45.0000000,-122.0000000,-10.120,0.000,0.000,0.000,8,00:00:00,0.420,-0.070,-0.100
3.840000000000003,0.0,3.840,0,-0.000,-0.000,-1.667,-0.000,0.000,-0.326,0.000,-0.000,0.087,0.510,3.840,0.025,-0.085,9.896,0.002,0.013,-0.012,1012.520,15.000,6.076,45.0000000,-122.0000000,6.050,0.000,0.000,0.000,8,00:00:00,-0.690,-0.110,0.210
3.860000000000003,0.0,3.860,0,-0.000,-0.000,-1.744,-0.000,0.000,-0.356,0.000,-0.000,0.010,0.310,3.860,-0.050,0.017,9.820,-0.001,0.011,-0.021,1013.760,15.000,-4.243,45.0000000,-122.0000000,-4.210,0.000,0.000,0.000,8,00:00:00,-0.160,0.190,-0.890
3.880000000000003,0.0,3.880,0,-0.000,-0.000,-1.890,-0.000,0.000,-0.416,0.000,0.000,-0.014,0.290,3.880,-0.013,-0.048,9.796,0.007,0.014,0.002,1014.160,15.000,-7.569,45.0000000,-122.0000000,-7.610,0.000,0.000,0.000,8,00:00:00,0.610,-0.320,-0.120
3.900000000000003,0.0,3.900,0,-0.000,-0.000,-1.895,-0.000,0.000,-0.416,0.000,-0.000,-0.036,0.060,3.900,0.009,-0.006,9.774,0.010,-0.003,-0.001,1013.370,15.000,-0.998,45.0000000,-122.0000000,-1.030,0.000,0.000,0.000,8,00:00:00,0.270,0.160,0.390
3.920000000000003,0.0,3.920,0,-0.000,-0.000,-1.874,-0.000,0.000,-0.401,-0.000,-0.000,0.088,0.475,3.920,0.076,0.030,9.897,0.004,0.002,-0.002,1013.220,15.000,0.250,45.0000000,-122.0000000,0.240,0.000,0.000,0.000,8,00:00:00,0.170,0.740,-0.410
3.940000000000003,0.0,3.940,0,-0.000,-0.000,-1.841,-0.000,0.000,-0.385,-0.000,0.000,-0.046,0.131,3.940,0.017,-0.015,9.764,-0.013,0.003,-0.008,1013.150,15.000,0.832,45.0000000,-122.0000000,0.820,0.000,0.000,0.000,8,00:00:00,0.470,1.140,-0.330
3.960000000000003,0.0,3.960,0,-0.000,-0.000,-1.824,-0.000,0.000,-0.376,-0.000,-0.000,-0.069,0.184,3.960,0.029,0.013,9.741,0.004,-0.005,0.004,1013.240,15.000,0.083,45.0000000,-122.0000000,0.080,0.000,0.000,0.000,8,00:00:00,-0.240,-0.920,-0.870
3.980000000000003,0.0,3.980,0,-0.000,-0.000,-1.660,-0.000,0.000,-0.304,0.000,-0.000,-0.000,0.643,3.980,-0.031,0.106,9.809,0.009,0.008,-0.012,1012.390,15.000,7.158,45.0000000,-122.0000000,7.190,0.000,0.000,0.000,8,00:00:00,-0.260,0.630,-0.010
4.000000000000003,0.0,4.000,0,-0.000,0.000,-1.677,-0.000,0.000,-0.307,-0.000,0.000,0.038,0.453,4.000,-0.034,0.070,9.847,0.005,0.004,-0.006,1013.420,15.000,-1.414,45.0000000,-122.0000000,-1.420,0.000,0.000,0.000,8,00:00:00,0.720,-0.620,-0.260
4.020000000000002,0.0,4.020,0,-0.000,0.000,-1.612,-0.000,0.000,-0.277,-0.000,-0.000,0.026,0.260,4.019,0.028,0.035,9.836,-0.013,-0.004,-0.002,1012.950,15.000,2.497,45.0000000,-122.0000000,2.540,0.000,0.000,0.000,8,00:00:00,0.430,-0.750,0.250
4.040000000000002,0.0,4.040,0,-0.000,0.000,-1.603,-0.000,0.000,-0.272,0.000,0.000,-0.044,0.360,4.040,-0.057,-0.024,9.766,0.020,0.006,-0.025,1013.270,15.000,-0.166,45.0000000,-122.0000000,-0.190,0.000,0.000,0.000,8,00:00:00,0.070,0.620,0.200
4.060000000000001,0.0,4.060,0,-0.000,0.000,-1.464,-0.000,0.000,-0.211,0.000,0.000,0.016,0.364,4.059,-0.055,-0.030,9.826,-0.001,-0.005,-0.006,1012.500,15.000,6.242,45.0000000,-122.0000000,6.280,0.000,0.000,0.000,8,00:00:00,-0.370,-0.250,0.390
4.080000000000001,0.0,4.080,0,-0.000,0.000,-1.538,-0.000,0.000,-0.240,0.000,-0.000,0.037,0.592,4.080,0.073,-0.071,9.846,0.018,0.003,-0.000,1013.750,15.000,-4.160,45.0000000,-122.0000000,-4.140,0.000,0.000,0.000,8,00:00:00,-0.290,0.760,-0.570
4.1000000000000005,0.0,4.100,0,-0.000,0.000,-1.425,-0.000,0.000,-0.190,-0.000,0.000,0.069,0.387,4.100,0.001,-0.067,9.879,-0.008,0.000,0.016,1012.650,15.000,4.994,45.0000000,-122.0000000,5.020,0.000,0.000,0.000,8,00:00:00,0.290,-0.300,0.720
4.12,0.0,4.120,0,-0.000,0.000,-1.429,-0.000,0.000,-0.188,-0.000,-0.000,0.089,0.654,4.120,0.112,0.015,9.898,-0.006,-0.017,0.017,1013.330,15.000,-0.666,45.0000000,-122.0000000,-0.670,0.000,0.000,0.000,8,00:00:00,-0.620,-0.090,0.920
4.14,0.0,4.140,0,-0.000,0.000,-1.615,-0.000,0.000,-0.262,-0.000,-0.000,0.062,0.811,4.140,0.083,0.113,9.871,0.002,-0.012,0.007,1014.420,15.000,-9.731,45.0000000,-122.0000000,-9.750,0.000,0.000,0.000,8,00:00:00,0.600,-1.080,0.540
4.159999999999999,0.0,4.160,0,-0.000,0.000,-1.677,-0.000,0.000,-0.285,-0.000,-0.000,0.028,0.151,4.160,-0.021,-0.015,9.838,-0.012,0.012,0.015,1013.700,15.000,-3.744,45.0000000,-122.0000000,-3.730,0.000,0.000,0.000,8,00:00:00,0.290,-0.210,0.290
4.179999999999999,0.0,4.180,0,-0.000,0.000,-1.633,-0.000,0.000,-0.264,0.000,-0.000,-0.014,0.300,4.180,-0.047,0.021,9.796,-0.010,0.004,0.006,1013.060,15.000,1.581,45.0000000,-122.0000000,1.550,0.000,0.000,0.000,8,00:00:00,0.290,0.140,0.270
4.199999999999998,0.0,4.200,0,-0.000,0.000,-1.622,-0.000,0.000,-0.257,0.000,0.000,0.038,0.474,4.200,-0.060,-0.055,9.848,-0.002,0.018,-0.007,1013.260,15.000,-0.083,45.0000000,-122.0000000,-0.070,0.000,0.000,0.000,8,00:00:00,0.660,-0.180,0.070
4.219999999999998,0.0,4.220,0,-0.000,0.000,-1.597,-0.000,0.000,-0.244,-0.000,0.000,0.008,0.747,4.220,-0.109,0.068,9.818,0.001,0.008,-0.005,1013.170,15.000,0.666,45.0000000,-122.0000000,0.670,0.000,0.000,0.000,8,00:00:00,-0.030,0.010,-0.090
4.2399999999999975,0.0,4.240,0,-0.000,0.000,-1.563,-0.000,0.000,-0.229,-0.000,-0.000,-0.001,0.178,4.240,0.028,0.013,9.809,-0.004,0.015,-0.002,1013.120,15.000,1.082,45.0000000,-122.0000000,1.070,0.000,0.000,0.000,8,00:00:00,0.310,0.410,-0.360
4.259999999999997,0.0,4.260,0,-0.000,0.000,-1.540,-0.000,0.000,-0.217,-0.000,-0.000,0.042,0.290,4.260,-0.050,-0.005,9.852,0.016,-0.020,-0.013,1013.180,15.000,0.582,45.0000000,-122.0000000,0.620,0.000,0.000,0.000,8,00:00:00,-0.140,0.440,-0.120
4.279999999999997,0.0,4.280,0,-0.000,0.000,-1.464,-0.000,0.000,-0.184,0.000,0.000,-0.002,0.071,4.280,-0.011,-0.004,9.808,-0.006,-0.008,-0.010,1012.850,15.000,3.329,45.0000000,-122.0000000,3.320,0.000,0.000,0.000,8,00:00:00,0.220,0.020,-0.270
4.299999999999996,0.0,4.300,0,-0.000,0.000,-1.390,-0.000,0.000,-0.152,-0.000,-0.000,0.027,0.234,4.300,-0.016,-0.037,9.837,0.021,-0.004,0.003,1012.860,15.000,3.246,45.0000000,-122.0000000,3.250,0.000,0.000,0.000,8,00:00:00,-0.820,-0.220,-0.490
4.319999999999996,0.0,4.320,0,-0.000,0.000,-1.408,-0.000,0.000,-0.158,0.000,-0.000,0.036,0.226,4.320,0.037,-0.011,9.846,0.013,0.002,0.003,1013.420,15.000,-1.414,45.0000000,-122.0000000,-1.400,0.000,0.000,0.000,8,00:00:00,0.330,-0.570,0.480
4.339999999999995,0.0,4.340,0,-0.000,0.000,-1.394,-0.000,0.000,-0.151,-0.000,0.000,0.001,0.224,4.340,-0.038,0.005,9.811,-0.001,0.012,0.008,1013.220,15.000,0.250,45.0000000,-122.0000000,0.260,0.000,0.000,0.000,8,00:00:00,0.470,0.460,-0.270
4.359999999999995,0.0,4.360,0,-0.000,0.000,-1.368,-0.000,0.000,-0.139,0.000,-0.000,0.012,0.140,4.360,-0.014,0.020,9.822,-0.002,0.002,0.015,1013.150,15.000,0.832,45.0000000,-122.0000000,0.870,0.000,0.000,0.000,8,00:00:00,-0.300,0.200,-0.310
4.379999999999995,0.0,4.380,0,-0.000,0.000,-1.405,-0.000,0.000,-0.155,-0.000,-0.000,-0.120,0.268,4.380,0.042,0.017,9.689,-0.008,-0.016,-0.006,1013.540,15.000,-2.413,45.0000000,-122.0000000,-2.390,0.000,0.000,0.000,8,00:00:00,0.030,-0.770,-0.050
4.399999999999994,0.0,4.400,0,-0.000,0.000,-1.441,-0.000,0.000,-0.168,-0.000,-0.000,-0.020,0.253,4.400,-0.036,-0.023,9.790,0.003,-0.006,0.001,1013.530,15.000,-2.330,45.0000000,-122.0000000,-2.320,0.000,0.000,0.000,8,00:00:00,1.000,0.210,0.230
4.419999999999994,0.0,4.420,0,-0.000,0.000,-1.413,-0.000,0.000,-0.157,0.000,0.000,-0.069,0.443,4.420,0.043,0.062,9.741,0.021,-0.009,0.001,1013.140,15.000,0.915,45.0000000,-122.0000000,0.930,0.000,0.000,0.000,8,00:00:00,0.120,0.030,0.090
4.439999999999993,0.0,4.440,0,-0.000,0.000,-1.430,-0.000,0.000,-0.163,-0.000,-0.000,-0.011,0.253,4.440,0.026,0.034,9.799,0.010,-0.002,-0.003,1013.420,15.000,-1.414,45.0000000,-122.0000000,-1.410,0.000,0.000,0.000,8,00:00:00,0.250,-0.050,-0.000
4.459999999999993,0.0,4.460,0,-0.000,0.000,-1.441,-0.000,0.000,-0.168,0.000,-0.000,-0.073,0.246,4.460,0.024,-0.034,9.737,-0.017,-0.000,-0.006,1013.380,15.000,-1.082,45.0000000,-122.0000000,-1.090,0.000,0.000,0.000,8,00:00:00,-0.010,0.660,-0.080
4.479999999999992,0.0,4.480,0,-0.000,0.000,-1.477,-0.000,0.000,-0.182,-0.000,0.000,-0.071,0.241,4.480,-0.040,0.008,9.739,0.010,-0.013,-0.016,1013.540,15.000,-2.413,45.0000000,-122.0000000,-2.450,0.000,0.000,0.000,8,00:00:00,0.270,0.360,0.190
4.499999999999992,0.0,4.500,0,-0.000,0.000,-1.487,-0.000,0.000,-0.186,-0.000,0.000,-0.081,0.265,4.500,-0.006,0.044,9.729,-0.010,-0.008,0.003,1013.380,15.000,-1.082,45.0000000,-122.0000000,-1.120,0.000,0.000,0.000,8,00:00:00,0.160,-0.450,-0.430
4.519999999999992,0.0,4.520,0,-0.000,0.000,-1.393,-0.000,0.000,-0.144,-0.000,-0.000,0.167,0.463,4.520,0.073,0.033,9.976,0.005,0.003,0.013,1012.710,15.000,4.494,45.0000000,-122.0000000,4.500,0.000,0.000,0.000,8,00:00:00,-0.050,-0.010,0.220
4.539999999999991,0.0,4.540,0,-0.000,0.000,-1.440,-0.000,0.000,-0.160,-0.000,0.000,0.076,0.244,4.540,-0.041,0.011,9.886,-0.001,-0.005,0.002,1013.610,15.000,-2.995,45.0000000,-122.0000000,-2.980,0.000,0.000,0.000,8,00:00:00,-0.920,0.920,0.310
4.559999999999991,0.0,4.560,0,-0.000,0.000,-1.319,-0.000,0.000,-0.111,0.000,0.000,-0.002,0.383,4.560,0.049,0.044,9.808,0.002,-0.005,-0.007,1012.540,15.000,5.909,45.0000000,-122.0000000,5.950,0.000,0.000,0.000,8,00:00:00,0.190,-0.890,1.000
4.57999999999999,0.0,4.580,0,-0.000,0.000,-1.317,-0.000,0.000,-0.111,-0.000,-0.000,-0.078,0.502,4.580,-0.027,-0.081,9.731,0.018,0.004,0.008,1013.290,15.000,-0.333,45.0000000,-122.0000000,-0.300,0.000,0.000,0.000,8,00:00:00,-1.050,0.270,-0.030
4.59999999999999,0.0,4.600,0,-0.000,0.000,-1.361,-0.000,0.000,-0.127,-0.000,-0.000,0.013,0.687,4.600,-0.003,-0.118,9.822,0.003,-0.004,-0.004,1013.590,15.000,-2.829,45.0000000,-122.0000000,-2.830,0.000,0.000,0.000,8,00:00:00,-0.230,-0.220,0.770
4.6199999999999894,0.0,4.620,0,-0.000,0.000,-1.342,-0.000,0.000,-0.119,-0.000,-0.000,-0.010,0.069,4.620,-0.004,-0.011,9.800,-0.009,0.007,-0.011,1013.180,15.000,0.582,45.0000000,-122.0000000,0.540,0.000,0.000,0.000,8,00:00:00,-0.050,-0.170,-0.700
4.639999999999989,0.0,4.640,0,-0.000,0.000,-1.304,-0.000,0.000,-0.101,-0.000,-0.000,0.128,0.146,4.640,0.018,0.018,9.938,-0.005,0.002,0.004,1013.060,15.000,1.581,45.0000000,-122.0000000,1.590,0.000,0.000,0.000,8,00:00:00,-0.030,-0.250,0.260
4.659999999999989,0.0,4.660,0,-0.000,0.000,-1.337,-0.000,0.000,-0.115,-0.000,-0.000,-0.085,0.645,4.660,-0.007,-0.109,9.724,0.020,-0.001,-0.007,1013.520,15.000,-2.246,45.0000000,-122.0000000,-2.270,0.000,0.000,0.000,8,00:00:00,0.020,0.230,1.110
4.679999999999988,0.0,4.680,0,-0.000,0.000,-1.334,-0.000,0.000,-0.113,-0.000,-0.000,-0.008,0.309,4.680,0.035,0.039,9.801,-0.003,-0.002,-0.001,1013.290,15.000,-0.333,45.0000000,-122.0000000,-0.340,0.000,0.000,0.000,8,00:00:00,0.120,-0.010,0.800
4.699999999999988,0.0,4.700,0,-0.000,0.000,-1.359,-0.000,0.000,-0.122,0.000,-0.000,-0.016,0.538,4.700,0.067,-0.063,9.793,0.003,0.001,0.019,1013.470,15.000,-1.830,45.0000000,-122.0000000,-1.830,0.000,0.000,0.000,8,00:00:00,-0.400,-0.130,-0.160
4.719999999999987,0.0,4.720,0,-0.000,0.000,-1.483,-0.000,0.000,-0.169,0.000,-0.000,-0.009,0.197,4.720,-0.008,0.033,9.801,-0.003,0.010,-0.003,1014.120,15.000,-7.237,45.0000000,-122.0000000,-7.220,0.000,0.000,0.000,8,00:00:00,-0.330,0.190,0.080
4.739999999999987,0.0,4.740,0,-0.000,0.000,-1.592,-0.000,0.000,-0.210,-0.000,0.000,0.006,0.197,4.740,0.026,-0.022,9.816,0.009,0.006,0.007,1014.040,15.000,-6.571,45.0000000,-122.0000000,-6.580,0.000,0.000,0.000,8,00:00:00,-0.370,-0.670,-0.180
4.7599999999999865,0.0,4.760,0,-0.000,0.000,-1.537,-0.000,-0.000,-0.187,0.000,-0.000,0.024,0.237,4.760,-0.018,0.037,9.834,-0.011,-0.005,-0.006,1012.960,15.000,2.413,45.0000000,-122.0000000,2.380,0.000,0.000,0.000,8,00:00:00,-0.280,0.420,-0.300
4.779999999999986,0.0,4.780,0,-0.000,0.000,-1.590,-0.000,-0.000,-0.205,0.000,0.000,0.048,0.511,4.780,-0.083,-0.029,9.857,-0.002,-0.002,0.001,1013.670,15.000,-3.494,45.0000000,-122.0000000,-3.500,0.000,0.000,0.000,8,00:00:00,-0.140,-0.720,0.420
4.799999999999986,0.0,4.800,0,-0.000,0.000,-1.691,-0.000,-0.000,-0.242,0.000,0.000,0.023,0.492,4.800,-0.036,-0.076,9.833,0.029,0.006,0.017,1014.000,15.000,-6.239,45.0000000,-122.0000000,-6.210,0.000,0.000,0.000,8,00:00:00,-0.130,0.080,0.210
4.819999999999985,0.0,4.820,0,-0.000,0.000,-1.646,-0.000,-0.000,-0.223,0.000,-0.000,-0.053,0.647,4.820,0.109,-0.018,9.757,-0.016,0.018,0.009,1013.030,15.000,1.831,45.0000000,-122.0000000,1.830,0.000,0.000,0.000,8,00:00:00,0.130,-0.450,-0.100
4.839999999999985,0.0,4.840,0,-0.000,0.000,-1.581,-0.000,-0.000,-0.196,-0.000,0.000,0.025,0.298,4.840,-0.050,0.012,9.835,-0.006,-0.007,0.014,1012.890,15.000,2.996,45.0000000,-122.0000000,3.010,0.000,0.000,0.000,8,00:00:00,0.850,0.500,-0.420
4.859999999999984,0.0,4.860,0,-0.000,0.000,-1.516,-0.000,-0.000,-0.171,0.000,-0.000,-0.040,0.336,4.860,-0.057,0.008,9.770,0.005,0.004,0.003,1012.890,15.000,2.996,45.0000000,-122.0000000,3.010,0.000,0.000,0.000,8,00:00:00,-0.330,0.070,0.960
4.879999999999984,0.0,4.880,0,-0.000,0.000,-1.553,-0.000,-0.000,-0.185,-0.000,-0.000,-0.061,0.199,4.880,0.011,0.032,9.749,0.010,0.004,-0.009,1013.570,15.000,-2.662,45.0000000,-122.0000000,-2.630,0.000,0.000,0.000,8,00:00:00,1.110,-0.520,-0.810
4.8999999999999835,0.0,4.900,0,-0.000,0.000,-1.551,-0.000,-0.000,-0.182,-0.000,0.000,0.015,0.535,4.900,0.042,-0.082,9.824,-0.015,-0.015,0.009,1013.310,15.000,-0.499,45.0000000,-122.0000000,-0.470,0.000,0.000,0.000,8,00:00:00,0.220,-0.310,0.200
4.919999999999983,0.0,4.920,0,-0.000,0.000,-1.603,-0.000,-0.000,-0.202,-0.000,0.000,-0.097,0.304,4.920,-0.050,0.012,9.713,-0.003,-0.013,-0.003,1013.670,15.000,-3.494,45.0000000,-122.0000000,-3.500,0.000,0.000,0.000,8,00:00:00,0.560,0.100,-0.120
4.939999999999983,0.0,4.940,0,-0.000,0.000,-1.605,-0.000,-0.000,-0.202,-0.000,0.000,-0.002,0.206,4.940,0.034,-0.009,9.807,0.009,0.016,-0.006,1013.340,15.000,-0.749,45.0000000,-122.0000000,-0.790,0.000,0.000,0.000,8,00:00:00,-0.880,-0.820,-0.820
4.959999999999982,0.0,4.960,0,-0.000,0.000,-1.578,-0.000,-0.000,-0.188,0.000,-0.000,0.092,0.087,4.960,-0.010,0.011,9.902,-0.003,-0.017,-0.007,1013.140,15.000,0.915,45.0000000,-122.0000000,0.960,0.000,0.000,0.000,8,00:00:00,0.400,0.050,-0.050
4.979999999999982,0.0,4.980,0,-0.000,0.000,-1.653,-0.000,-0.000,-0.214,0.000,-0.000,0.070,0.741,4.980,-0.036,0.123,9.879,-0.009,0.017,0.012,1013.840,15.000,-4.908,45.0000000,-122.0000000,-4.880,0.000,0.000,0.000,8,00:00:00,0.650,0.410,1.160
4.999999999999981,0.0,5.000,0,-0.000,0.000,-1.539,-0.000,-0.000,-0.167,0.000,-0.000,0.109,0.448,5.000,0.036,-0.069,9.919,0.004,-0.020,-0.007,1012.550,15.000,5.826,45.0000000,-122.0000000,5.850,0.000,0.000,0.000,8,00:00:00,-0.030,-0.890,-0.270
5.011,0.0009144000000000001,5.011,0,-0.000,0.000,-1.540,-0.002,0.004,0.378,-0.203,0.398,49.581,0.448,5.011,0.012,-0.013,59.393,-0.005,0.003,0.007,1013.360,15.000,-0.915,45.0000000,-122.0000000,-0.890,0.000,0.000,0.000,8,00:00:00,-0.360,0.290,-0.080
5.021,0.0057912,5.021,0,-0.000,0.000,-1.565,-0.004,0.009,0.864,-0.176,0.471,49.748,0.448,5.021,0.039,0.058,59.560,-0.002,0.013,-0.009,1013.560,15.000,-2.579,45.0000000,-122.0000000,-2.570,0.000,0.000,0.000,8,00:00:00,-0.320,0.280,0.070
5.031,0.0155448,5.031,0,-0.000,0.000,-1.492,-0.006,0.013,1.388,-0.227,0.422,50.037,0.448,5.031,-0.011,0.008,59.849,-0.000,-0.002,0.002,1012.910,15.000,2.829,45.0000000,-122.0000000,2.870,0.000,0.000,0.000,8,00:00:00,0.180,0.570,-0.120
5.041,0.030175200000000003,5.041,0,-0.000,0.000,-1.322,-0.009,0.017,1.948,-0.225,0.411,50.212,0.448,5.041,-0.008,-0.005,60.024,-0.011,0.008,0.005,1012.250,15.000,8.324,45.0000000,-122.0000000,8.310,0.000,0.000,0.000,8,00:00:00,0.370,1.010,0.240
5.051,0.050292,5.051,0,-0.000,0.001,-1.250,-0.010,0.022,2.472,-0.166,0.457,50.575,0.448,5.051,0.053,0.039,60.387,0.007,-0.014,-0.012,1012.960,15.000,2.413,45.0000000,-122.0000000,2.420,0.000,0.000,0.000,8,00:00:00,-0.660,-0.480,0.040
5.055,0.059436,5.055,0,-0.000,0.001,-1.232,-0.011,0.024,2.677,-0.230,0.404,50.468,0.448,5.055,-0.012,-0.013,60.279,0.008,0.005,0.008,1013.250,15.000,0.000,45.0000000,-122.0000000,0.010,0.000,0.000,0.000,8,00:00:00,0.410,0.110,-0.020
5.061,0.0749808,5.061,0,-0.000,0.001,-1.092,-0.012,0.027,3.025,-0.177,0.487,50.214,0.448,5.061,0.041,0.071,60.026,0.025,0.004,0.010,1012.400,15.000,7.075,45.0000000,-122.0000000,7.110,0.000,0.000,0.000,8,00:00:00,-0.040,0.190,-0.070
5.07,0.10180320000000001,5.070,0,-0.000,0.001,-0.997,-0.015,0.030,3.499,-0.302,0.378,49.855,0.448,5.070,-0.086,-0.035,59.666,-0.004,0.008,-0.005,1012.800,15.000,3.745,45.0000000,-122.0000000,3.730,0.000,0.000,0.000,8,00:00:00,0.400,-0.050,-0.730
5.08,0.13624560000000002,5.080,0,-0.001,0.001,-0.905,-0.018,0.034,4.014,-0.267,0.366,49.420,0.448,5.080,-0.053,-0.044,59.232,-0.007,-0.015,0.016,1012.870,15.000,3.162,45.0000000,-122.0000000,3.160,0.000,0.000,0.000,8,00:00:00,-0.340,0.380,0.150
5.089,0.17129760000000002,5.089,0,-0.001,0.002,-0.848,-0.019,0.038,4.462,-0.145,0.460,49.023,0.448,5.089,0.068,0.053,58.835,0.005,-0.007,-0.003,1013.120,15.000,1.082,45.0000000,-122.0000000,1.070,0.000,0.000,0.000,8,00:00:00,-0.040,0.000,-0.700
5.099,0.21518879999999999,5.099,0,-0.001,0.002,-0.824,-0.021,0.042,4.950,-0.244,0.461,49.663,0.448,5.099,-0.029,0.049,59.475,-0.018,-0.016,-0.000,1013.430,15.000,-1.498,45.0000000,-122.0000000,-1.510,0.000,0.000,0.000,8,00:00:00,0.100,-0.110,-0.300
5.109,0.2639568,5.109,0,-0.001,0.002,-0.767,-0.023,0.046,5.454,-0.149,0.407,50.227,0.448,5.109,0.068,-0.009,60.039,0.002,-0.002,-0.002,1013.220,15.000,0.250,45.0000000,-122.0000000,0.250,0.000,0.000,0.000,8,00:00:00,-0.430,-0.110,0.240
5.119,0.31760160000000004,5.119,1,-0.001,0.003,-0.665,-0.024,0.050,5.979,-0.078,0.412,50.726,0.448,0.000,0.141,-0.007,60.537,0.016,0.005,-0.009,1012.890,15.000,2.996,45.0000000,-122.0000000,3.020,0.000,0.000,0.000,8,00:00:00,0.490,-0.200,0.300
5.129,0.37642800000000004,5.129,1,-0.002,0.003,-0.537,-0.026,0.055,6.517,-0.292,0.443,51.343,0.009,0.010,-0.066,0.011,61.155,-0.013,-0.007,0.013,1012.720,15.000,4.411,45.0000000,-122.0000000,4.450,0.000,0.000,0.000,8,00:00:00,-0.280,1.530,-0.390
5.139,0.44043600000000005,5.139,1,-0.002,0.004,-0.609,-0.029,0.060,6.983,-0.243,0.494,51.971,0.009,0.020,-0.019,0.056,61.784,-0.003,0.006,0.000,1014.320,15.000,-8.899,45.0000000,-122.0000000,-8.860,0.000,0.000,0.000,8,00:00:00,-0.100,0.180,0.560
5.149,0.5096256,5.149,1,-0.002,0.004,-0.632,-0.031,0.064,7.472,-0.229,0.417,52.493,0.013,0.030,-0.002,-0.028,62.304,-0.006,-0.001,0.006,1013.980,15.000,-6.072,45.0000000,-122.0000000,-6.100,0.000,0.000,0.000,8,00:00:00,-0.770,-0.330,-0.950
5.155,0.5535168,5.155,1,-0.002,0.005,-0.557,-0.032,0.067,7.801,-0.167,0.446,52.876,0.012,0.036,0.061,-0.002,62.688,0.002,0.002,0.003,1013.000,15.000,2.080,45.0000000,-122.0000000,2.070,0.000,0.000,0.000,8,00:00:00,0.030,0.030,0.450
5.164,0.623316,5.164,1,-0.003,0.005,-0.563,-0.034,0.071,8.247,-0.161,0.514,52.943,0.019,0.045,0.053,0.062,62.755,-0.007,0.024,-0.003,1013.850,15.000,-4.991,45.0000000,-122.0000000,-4.970,0.000,0.000,0.000,8,00:00:00,-0.030,-0.550,-0.760
5.174,0.705612,5.174,1,-0.003,0.006,-0.434,-0.035,0.076,8.794,-0.176,0.490,53.015,0.028,0.055,0.034,0.029,62.827,-0.013,0.008,-0.002,1012.860,15.000,3.246,45.0000000,-122.0000000,3.270,0.000,0.000,0.000,8,00:00:00,0.140,0.540,0.020
5.184,0.7930896,5.184,1,-0.003,0.007,-0.415,-0.037,0.081,9.299,-0.210,0.505,53.221,0.030,0.065,-0.002,0.043,63.033,0.001,0.006,0.014,1013.790,14.990,-4.492,45.0000000,-122.0000000,-4.480,0.000,0.000,0.000,8,00:00:00,-0.090,-0.320,-0.010
5.194,0.8860536000000001,5.194,1,-0.004,0.007,-0.383,-0.040,0.085,9.807,-0.273,0.359,53.135,0.037,0.075,-0.072,-0.107,62.947,-0.008,0.009,-0.016,1013.720,14.990,-3.910,45.0000000,-122.0000000,-3.900,0.000,0.000,0.000,8,00:00:00,0.930,0.180,-0.370
5.2,0.9445752000000001,5.200,1,-0.004,0.008,-0.232,-0.041,0.087,10.162,-0.210,0.473,53.424,0.038,0.081,-0.008,0.003,63.236,-0.007,-0.001,0.007,1012.440,14.990,6.742,45.0000000,-122.0000000,6.710,0.000,0.000,0.000,8,00:00:00,-0.270,-0.130,-0.160
5.209,1.0357104000000001,5.209,1,-0.004,0.008,-0.170,-0.043,0.092,10.631,-0.173,0.458,53.459,0.038,0.090,0.030,-0.014,63.271,-0.002,-0.003,-0.011,1013.440,14.990,-1.581,45.0000000,-122.0000000,-1.580,0.000,0.000,0.000,8,00:00:00,-0.820,0.750,0.270
5.219,1.1420856,5.219,1,-0.004,0.009,0.002,-0.045,0.097,11.189,-0.217,0.503,53.487,0.039,0.100,-0.012,0.029,63.299,-0.003,-0.002,-0.001,1012.640,14.990,5.077,45.0000000,-122.0000000,5.060,0.000,0.000,0.000,8,00:00:00,0.160,-0.370,-0.170
5.229,1.2536424000000002,5.229,1,-0.005,0.010,0.092,-0.047,0.101,11.716,-0.213,0.441,53.598,0.033,0.110,0.008,-0.033,63.410,0.000,-0.026,0.002,1013.350,14.990,-0.832,45.0000000,-122.0000000,-0.830,0.000,0.000,0.000,8,00:00:00,0.460,0.880,0.110
5.239,1.3706856,5.239,1,-0.005,0.011,0.170,-0.050,0.105,12.236,-0.249,0.430,53.568,0.025,0.120,-0.029,-0.036,63.380,0.014,0.002,-0.018,1013.500,14.990,-2.080,45.0000000,-122.0000000,-2.050,0.000,0.000,0.000,8,00:00:00,-0.400,1.280,0.450
5.249,1.4929104,5.249,1,-0.006,0.012,0.365,-0.052,0.110,12.799,-0.252,0.453,53.673,0.024,0.130,-0.034,-0.011,63.486,0.004,0.005,0.006,1012.520,14.990,6.076,45.0000000,-122.0000000,6.110,0.000,0.000,0.000,8,00:00:00,0.300,0.030,-0.180
5.259,1.6206216000000002,5.259,1,-0.006,0.013,0.540,-0.054,0.114,13.353,-0.190,0.464,53.702,0.024,0.140,0.019,0.007,63.514,0.011,0.013,0.004,1012.710,14.990,4.494,45.0000000,-122.0000000,4.490,0.000,0.000,0.000,8,00:00:00,0.580,-0.520,-1.120
5.269,1.7538192,5.269,1,-0.007,0.014,0.690,-0.056,0.119,13.896,-0.207,0.528,53.808,0.027,0.150,-0.005,0.080,63.620,0.015,0.013,-0.001,1012.960,14.990,2.413,45.0000000,-122.0000000,2.400,0.000,0.000,0.000,8,00:00:00,-0.300,0.070,1.280
5.279,1.8925032,5.279,1,-0.007,0.015,0.876,-0.058,0.124,14.452,-0.181,0.445,53.847,0.026,0.160,0.020,0.004,63.659,0.012,0.001,-0.005,1012.670,14.990,4.827,45.0000000,-122.0000000,4.840,0.000,0.000,0.000,8,00:00:00,0.870,0.840,-0.630
5.289,2.0363688,5.289,1,-0.008,0.016,0.991,-0.060,0.129,14.978,-0.207,0.519,53.842,0.030,0.170,-0.010,0.081,63.655,0.004,0.006,0.016,1013.320,14.990,-0.582,45.0000000,-122.0000000,-0.580,0.000,0.000,0.000,8,00:00:00,0.460,-0.010,0.310
5.3,2.200656,5.300,1,-0.008,0.017,1.171,-0.061,0.135,15.577,-0.089,0.541,54.069,0.020,0.181,0.119,0.096,63.881,-0.007,-0.015,-0.005,1012.920,14.990,2.746,45.0000000,-122.0000000,2.770,0.000,0.000,0.000,8,00:00:00,0.480,0.190,-0.160
5.31,2.3557992000000003,5.310,1,-0.009,0.018,1.323,-0.063,0.139,16.115,-0.219,0.451,54.087,0.025,0.191,-0.016,0.008,63.899,0.003,0.009,-0.017,1013.060,14.980,1.581,45.0000000,-122.0000000,1.560,0.000,0.000,0.000,8,00:00:00,0.380,0.120,0.560
5.32,2.5164288000000004,5.320,1,-0.009,0.020,1.584,-0.065,0.143,16.694,-0.169,0.357,54.168,0.034,0.201,0.025,-0.082,63.979,0.006,0.015,0.008,1012.100,14.980,9.573,45.0000000,-122.0000000,9.560,0.000,0.000,0.000,8,00:00:00,0.480,-0.390,-0.010
5.33,2.6825448,5.330,1,-0.010,0.021,1.740,-0.067,0.146,17.230,-0.200,0.349,54.173,0.029,0.211,0.001,-0.083,63.984,0.011,-0.011,-0.005,1013.080,14.980,1.415,45.0000000,-122.0000000,1.420,0.000,0.000,0.000,8,00:00:00,0.580,0.190,0.010
5.34,2.8538424,5.340,1,-0.010,0.022,1.836,-0.069,0.151,17.743,-0.285,0.439,54.277,0.031,0.221,-0.083,0.012,64.089,0.010,-0.001,-0.010,1013.650,14.980,-3.328,45.0000000,-122.0000000,-3.300,0.000,0.000,0.000,8,00:00:00,-0.260,0.030,-0.070
5.35,3.0309312000000004,5.350,1,-0.011,0.023,2.005,-0.071,0.155,18.283,-0.150,0.404,54.400,0.026,0.231,0.059,-0.022,64.212,0.002,-0.012,0.004,1013.020,14.980,1.914,45.0000000,-122.0000000,1.930,0.000,0.000,0.000,8,00:00:00,0.910,0.200,1.460
5.36,3.2132016,5.360,1,-0.011,0.024,2.234,-0.073,0.158,18.844,-0.240,0.376,54.435,0.029,0.241,-0.036,-0.053,64.247,-0.004,0.009,0.019,1012.490,14.980,6.326,45.0000000,-122.0000000,6.360,0.000,0.000,0.000,8,00:00:00,-1.060,0.390,0.020
5.37,3.4009584,5.370,1,-0.012,0.026,2.421,-0.075,0.162,19.387,-0.153,0.402,54.449,0.035,0.251,0.043,-0.029,64.261,-0.003,0.013,0.027,1012.910,14.980,2.829,45.0000000,-122.0000000,2.800,0.000,0.000,0.000,8,00:00:00,-0.200,-0.780,-0.570
5.38,3.5942016000000003,5.380,1,-0.013,0.027,2.619,-0.078,0.166,19.934,-0.296,0.438,54.617,0.040,0.261,-0.104,0.011,64.429,0.008,0.005,-0.001,1012.830,14.980,3.495,45.0000000,-122.0000000,3.480,0.000,0.000,0.000,8,00:00:00,-0.030,-0.540,0.040
5.39,3.7926264,5.390,1,-0.013,0.028,2.801,-0.079,0.171,20.472,-0.157,0.464,54.634,0.035,0.271,0.041,0.036,64.446,-0.002,-0.008,0.013,1013.010,14.980,1.997,45.0000000,-122.0000000,1.990,0.000,0.000,0.000,8,00:00:00,-1.470,0.450,0.450
5.4,3.9968424000000002,5.400,1,-0.014,0.030,3.007,-0.082,0.175,21.019,-0.251,0.437,54.749,0.026,0.281,-0.047,-0.012,64.561,-0.031,-0.009,0.004,1012.810,14.970,3.662,45.0000000,-122.0000000,3.690,0.000,0.000,0.000,8,00:00:00,-0.210,0.190,0.660
5.41,4.2065448000000005,5.410,1,-0.015,0.031,3.239,-0.084,0.180,21.575,-0.286,0.470,54.868,0.027,0.291,-0.081,0.019,64.680,-0.002,0.000,0.004,1012.600,14.970,5.410,45.0000000,-122.0000000,5.370,0.000,0.000,0.000,8,00:00:00,-0.140,-0.680,1.080
5.42,4.4214288,5.420,1,-0.015,0.033,3.532,-0.087,0.185,22.153,-0.248,0.487,54.987,0.026,0.301,-0.042,0.043,64.800,0.012,-0.002,-0.006,1012.030,14.970,10.156,45.0000000,-122.0000000,10.190,0.000,0.000,0.000,8,00:00:00,-0.230,-0.160,-0.320
5.43,4.642104000000001,5.430,1,-0.016,0.034,3.702,-0.089,0.189,22.684,-0.229,0.491,55.150,0.033,0.311,-0.030,0.048,64.962,0.004,0.012,-0.021,1013.230,14.970,0.166,45.0000000,-122.0000000,0.150,0.000,0.000,0.000,8,00:00:00,-0.070,0.280,-0.280
5.445,4.983175200000001,5.445,1,-0.017,0.037,4.084,-0.092,0.195,23.526,-0.217,0.359,55.227,0.014,0.326,0.005,-0.083,65.038,0.001,-0.024,-0.010,1012.330,14.970,7.658,45.0000000,-122.0000000,7.690,0.000,0.000,0.000,8,00:00:00,-0.090,0.050,-0.610
5.468,5.518404,5.468,1,-0.019,0.041,4.552,-0.099,0.205,24.768,-0.308,0.466,55.460,0.027,0.349,-0.102,0.009,65.273,-0.009,0.011,-0.002,1013.440,14.960,-1.581,45.0000000,-122.0000000,-1.590,0.000,0.000,0.000,8,00:00:00,0.290,0.710,-0.400
5.5,6.340754400000001,5.500,1,-0.022,0.047,5.349,-0.108,0.219,26.545,-0.263,0.447,55.798,0.009,0.381,-0.030,0.001,65.610,0.006,-0.012,0.010,1012.740,14.960,4.244,45.0000000,-122.0000000,4.230,0.000,0.000,0.000,8,00:00:00,0.140,0.460,0.410
5.549,7.6852272,5.549,1,-0.027,0.058,6.744,-0.121,0.244,29.310,-0.275,0.513,56.220,0.024,0.430,-0.009,0.063,66.033,-0.000,-0.010,-0.006,1012.110,14.950,9.490,45.0000000,-122.0000000,9.460,0.000,0.000,0.000,8,00:00:00,0.120,-0.490,-0.450
5.6,9.242755200000001,5.600,1,-0.034,0.070,8.222,-0.136,0.267,32.169,-0.290,0.440,56.742,0.043,0.481,-0.001,-0.035,66.554,-0.006,-0.006,0.008,1012.970,14.940,2.330,45.0000000,-122.0000000,2.320,0.000,0.000,0.000,8,00:00:00,-0.710,0.380,-0.340
5.65,10.905744,5.650,1,-0.040,0.083,9.854,-0.152,0.291,35.004,-0.328,0.492,57.058,0.071,0.531,-0.037,-0.038,66.871,-0.016,-0.000,0.004,1012.390,14.930,7.158,45.0000000,-122.0000000,7.170,0.000,0.000,0.000,8,00:00:00,-0.160,0.480,-0.780
5.7,12.711684,5.700,1,-0.048,0.097,11.618,-0.169,0.313,37.848,-0.345,0.446,57.315,0.076,0.581,-0.025,-0.063,67.127,0.007,-0.008,-0.010,1012.250,14.920,8.324,45.0000000,-122.0000000,8.310,0.000,0.000,0.000,8,00:00:00,-0.160,-0.910,0.090
5.75,14.66088,5.750,1,-0.056,0.112,13.542,-0.183,0.341,40.726,-0.271,0.565,57.886,0.073,0.631,0.058,0.076,67.699,0.007,-0.002,-0.008,1011.870,14.900,11.489,45.0000000,-122.0000000,11.500,0.000,0.000,0.000,8,00:00:00,0.720,-0.360,-0.710
5.8,16.7545512,5.800,1,-0.065,0.128,15.653,-0.201,0.367,43.646,-0.369,0.528,58.388,0.078,0.681,-0.037,0.021,68.201,-0.004,-0.000,-0.001,1011.270,14.890,16.488,45.0000000,-122.0000000,16.530,0.000,0.000,0.000,8,00:00:00,0.390,0.100,-0.230
5.85,18.9942216,5.850,1,-0.074,0.145,17.887,-0.217,0.393,46.573,-0.332,0.545,58.702,0.066,0.731,-0.007,0.058,68.515,0.006,0.003,-0.009,1011.180,14.880,17.238,45.0000000,-122.0000000,17.270,0.000,0.000,0.000,8,00:00:00,0.480,0.190,0.230
5.9,21.3805008,5.900,1,-0.084,0.163,20.276,-0.232,0.420,49.524,-0.313,0.548,59.133,0.078,0.781,0.030,0.073,68.945,0.004,-0.005,-0.009,1010.830,14.860,20.156,45.0000000,-122.0000000,20.170,0.000,0.000,0.000,8,00:00:00,-0.110,-0.200,-0.580
5.95,23.914607999999998,5.950,1,-0.095,0.182,22.764,-0.250,0.444,52.447,-0.359,0.482,58.940,0.120,0.831,0.032,0.006,68.752,-0.001,-0.014,-0.011,1010.890,14.840,19.656,45.0000000,-122.0000000,19.680,0.000,0.000,0.000,8,00:00:00,-0.310,0.170,0.170
6.0,26.595933600000002,6.000,1,-0.107,0.202,25.463,-0.267,0.464,55.388,-0.347,0.416,58.788,0.155,0.881,0.084,-0.030,68.600,0.008,-0.012,0.008,1010.080,14.830,26.410,45.0000000,-122.0000000,26.400,0.000,0.000,0.000,8,00:00:00,0.150,-0.060,1.310
6.05,29.424477600000003,6.050,1,-0.119,0.223,28.272,-0.286,0.487,58.324,-0.384,0.482,58.979,0.160,0.931,0.057,-0.004,68.791,-0.011,-0.002,-0.004,1010.010,14.810,26.994,45.0000000,-122.0000000,26.990,0.000,0.000,0.000,8,00:00:00,0.460,-0.040,-0.490
6.1,32.4011544,6.100,1,-0.132,0.244,31.195,-0.311,0.507,61.262,-0.521,0.414,59.304,0.155,0.981,-0.090,-0.023,69.118,0.015,0.003,0.018,1009.890,14.790,27.995,45.0000000,-122.0000000,28.000,0.000,0.000,0.000,8,00:00:00,0.390,0.130,-0.010
6.15,35.525964,6.150,1,-0.146,0.266,34.323,-0.336,0.523,64.220,-0.505,0.347,59.221,0.174,1.031,-0.051,-0.087,69.034,0.001,-0.007,0.000,1009.100,14.770,34.589,45.0000000,-122.0000000,34.650,0.000,0.000,0.000,8,00:00:00,0.040,0.500,-0.620
6.2,38.798601600000005,6.200,1,-0.161,0.289,37.455,-0.354,0.547,67.117,-0.364,0.492,59.156,0.146,1.081,0.060,0.036,68.969,-0.006,0.009,-0.006,1009.690,14.750,29.664,45.0000000,-122.0000000,29.660,0.000,0.000,0.000,8,00:00:00,0.060,-0.110,0.290
6.25,42.219067200000005,6.250,1,-0.176,0.312,40.985,-0.368,0.566,70.111,-0.301,0.415,59.077,0.138,1.131,0.114,-0.062,68.888,-0.006,0.003,0.001,1007.590,14.730,47.203,45.0000000,-122.0000000,47.200,0.000,0.000,0.000,8,00:00:00,-0.030,0.880,-0.560
6.3,45.787056,6.300,1,-0.193,0.337,44.596,-0.388,0.593,73.074,-0.414,0.553,59.019,0.131,1.181,-0.013,0.039,68.832,-0.011,0.004,0.006,1007.610,14.700,47.035,45.0000000,-122.0000000,47.050,0.000,0.000,0.000,8,00:00:00,-0.150,-0.060,-0.990
6.35,49.502568000000004,6.350,1,-0.209,0.361,48.294,-0.404,0.617,76.001,-0.333,0.511,58.760,0.109,1.231,0.041,0.001,68.572,0.001,0.008,0.017,1007.550,14.680,47.537,45.0000000,-122.0000000,47.530,0.000,0.000,0.000,8,00:00:00,-0.800,-0.410,-0.850
6.4,53.3649936,6.400,1,-0.227,0.387,52.146,-0.425,0.644,78.924,-0.450,0.583,58.633,0.116,1.281,-0.102,0.014,68.447,-0.018,0.007,0.009,1007.040,14.650,51.801,45.0000000,-122.0000000,51.820,0.000,0.000,0.000,8,00:00:00,0.360,-0.610,-1.020
6.45,57.37402800000001,6.450,1,-0.245,0.414,56.027,-0.438,0.669,81.781,-0.263,0.535,58.258,0.082,1.331,0.039,-0.017,68.070,0.004,0.013,-0.010,1007.270,14.630,49.878,45.0000000,-122.0000000,49.940,0.000,0.000,0.000,8,00:00:00,0.330,-0.240,-1.130
6.5,61.52845200000001,6.500,1,-0.263,0.441,60.106,-0.455,0.694,84.647,-0.366,0.521,57.965,0.111,1.381,-0.065,-0.068,67.778,-0.011,-0.000,0.001,1006.440,14.600,56.819,45.0000000,-122.0000000,56.860,0.000,0.000,0.000,8,00:00:00,0.400,0.980,-0.480
6.55,65.8273512,6.550,1,-0.282,0.470,64.309,-0.473,0.728,87.474,-0.383,0.714,57.376,0.140,1.431,-0.057,0.107,67.191,-0.007,-0.008,-0.005,1006.040,14.570,60.167,45.0000000,-122.0000000,60.170,0.000,0.000,0.000,8,00:00:00,0.670,-0.170,0.450
6.6,70.2698112,6.600,1,-0.301,0.499,68.650,-0.490,0.752,90.276,-0.363,0.527,56.876,0.124,1.481,-0.026,-0.044,66.689,0.009,-0.004,0.003,1005.520,14.540,64.519,45.0000000,-122.0000000,64.560,0.000,0.000,0.000,8,00:00:00,0.550,0.630,-0.230
6.65,74.85461280000001,6.650,1,-0.321,0.529,73.073,-0.505,0.777,93.031,-0.335,0.547,56.393,0.098,1.531,-0.022,0.003,66.207,0.006,0.006,0.017,1005.300,14.510,66.361,45.0000000,-122.0000000,66.360,0.000,0.000,0.000,8,00:00:00,-0.760,0.160,-0.370
6.7,79.5805368,6.700,1,-0.341,0.560,77.897,-0.523,0.802,95.881,-0.372,0.533,56.170,0.057,1.581,-0.091,0.027,65.983,0.011,0.009,-0.010,1003.280,14.480,83.291,45.0000000,-122.0000000,83.350,0.000,0.000,0.000,8,00:00:00,0.260,0.710,0.350
6.75,84.4466688,6.750,1,-0.362,0.591,82.719,-0.533,0.827,98.652,-0.237,0.547,55.765,0.041,1.631,0.032,0.057,65.578,0.004,0.004,0.009,1003.480,14.450,81.613,45.0000000,-122.0000000,81.690,0.000,0.000,0.000,8,00:00:00,0.240,0.260,-0.410
6.8,89.45270400000001,6.800,1,-0.383,0.623,87.682,-0.542,0.850,101.408,-0.218,0.517,55.433,0.055,1.681,0.059,0.017,65.245,-0.004,-0.003,0.012,1002.870,14.420,86.730,45.0000000,-122.0000000,86.820,0.000,0.000,0.000,8,00:00:00,0.300,0.800,0.190
6.85,94.59681360000002,6.850,1,-0.404,0.655,92.841,-0.554,0.876,104.165,-0.269,0.573,54.982,0.079,1.731,-0.039,0.036,64.795,-0.013,0.014,-0.000,1001.950,14.380,94.452,45.0000000,-122.0000000,94.480,0.000,0.000,0.000,8,00:00:00,-0.400,-0.910,-0.150
6.9,99.878388,6.900,1,-0.425,0.688,98.071,-0.567,0.899,106.855,-0.300,0.511,54.175,0.099,1.781,-0.051,-0.041,63.988,-0.006,-0.007,-0.005,1001.660,14.350,96.888,45.0000000,-122.0000000,96.960,0.000,0.000,0.000,8,00:00:00,-0.250,-0.350,-0.470
6.95,105.29529360000001,6.950,1,-0.446,0.722,103.411,-0.582,0.921,109.519,-0.325,0.513,53.854,0.111,1.831,-0.053,-0.044,63.667,-0.003,-0.007,0.005,1001.140,14.320,101.256,45.0000000,-122.0000000,101.330,0.000,0.000,0.000,8,00:00:00,0.470,0.130,-0.380
7.0,110.8469208,7.000,1,-0.468,0.756,109.026,-0.590,0.948,112.219,-0.208,0.587,53.403,0.093,1.881,0.019,0.047,63.216,0.004,0.014,-0.004,999.780,14.280,112.689,45.0000000,-122.0000000,112.790,0.000,0.000,0.000,8,00:00:00,0.250,-0.100,1.020
7.05,116.53174560000001,7.050,1,-0.489,0.791,114.703,-0.598,0.973,114.861,-0.185,0.581,52.839,0.083,1.931,-0.005,0.070,62.652,0.008,0.014,0.000,999.450,14.240,115.465,45.0000000,-122.0000000,115.500,0.000,0.000,0.000,8,00:00:00,0.100,-0.630,-0.550
7.1,122.3488536,7.100,1,-0.510,0.826,120.509,-0.595,0.991,117.471,0.007,0.416,52.230,0.091,1.981,0.150,-0.070,62.041,0.007,0.011,0.008,998.770,14.210,121.188,45.0000000,-122.0000000,121.280,0.000,0.000,0.000,8,00:00:00,0.670,1.000,-0.670
7.15,128.29641600000002,7.150,1,-0.531,0.861,126.480,-0.602,1.012,120.052,-0.185,0.506,51.333,0.066,2.031,-0.009,0.030,61.146,0.001,-0.011,-0.014,997.900,14.170,128.515,45.0000000,-122.0000000,128.630,0.000,0.000,0.000,8,00:00:00,1.130,-0.200,0.030
7.2,134.3719944,7.200,1,-0.552,0.897,132.428,-0.607,1.032,122.524,-0.140,0.461,50.401,0.085,2.081,0.018,-0.022,60.213,-0.005,0.005,0.012,997.880,14.130,128.683,45.0000000,-122.0000000,128.800,0.000,0.000,0.000,8,00:00:00,-0.710,0.390,-0.480
7.227,137.70528720000001,7.227,1,-0.559,0.909,135.774,-0.605,1.040,123.817,-0.013,0.431,47.591,0.109,2.108,0.101,-0.022,57.402,0.005,0.024,0.004,996.860,14.110,137.280,45.0000000,-122.0000000,137.390,0.000,0.000,0.000,8,00:00:00,0.020,0.020,0.200
7.25,140.5710168,7.250,1,-0.563,0.918,138.405,-0.605,1.045,124.512,-0.118,0.417,34.233,0.133,2.131,-0.046,0.061,44.045,-0.009,0.016,0.019,997.670,14.090,130.453,45.0000000,-122.0000000,130.510,0.000,0.000,0.000,8,00:00:00,-0.460,-0.330,-0.030
7.285,144.903444,7.285,1,-0.575,0.939,142.822,-0.605,1.051,125.348,-0.055,0.274,23.355,0.119,2.166,0.006,0.010,33.166,0.004,-0.006,-0.028,995.910,14.060,145.293,45.0000000,-122.0000000,145.360,0.000,0.000,0.000,8,00:00:00,-0.750,-0.680,0.410
7.29,145.596864,7.290,1,-0.568,0.928,143.524,-0.603,1.048,125.487,-0.002,0.197,21.733,0.121,2.171,0.055,-0.054,31.544,-0.001,0.010,-0.018,995.680,14.050,147.234,45.0000000,-122.0000000,147.340,0.000,0.000,0.000,8,00:00:00,-0.110,-0.290,0.310
7.298,146.63867040000002,7.298,1,-0.563,0.921,144.414,-0.601,1.047,125.607,-0.076,0.277,20.755,0.112,2.179,-0.017,0.034,30.567,0.003,-0.021,0.000,996.470,14.050,140.569,45.0000000,-122.0000000,140.670,0.000,0.000,0.000,8,00:00:00,0.290,0.410,-0.500
7.311,148.2035136,7.311,1,-0.562,0.920,145.883,-0.600,1.046,125.793,-0.096,0.220,19.509,0.112,2.192,-0.037,-0.017,29.320,-0.010,-0.006,-0.021,996.550,14.040,139.894,45.0000000,-122.0000000,139.950,0.000,0.000,0.000,8,00:00:00,0.110,0.780,0.120
7.329000000000001,150.55656960000002,7.329,1,-0.564,0.924,148.087,-0.598,1.048,126.083,0.005,0.307,17.527,0.127,2.210,0.053,0.086,27.339,-0.002,0.017,-0.001,995.800,14.020,146.221,45.0000000,-122.0000000,146.300,0.000,0.000,0.000,8,00:00:00,0.300,0.830,0.010
7.357,154.0971264,7.357,1,-0.571,0.938,151.599,-0.594,1.050,126.484,0.055,0.195,14.678,0.138,2.238,0.090,0.001,24.488,0.007,0.011,0.013,995.190,14.000,151.370,45.0000000,-122.0000000,151.450,0.000,0.000,0.000,8,00:00:00,-0.310,-0.650,0.040
7.366,155.2401264,7.366,1,-0.567,0.932,152.753,-0.593,1.049,126.613,-0.099,0.250,13.617,0.137,2.247,-0.064,0.063,23.429,-0.009,-0.005,-0.002,994.860,13.990,154.156,45.0000000,-122.0000000,154.280,0.000,0.000,0.000,8,00:00:00,-0.090,-0.400,-0.180
7.379,156.95676000000003,7.379,1,-0.566,0.931,154.362,-0.590,1.048,126.734,0.033,0.250,10.548,0.137,2.260,0.063,0.089,20.359,0.007,0.002,0.003,994.940,13.980,153.481,45.0000000,-122.0000000,153.610,0.000,0.000,0.000,8,00:00:00,0.820,-0.190,-0.110
7.4,159.5816976,7.400,1,-0.569,0.938,156.926,-0.589,1.048,126.812,-0.062,0.150,5.624,0.124,2.281,-0.034,0.025,15.435,-0.011,-0.018,-0.002,994.940,13.960,153.481,45.0000000,-122.0000000,153.580,0.000,0.000,0.000,8,00:00:00,-0.250,-0.190,0.470
7.431,163.52306640000003,7.431,1,-0.578,0.956,160.687,-0.588,1.045,126.701,-0.016,0.006,-1.382,0.138,2.312,-0.003,-0.062,8.428,0.002,0.010,0.006,994.850,13.940,154.241,45.0000000,-122.0000000,154.330,0.000,0.000,0.000,8,00:00:00,0.870,0.170,-1.200
7.4399999999999995,164.697156,7.440,1,-0.575,0.950,161.788,-0.586,1.041,126.652,-0.008,0.018,-3.562,0.132,2.321,0.002,-0.033,6.248,0.000,-0.012,-0.009,994.070,13.930,160.830,45.0000000,-122.0000000,160.920,0.000,0.000,0.000,8,00:00:00,-0.270,-0.140,0.340
7.454000000000001,166.457376,7.454,1,-0.574,0.950,163.559,-0.583,1.038,126.577,0.002,0.049,-5.337,0.125,2.335,0.009,0.014,4.473,0.015,-0.002,-0.001,993.670,13.920,164.211,45.0000000,-122.0000000,164.270,0.000,0.000,0.000,8,00:00:00,-0.340,0.180,0.220
7.474,169.0960296,7.474,1,-0.577,0.956,165.970,-0.583,1.034,126.368,-0.077,-0.051,-8.014,0.134,2.355,-0.074,-0.066,1.796,-0.012,0.002,0.004,993.990,13.900,161.506,45.0000000,-122.0000000,161.610,0.000,0.000,0.000,8,00:00:00,-0.020,-0.460,0.230
7.5,172.3586088,7.500,1,-0.583,0.968,169.311,-0.582,1.030,126.097,-0.032,-0.031,-11.378,0.123,2.381,-0.035,-0.018,-1.568,0.005,-0.006,-0.003,992.670,13.880,172.668,45.0000000,-122.0000000,172.770,0.000,0.000,0.000,8,00:00:00,-0.410,0.310,-0.730
7.538,177.2384568,7.538,1,-0.596,0.992,173.950,-0.579,1.025,125.564,-0.001,-0.025,-12.474,0.127,2.419,-0.005,-0.004,-2.664,-0.002,0.001,0.017,993.170,13.850,168.438,45.0000000,-122.0000000,168.520,0.000,0.000,0.000,8,00:00:00,0.960,-0.220,0.720
7.588,183.57098160000004,7.588,2,-0.615,1.027,180.283,-0.578,1.023,124.913,-0.022,0.037,-13.605,0.134,0.000,-0.028,0.066,-3.795,0.010,0.007,0.005,991.320,13.810,184.095,45.0000000,-122.0000000,184.170,0.000,0.000,0.000,8,00:00:00,0.400,-0.510,-0.080
7.6,185.03981280000002,7.600,2,-0.613,1.024,181.846,-0.576,1.020,124.773,0.022,0.043,-13.936,0.128,0.012,0.016,0.073,-4.126,0.014,-0.006,-0.016,991.160,13.800,185.450,45.0000000,-122.0000000,185.570,0.000,0.000,0.000,8,00:00:00,0.200,0.280,0.780
7.617,187.2395544,7.617,2,-0.613,1.025,183.995,-0.574,1.016,124.549,0.001,0.014,-13.867,0.139,0.029,-0.004,0.043,-4.057,0.006,0.012,-0.006,991.090,13.780,186.043,45.0000000,-122.0000000,186.160,0.000,0.000,0.000,8,00:00:00,0.060,-0.300,0.190
7.644,190.53139439999998,7.644,2,-0.619,1.037,187.362,-0.571,1.012,124.177,0.001,-0.029,-13.912,0.148,0.056,-0.003,0.000,-4.102,0.008,0.007,0.012,990.800,13.760,188.500,45.0000000,-122.0000000,188.600,0.000,0.000,0.000,8,00:00:00,0.710,0.300,-0.470
7.683,195.451476,7.683,2,-0.632,1.060,192.091,-0.569,1.005,123.600,0.006,-0.071,-13.719,0.135,0.095,0.001,-0.044,-3.909,0.002,-0.006,-0.008,990.820,13.730,188.331,45.0000000,-122.0000000,188.410,0.000,0.000,0.000,8,00:00:00,0.110,-1.030,0.770
7.7330000000000005,201.68494080000002,7.733,2,-0.650,1.094,198.298,-0.563,1.002,122.928,0.061,0.019,-13.802,0.186,0.145,0.060,0.044,-3.991,0.011,0.017,0.018,989.330,13.690,200.963,45.0000000,-122.0000000,201.050,0.000,0.000,0.000,8,00:00:00,-0.100,-0.750,-0.040
7.7829999999999995,207.8839632,7.783,2,-0.668,1.126,204.509,-0.561,0.995,122.274,-0.005,-0.065,-13.748,0.194,0.195,-0.007,-0.041,-3.938,0.008,0.001,0.030,988.420,13.650,208.686,45.0000000,-122.0000000,208.780,0.000,0.000,0.000,8,00:00:00,-0.370,-0.580,0.410
7.833,214.0485432,7.833,2,-0.685,1.158,210.593,-0.555,0.992,121.583,0.075,0.019,-13.711,0.187,0.245,0.072,0.040,-3.901,0.015,-0.009,-0.009,988.170,13.610,210.809,45.0000000,-122.0000000,210.930,0.000,0.000,0.000,8,00:00:00,0.210,-0.280,-0.530
7.883,220.1786808,7.883,2,-0.702,1.189,216.594,-0.548,0.984,120.874,0.085,-0.064,-13.686,0.193,0.295,0.082,-0.043,-3.877,0.000,0.002,0.003,987.690,13.570,214.885,45.0000000,-122.0000000,215.020,0.000,0.000,0.000,8,00:00:00,-0.810,0.080,-0.940
7.933,226.2746808,7.933,2,-0.718,1.218,222.607,-0.547,0.978,120.183,-0.035,-0.032,-13.703,0.168,0.345,-0.038,-0.009,-3.893,-0.014,-0.003,-0.008,986.760,13.530,222.788,45.0000000,-122.0000000,222.950,0.000,0.000,0.000,8,00:00:00,0.360,-0.850,0.800
7.9830000000000005,232.33654320000002,7.983,2,-0.734,1.247,228.533,-0.544,0.971,119.478,0.007,-0.054,-13.565,0.195,0.395,0.005,-0.033,-3.755,0.006,0.008,-0.003,986.300,13.490,226.700,45.0000000,-122.0000000,226.820,0.000,0.000,0.000,8,00:00:00,-0.350,0.600,0.220
8.033,238.364268,8.033,2,-0.749,1.275,234.601,-0.544,0.964,118.844,-0.059,-0.035,-13.579,0.184,0.444,-0.062,-0.013,-3.769,-0.002,-0.004,-0.002,984.780,13.450,239.634,45.0000000,-122.0000000,239.790,0.000,0.000,0.000,8,00:00:00,0.550,-0.420,-0.440
8.083,244.35816000000003,8.083,2,-0.764,1.302,240.510,-0.542,0.960,118.157,-0.002,0.009,-13.606,0.176,0.495,-0.005,0.030,-3.796,0.003,-0.004,-0.011,984.660,13.410,240.656,45.0000000,-122.0000000,240.760,0.000,0.000,0.000,8,00:00:00,0.500,0.640,-0.540
8.133,250.31821920000002,8.133,2,-0.778,1.328,246.456,-0.539,0.954,117.509,0.005,-0.020,-13.400,0.182,0.544,0.003,0.001,-3.591,-0.003,0.004,-0.012,983.650,13.370,249.261,45.0000000,-122.0000000,249.410,0.000,0.000,0.000,8,00:00:00,-0.410,0.190,0.140
8.183,256.2447504,8.183,2,-0.792,1.354,252.253,-0.532,0.949,116.813,0.068,0.003,-13.438,0.181,0.595,0.065,0.023,-3.628,0.003,-0.001,-0.007,983.480,13.330,250.710,45.0000000,-122.0000000,250.880,0.000,0.000,0.000,8,00:00:00,0.720,1.430,-0.700
8.233,262.13775360000005,8.233,2,-0.805,1.378,258.069,-0.534,0.943,116.143,-0.104,-0.021,-13.339,0.176,0.645,-0.106,-0.000,-3.529,-0.002,-0.001,0.005,982.560,13.300,258.555,45.0000000,-122.0000000,258.670,0.000,0.000,0.000,8,00:00:00,0.360,-0.600,0.180
8.283,267.9972288,8.283,2,-0.818,1.402,264.153,-0.536,0.936,115.597,-0.087,-0.033,-13.276,0.189,0.695,-0.089,-0.013,-3.466,0.002,0.004,0.005,980.580,13.260,275.459,45.0000000,-122.0000000,275.640,0.000,0.000,0.000,8,00:00:00,-0.060,0.160,0.350
8.333,273.8237856,8.333,2,-0.831,1.425,269.905,-0.532,0.936,114.924,0.013,0.122,-13.373,0.202,0.745,0.010,0.139,-3.562,0.021,-0.007,-0.013,981.190,13.220,270.249,45.0000000,-122.0000000,270.400,0.000,0.000,0.000,8,00:00:00,0.490,0.310,0.140
8.383,279.61711920000005,8.383,2,-0.844,1.448,275.720,-0.532,0.937,114.301,-0.061,0.114,-13.147,0.260,0.795,-0.060,0.130,-3.336,-0.004,0.027,0.009,980.110,13.180,279.476,45.0000000,-122.0000000,279.680,0.000,0.000,0.000,8,00:00:00,0.660,-0.350,0.140
8.433,285.3775344,8.433,2,-0.856,1.470,281.461,-0.527,0.929,113.658,0.035,-0.035,-13.204,0.228,0.845,0.035,-0.016,-3.394,-0.015,-0.006,0.003,979.620,13.150,283.666,45.0000000,-122.0000000,283.850,0.000,0.000,0.000,8,00:00:00,0.120,-0.310,-1.010
8.483,291.1050312,8.483,2,-0.867,1.491,287.173,-0.523,0.922,113.019,0.008,-0.026,-13.151,0.265,0.895,0.011,-0.007,-3.341,-0.000,0.014,-0.008,978.940,13.110,289.482,45.0000000,-122.0000000,289.650,0.000,0.000,0.000,8,00:00:00,-0.660,-0.150,-0.330
8.533,296.7996096,8.533,2,-0.878,1.511,292.884,-0.518,0.921,112.395,0.028,0.091,-13.096,0.252,0.945,0.031,0.111,-3.285,-0.010,-0.002,-0.012,978.150,13.070,296.244,45.0000000,-122.0000000,296.420,0.000,0.000,0.000,8,00:00:00,0.110,-0.280,0.540
8.583,302.4615744,8.583,2,-0.889,1.530,298.654,-0.512,0.913,111.809,0.040,-0.040,-13.048,0.209,0.995,0.040,-0.020,-3.238,-0.004,-0.015,-0.002,977.130,13.030,304.980,45.0000000,-122.0000000,305.180,0.000,0.000,0.000,8,00:00:00,0.940,-0.120,0.190
8.633,308.09092560000005,8.633,2,-0.899,1.549,304.118,-0.508,0.908,111.111,0.017,0.010,-13.077,0.205,1.045,0.017,0.033,-3.267,-0.015,-0.000,0.012,977.570,13.000,301.211,45.0000000,-122.0000000,301.390,0.000,0.000,0.000,8,00:00:00,-0.490,0.030,0.520
8.683,313.68766320000003,8.683,2,-0.908,1.567,309.750,-0.503,0.897,110.496,0.040,-0.097,-13.048,0.187,1.095,0.039,-0.075,-3.239,0.003,-0.006,0.000,976.130,12.960,313.553,45.0000000,-122.0000000,313.710,0.000,0.000,0.000,8,00:00:00,-0.590,0.180,0.460
8.733,319.252092,8.733,2,-0.917,1.584,315.229,-0.496,0.892,109.836,0.052,0.031,-12.959,0.171,1.145,0.050,0.053,-3.149,-0.008,-0.006,-0.026,975.960,12.930,315.011,45.0000000,-122.0000000,315.230,0.000,0.000,0.000,8,00:00:00,-0.140,0.720,-0.040
8.783,324.78390720000004,8.783,2,-0.926,1.601,320.823,-0.491,0.886,109.239,0.035,0.006,-12.876,0.201,1.195,0.035,0.028,-3.066,-0.001,0.011,-0.010,974.750,12.890,325.395,45.0000000,-122.0000000,325.590,0.000,0.000,0.000,8,00:00:00,1.170,-0.390,0.310
8.833,330.2834136,8.833,2,-0.933,1.616,326.103,-0.483,0.881,108.531,0.088,0.021,-12.841,0.211,1.245,0.088,0.043,-3.030,0.001,0.004,-0.008,975.200,12.850,321.532,45.0000000,-122.0000000,321.740,0.000,0.000,0.000,8,00:00:00,0.290,0.250,-0.200
8.883,335.75061120000004,8.883,2,-0.941,1.631,331.526,-0.476,0.873,107.888,0.073,-0.012,-12.970,0.218,1.295,0.073,0.014,-3.160,-0.017,-0.001,0.010,973.900,12.820,332.695,45.0000000,-122.0000000,332.910,0.000,0.000,0.000,8,00:00:00,-0.510,-0.470,-0.320
8.933,341.1858048,8.933,2,-0.948,1.645,337.360,-0.472,0.864,107.427,0.005,-0.052,-12.820,0.187,1.345,0.004,-0.029,-3.010,0.007,-0.009,-0.015,971.610,12.780,352.390,45.0000000,-122.0000000,352.560,0.000,0.000,0.000,8,00:00:00,0.160,-0.340,0.410
8.983,346.58899440000005,8.983,2,-0.954,1.659,342.567,-0.470,0.855,106.728,-0.039,-0.048,-12.819,0.187,1.395,-0.040,-0.024,-3.009,-0.004,-0.001,-0.012,973.200,12.750,338.711,45.0000000,-122.0000000,338.930,0.000,0.000,0.000,8,00:00:00,0.010,-1.020,-0.070
9.033000000000001,351.9604848000001,9.033,2,-0.960,1.671,348.106,-0.465,0.846,106.180,0.011,-0.055,-12.666,0.176,1.445,0.009,-0.034,-2.856,0.017,-0.001,-0.018,971.240,12.710,355.575,45.0000000,-122.0000000,355.760,0.000,0.000,0.000,8,00:00:00,-0.060,-0.330,-0.420
9.083,357.2999712,9.083,2,-0.966,1.683,353.365,-0.463,0.840,105.536,-0.036,0.024,-12.618,0.157,1.495,-0.039,0.043,-2.808,0.002,-0.006,0.006,971.530,12.680,353.078,45.0000000,-122.0000000,353.250,0.000,0.000,0.000,8,00:00:00,1.270,0.110,-0.100
9.133,362.60806320000006,9.133,2,-0.972,1.694,358.670,-0.462,0.834,104.929,-0.045,0.015,-12.495,0.132,1.545,-0.049,0.033,-2.685,0.008,-0.009,0.011,970.640,12.640,360.743,45.0000000,-122.0000000,361.000,0.000,0.000,0.000,8,00:00:00,-0.080,-0.020,-0.520
9.183,367.884456,9.183,2,-0.977,1.705,363.861,-0.457,0.829,104.288,0.020,0.033,-12.496,0.087,1.595,0.014,0.050,-2.686,0.002,-0.017,0.014,970.330,12.610,363.414,45.0000000,-122.0000000,363.610,0.000,0.000,0.000,8,00:00:00,-0.780,-1.540,0.200
9.233,373.1291496,9.233,2,-0.982,1.715,369.090,-0.452,0.821,103.673,0.022,-0.016,-12.534,0.106,1.645,0.017,0.001,-2.724,0.005,0.005,-0.003,969.480,12.570,370.742,45.0000000,-122.0000000,370.960,0.000,0.000,0.000,8,00:00:00,0.930,0.100,0.090
9.283000000000001,378.3427536,9.283,2,-0.986,1.724,374.173,-0.450,0.816,103.015,-0.043,0.034,-12.490,0.142,1.695,-0.047,0.049,-2.680,0.011,0.009,0.003,969.290,12.540,372.380,45.0000000,-122.0000000,372.630,0.000,0.000,0.000,8,00:00:00,-0.580,0.540,-0.160
9.333,383.52496320000006,9.333,2,-0.990,1.733,379.347,-0.445,0.808,102.403,0.025,-0.027,-12.551,0.133,1.745,0.020,-0.012,-2.742,0.004,-0.006,-0.002,968.260,12.510,381.268,45.0000000,-122.0000000,381.530,0.000,0.000,0.000,8,00:00:00,-0.460,0.310,0.110
9.383,388.6760832,9.383,2,-0.994,1.741,384.774,-0.439,0.800,101.907,0.033,-0.018,-12.438,0.161,1.795,0.029,-0.005,-2.628,0.013,0.002,-0.021,966.670,12.470,395.003,45.0000000,-122.0000000,395.280,0.000,0.000,0.000,8,00:00:00,-0.700,0.210,-0.280
9.433,393.7961136,9.433,2,-0.997,1.749,389.842,-0.432,0.791,101.281,0.050,-0.035,-12.440,0.166,1.845,0.047,-0.022,-2.630,-0.003,0.005,-0.010,967.220,12.440,390.250,45.0000000,-122.0000000,390.440,0.000,0.000,0.000,8,00:00:00,-0.260,-0.460,0.010
9.483,398.88474959999996,9.483,2,-1.000,1.755,395.099,-0.425,0.780,100.739,0.060,-0.069,-12.448,0.180,1.895,0.056,-0.057,-2.639,0.010,-0.003,-0.006,965.870,12.410,401.920,45.0000000,-122.0000000,402.160,0.000,0.000,0.000,8,00:00:00,0.870,0.060,0.560
9.533000000000001,403.9426008,9.533,2,-1.003,1.761,399.884,-0.426,0.768,100.032,-0.091,-0.113,-12.317,0.175,1.945,-0.093,-0.101,-2.507,-0.009,0.007,-0.001,966.810,12.370,393.793,45.0000000,-122.0000000,394.060,0.000,0.000,0.000,8,00:00:00,0.380,0.640,0.000
9.583,408.9693624,9.583,2,-1.005,1.767,404.831,-0.423,0.763,99.399,-0.032,0.059,-12.334,0.147,1.995,-0.036,0.073,-2.524,-0.012,-0.004,-0.003,965.580,12.340,404.429,45.0000000,-122.0000000,404.650,0.000,0.000,0.000,8,00:00:00,0.120,-0.740,-0.470
9.633,413.9653392,9.633,2,-1.007,1.771,409.690,-0.417,0.754,98.748,0.038,-0.037,-12.304,0.139,2.045,0.035,-0.021,-2.494,-0.009,0.002,0.004,965.200,12.310,407.717,45.0000000,-122.0000000,407.940,0.000,0.000,0.000,8,00:00:00,-0.820,0.060,0.540
9.683,418.9305312,9.683,2,-1.009,1.775,414.655,-0.415,0.743,98.146,-0.049,-0.079,-12.357,0.129,2.095,-0.052,-0.062,-2.548,-0.008,-0.001,0.008,964.170,12.280,416.636,45.0000000,-122.0000000,416.880,0.000,0.000,0.000,8,00:00:00,-0.290,-0.070,-0.160
9.733,423.86463360000005,9.733,2,-1.011,1.779,419.620,-0.409,0.735,97.561,0.050,-0.011,-12.277,0.078,2.145,0.044,0.005,-2.467,-0.002,-0.018,-0.007,963.500,12.240,422.441,45.0000000,-122.0000000,422.670,0.000,0.000,0.000,8,00:00:00,0.250,0.200,0.090
9.783000000000001,428.76856080000005,9.783,2,-1.012,1.782,424.252,-0.403,0.728,96.857,0.031,0.006,-12.279,0.105,2.195,0.027,0.023,-2.469,-0.008,0.011,0.004,963.960,12.210,418.455,45.0000000,-122.0000000,418.660,0.000,0.000,0.000,8,00:00:00,-0.290,0.270,-0.430
9.833,433.64170320000005,9.833,2,-1.013,1.784,429.251,-0.398,0.720,96.314,0.021,-0.014,-12.186,0.169,2.245,0.019,0.004,-2.376,-0.008,0.022,-0.003,962.070,12.180,434.842,45.0000000,-122.0000000,435.090,0.000,0.000,0.000,8,00:00:00,0.080,0.410,-0.320
9.883,438.4843656,9.883,2,-1.013,1.786,434.220,-0.392,0.712,95.767,0.027,-0.018,-12.249,0.123,2.295,0.023,-0.003,-2.439,0.022,-0.018,-0.004,961.510,12.150,439.703,45.0000000,-122.0000000,439.930,0.000,0.000,0.000,8,00:00:00,0.530,0.590,0.750
9.933,443.2968528,9.933,2,-1.013,1.787,439.159,-0.387,0.702,95.222,0.013,-0.045,-12.171,0.172,2.345,0.012,-0.029,-2.362,-0.009,0.020,-0.010,960.950,12.120,444.565,45.0000000,-122.0000000,444.830,0.000,0.000,0.000,8,00:00:00,-0.270,0.850,-1.110
9.983,448.0791648,9.983,2,-1.013,1.788,443.857,-0.385,0.694,94.601,-0.035,-0.010,-12.046,0.227,2.395,-0.034,0.006,-2.236,-0.018,0.018,0.003,961.100,12.090,443.263,45.0000000,-122.0000000,443.520,0.000,0.000,0.000,8,00:00:00,0.070,-0.060,0.140
10.033000000000001,452.8309968,10.033,2,-1.013,1.788,448.573,-0.380,0.688,93.998,0.015,0.020,-12.074,0.240,2.445,0.016,0.038,-2.264,-0.006,0.003,-0.002,960.400,12.060,449.344,45.0000000,-122.0000000,449.630,0.000,0.000,0.000,8,00:00:00,0.270,-0.680,-0.450
10.083,457.55326320000006,10.083,2,-1.013,1.788,453.595,-0.375,0.679,93.527,0.021,-0.035,-11.992,0.239,2.495,0.022,-0.017,-2.182,-0.002,-0.001,0.010,958.750,12.030,463.691,45.0000000,-122.0000000,463.970,0.000,0.000,0.000,8,00:00:00,0.330,-0.350,0.270
10.133,462.2450496,10.133,2,-1.012,1.787,458.334,-0.373,0.665,92.955,-0.054,-0.113,-12.045,0.196,2.545,-0.054,-0.097,-2.236,0.017,-0.013,-0.001,959.030,12.000,461.255,45.0000000,-122.0000000,461.500,0.000,0.000,0.000,8,00:00:00,0.330,-0.240,-0.030
10.183,466.9072704,10.183,2,-1.011,1.786,462.942,-0.371,0.660,92.352,-0.034,0.040,-11.867,0.238,2.595,-0.033,0.056,-2.056,-0.016,0.013,-0.009,958.830,11.960,462.995,45.0000000,-122.0000000,463.280,0.000,0.000,0.000,8,00:00:00,0.090,0.250,-0.080
10.233,471.5396208,10.233,2,-1.010,1.784,467.640,-0.367,0.652,91.793,-0.010,-0.004,-11.903,0.265,2.645,-0.009,0.014,-2.093,-0.014,0.005,-0.021,957.910,11.930,471.004,45.0000000,-122.0000000,471.310,0.000,0.000,0.000,8,00:00:00,-0.600,-0.140,1.230
10.283000000000001,476.14210080000004,10.283,2,-1.009,1.782,472.403,-0.365,0.643,91.271,-0.047,-0.028,-11.882,0.294,2.695,-0.045,-0.009,-2.073,-0.019,0.002,0.007,957.070,11.910,478.321,45.0000000,-122.0000000,478.580,0.000,0.000,0.000,8,00:00:00,0.730,0.410,0.820
10.333,480.7147104,10.333,2,-1.007,1.779,477.152,-0.362,0.634,90.749,-0.019,-0.036,-11.971,0.321,2.745,-0.017,-0.014,-2.161,-0.010,0.005,0.007,956.490,11.880,483.376,45.0000000,-122.0000000,483.660,0.000,0.000,0.000,8,00:00:00,-0.320,0.020,0.980
10.383,485.2574496,10.383,2,-1.006,1.776,481.877,-0.359,0.626,90.231,-0.033,-0.020,-11.898,0.324,2.795,-0.031,0.002,-2.088,-0.007,-0.004,-0.011,955.940,11.850,488.172,45.0000000,-122.0000000,488.420,0.000,0.000,0.000,8,00:00:00,0.670,-0.170,-0.420
10.433,489.77092799999997,10.433,2,-1.004,1.773,486.757,-0.352,0.621,89.784,0.063,0.048,-11.847,0.345,2.845,0.064,0.070,-2.037,-0.009,0.003,0.003,954.820,11.820,497.946,45.0000000,-122.0000000,498.240,0.000,0.000,0.000,8,00:00:00,-0.410,0.560,-0.420
10.483,494.25453600000003,10.483,2,-1.002,1.769,491.186,-0.348,0.614,89.172,-0.001,0.010,-11.905,0.336,2.895,-0.001,0.034,-2.095,-0.008,-0.012,-0.015,955.650,11.790,490.702,45.0000000,-122.0000000,491.030,0.000,0.000,0.000,8,00:00:00,-0.080,-0.120,-0.400
10.533000000000001,498.7085784,10.533,2,-0.999,1.765,495.586,-0.341,0.609,88.564,0.048,0.060,-11.825,0.334,2.945,0.047,0.084,-2.014,-0.009,-0.012,-0.007,955.140,11.760,495.153,45.0000000,-122.0000000,495.480,0.000,0.000,0.000,8,00:00:00,0.510,-0.080,0.250
10.583,503.13305520000006,10.583,2,-0.997,1.761,499.953,-0.340,0.600,87.956,-0.055,-0.036,-11.811,0.319,2.995,-0.054,-0.015,-2.002,0.020,0.015,-0.003,954.650,11.730,499.431,45.0000000,-122.0000000,499.740,0.000,0.000,0.000,8,00:00:00,-0.600,1.520,0.170
10.633,507.5282712,10.633,2,-0.994,1.756,504.614,-0.335,0.595,87.475,0.020,0.040,-11.720,0.303,3.045,0.019,0.060,-1.909,-0.002,-0.010,-0.006,953.110,11.700,512.887,45.0000000,-122.0000000,513.190,0.000,0.000,0.000,8,00:00:00,-0.040,-0.110,-0.900
10.683,511.89392160000006,10.683,2,-0.991,1.751,509.183,-0.334,0.586,86.971,-0.067,-0.026,-11.681,0.350,3.095,-0.065,-0.006,-1.871,0.000,0.022,-0.004,952.800,11.670,515.598,45.0000000,-122.0000000,515.880,0.000,0.000,0.000,8,00:00:00,0.230,0.770,0.310
10.733,516.230616,10.733,2,-0.988,1.746,513.530,-0.330,0.577,86.390,-0.009,-0.034,-11.707,0.292,3.145,-0.008,-0.014,-1.897,0.005,-0.023,0.003,952.910,11.640,514.636,45.0000000,-122.0000000,514.940,0.000,0.000,0.000,8,00:00:00,0.050,-0.670,-0.900
10.783000000000001,520.5377448,10.783,2,-0.985,1.740,517.950,-0.327,0.568,85.854,-0.019,-0.038,-11.590,0.291,3.195,-0.020,-0.019,-1.781,-0.012,-0.015,-0.006,952.090,11.620,521.809,45.0000000,-122.0000000,522.130,0.000,0.000,0.000,8,00:00:00,-0.060,-0.750,-0.420
10.833,524.8162224,10.833,2,-0.982,1.734,522.205,-0.321,0.561,85.263,0.033,0.005,-11.655,0.243,3.245,0.030,0.025,-1.845,0.008,-0.019,-0.007,952.030,11.590,522.334,45.0000000,-122.0000000,522.660,0.000,0.000,0.000,8,00:00:00,-0.340,-0.320,0.780
10.883,529.0654392,10.883,2,-0.979,1.727,526.295,-0.318,0.551,84.625,-0.019,-0.038,-11.558,0.241,3.295,-0.023,-0.019,-1.748,-0.002,-0.006,0.004,951.980,11.560,522.772,45.0000000,-122.0000000,523.110,0.000,0.000,0.000,8,00:00:00,-0.070,0.200,0.730
10.933,533.2860048,10.933,2,-0.975,1.721,530.581,-0.311,0.540,84.079,0.061,-0.079,-11.445,0.230,3.345,0.059,-0.061,-1.636,0.007,0.006,0.007,950.790,11.530,533.191,45.0000000,-122.0000000,533.470,0.000,0.000,0.000,8,00:00:00,0.150,-0.290,-0.120
10.983,537.4776144,10.983,2,-0.971,1.713,534.927,-0.309,0.531,83.561,-0.051,-0.033,-11.531,0.237,3.395,-0.053,-0.016,-1.722,-0.000,0.005,-0.018,950.030,11.510,539.852,45.0000000,-122.0000000,540.130,0.000,0.000,0.000,8,00:00:00,0.210,0.310,0.110
11.033000000000001,541.6402680000001,11.033,2,-0.967,1.706,538.747,-0.302,0.519,82.862,0.047,-0.100,-11.387,0.274,3.445,0.046,-0.082,-1.578,-0.009,0.010,0.001,951.120,11.480,530.301,45.0000000,-122.0000000,530.620,0.000,0.000,0.000,8,00:00:00,0.450,-0.520,0.330
11.083,545.7745752,11.083,2,-0.963,1.697,542.854,-0.294,0.508,82.280,0.091,-0.073,-11.470,0.309,3.495,0.091,-0.054,-1.660,-0.004,0.016,0.004,949.670,11.450,543.008,45.0000000,-122.0000000,543.370,0.000,0.000,0.000,8,00:00:00,-0.240,-0.340,0.050
11.133,549.8799264,11.133,2,-0.958,1.689,547.097,-0.287,0.501,81.767,0.063,0.009,-11.347,0.273,3.545,0.063,0.026,-1.537,0.013,-0.004,0.001,948.680,11.430,551.693,45.0000000,-122.0000000,552.030,0.000,0.000,0.000,8,00:00:00,0.050,0.240,0.330
11.183,553.9566264,11.183,2,-0.953,1.680,551.347,-0.283,0.496,81.258,-0.005,0.029,-11.512,0.270,3.595,-0.006,0.047,-1.701,-0.004,-0.006,-0.004,948.100,11.400,556.785,45.0000000,-122.0000000,557.140,0.000,0.000,0.000,8,00:00:00,0.030,-0.480,-0.840
11.233,558.00498,11.233,2,-0.948,1.671,555.317,-0.280,0.490,80.659,-0.024,0.031,-11.379,0.267,3.645,-0.026,0.048,-1.569,-0.001,-0.003,-0.006,948.420,11.370,553.975,45.0000000,-122.0000000,554.280,0.000,0.000,0.000,8,00:00:00,-0.680,0.370,-0.650
11.283000000000001,562.0246824000001,11.283,2,-0.943,1.662,559.344,-0.276,0.479,80.092,0.003,-0.069,-11.397,0.257,3.695,0.002,-0.052,-1.588,0.003,-0.001,0.001,947.700,11.350,560.298,45.0000000,-122.0000000,560.650,0.000,0.000,0.000,8,00:00:00,-0.360,-1.110,-0.300
11.333,566.0157336000001,11.333,2,-0.938,1.653,563.588,-0.272,0.472,79.619,-0.014,-0.006,-11.384,0.285,3.745,-0.015,0.011,-1.574,-0.014,-0.004,-0.008,946.470,11.320,571.108,45.0000000,-122.0000000,571.460,0.000,0.000,0.000,8,00:00:00,0.100,0.070,-0.230
11.383,569.9784384000001,11.383,2,-0.933,1.643,567.549,-0.268,0.459,79.054,0.006,-0.120,-11.247,0.333,3.795,0.005,-0.102,-1.439,-0.015,0.006,-0.001,946.810,11.300,568.118,45.0000000,-122.0000000,568.490,0.000,0.000,0.000,8,00:00:00,0.280,-0.430,0.350
11.433,573.9127968,11.433,2,-0.928,1.633,571.520,-0.264,0.450,78.500,0.009,-0.031,-11.330,0.404,3.845,0.009,-0.011,-1.520,-0.021,0.013,0.009,946.240,11.270,573.130,45.0000000,-122.0000000,573.470,0.000,0.000,0.000,8,00:00:00,0.130,0.170,-0.310
11.483,577.8185040000001,11.483,2,-0.922,1.623,575.269,-0.260,0.441,77.872,-0.012,-0.049,-11.338,0.414,3.895,-0.012,-0.029,-1.528,-0.001,0.005,0.003,946.400,11.240,571.723,45.0000000,-122.0000000,572.040,0.000,0.000,0.000,8,00:00:00,-0.160,-0.040,0.540
11.533000000000001,581.6961696000001,11.533,2,-0.917,1.612,578.871,-0.258,0.435,77.205,-0.024,0.022,-11.257,0.401,3.945,-0.025,0.041,-1.447,-0.001,-0.012,0.001,946.340,11.220,572.251,45.0000000,-122.0000000,572.610,0.000,0.000,0.000,8,00:00:00,0.530,-0.280,0.020
11.583,585.5454888,11.583,2,-0.911,1.601,582.811,-0.254,0.426,76.674,0.002,-0.044,-11.322,0.372,3.995,0.001,-0.025,-1.513,0.010,-0.002,0.009,944.770,11.190,586.067,45.0000000,-122.0000000,586.450,0.000,0.000,0.000,8,00:00:00,-0.110,-0.080,0.490
11.633,589.3667664,11.633,2,-0.905,1.590,586.711,-0.253,0.417,76.139,-0.070,-0.052,-11.302,0.350,4.045,-0.070,-0.034,-1.492,0.010,0.002,0.004,944.370,11.170,589.590,45.0000000,-122.0000000,589.950,0.000,0.000,0.000,8,00:00:00,-0.120,-0.290,-0.390
11.683,593.1600024,11.683,2,-0.900,1.579,590.495,-0.248,0.405,75.573,0.023,-0.094,-11.264,0.301,4.095,0.022,-0.077,-1.455,0.014,-0.011,-0.002,944.210,11.140,590.999,45.0000000,-122.0000000,591.380,0.000,0.000,0.000,8,00:00:00,-0.280,-0.140,-0.200
11.733,596.924892,11.733,2,-0.894,1.567,594.020,-0.240,0.397,74.919,0.076,-0.026,-11.282,0.303,4.145,0.075,-0.009,-1.472,-0.001,-0.001,0.017,944.500,11.120,588.444,45.0000000,-122.0000000,588.820,0.000,0.000,0.000,8,00:00:00,-0.530,0.160,0.300
11.783000000000001,600.6620448,11.783,2,-0.888,1.555,597.794,-0.240,0.386,74.377,-0.073,-0.087,-11.140,0.287,4.195,-0.074,-0.072,-1.331,0.007,0.000,0.018,943.230,11.100,599.637,45.0000000,-122.0000000,599.990,0.000,0.000,0.000,8,00:00:00,-0.740,-0.130,0.520
11.833,604.371156,11.833,2,-0.882,1.543,601.205,-0.236,0.377,73.709,0.017,-0.057,-11.159,0.293,4.245,0.017,-0.042,-1.350,0.004,0.009,0.005,943.850,11.070,594.171,45.0000000,-122.0000000,594.510,0.000,0.000,0.000,8,00:00:00,-0.520,0.180,-0.610
11.883,608.0525304,11.883,2,-0.876,1.530,605.027,-0.233,0.370,73.203,-0.032,0.007,-11.256,0.285,4.295,-0.033,0.022,-1.446,0.010,0.007,0.006,942.080,11.050,609.782,45.0000000,-122.0000000,610.150,0.000,0.000,0.000,8,00:00:00,-0.630,0.340,-1.270
11.933,611.7058632000001,11.933,2,-0.870,1.518,608.722,-0.230,0.368,72.665,0.001,0.076,-11.135,0.313,4.345,0.000,0.091,-1.324,-0.014,-0.002,-0.008,941.970,11.020,610.753,45.0000000,-122.0000000,611.150,0.000,0.000,0.000,8,00:00:00,-0.150,0.050,0.440
11.983,615.331764,11.983,2,-0.864,1.506,612.292,-0.229,0.361,72.093,-0.052,-0.007,-11.056,0.309,4.395,-0.051,0.006,-1.246,0.014,0.013,-0.002,941.860,11.000,611.724,45.0000000,-122.0000000,612.100,0.000,0.000,0.000,8,00:00:00,-0.600,0.320,0.020
12.033000000000001,618.9296232,12.033,2,-0.857,1.493,615.791,-0.224,0.354,71.510,0.013,-0.016,-10.968,0.234,4.445,0.013,-0.004,-1.158,0.013,-0.023,0.005,941.590,10.980,614.108,45.0000000,-122.0000000,614.480,0.000,0.000,0.000,8,00:00:00,0.520,-0.310,0.190
12.083,622.5003552000001,12.083,2,-0.851,1.480,619.424,-0.222,0.349,70.987,-0.027,0.029,-10.992,0.206,4.495,-0.029,0.040,-1.181,0.003,-0.013,0.004,940.690,10.950,622.058,45.0000000,-122.0000000,622.420,0.000,0.000,0.000,8,00:00:00,0.610,-0.210,-0.590
12.133,626.0430456,12.133,2,-0.845,1.468,623.093,-0.217,0.344,70.486,0.017,0.032,-11.025,0.216,4.545,0.015,0.044,-1.214,-0.001,0.004,-0.006,940.090,10.930,627.361,45.0000000,-122.0000000,627.730,0.000,0.000,0.000,8,00:00:00,-0.700,0.300,-0.020
12.183,629.5586088000001,12.183,2,-0.839,1.455,626.626,-0.215,0.341,69.944,-0.020,0.077,-11.016,0.150,4.595,-0.023,0.087,-1.205,0.023,-0.009,-0.003,940.020,10.910,627.980,45.0000000,-122.0000000,628.380,0.000,0.000,0.000,8,00:00:00,-0.010,0.920,-0.420
12.233,633.0464352,12.233,2,-0.832,1.443,629.904,-0.212,0.333,69.316,-0.013,-0.046,-11.012,0.099,4.645,-0.016,-0.036,-1.203,0.015,-0.010,-0.003,940.330,10.890,625.239,45.0000000,-122.0000000,625.580,0.000,0.000,0.000,8,00:00:00,0.860,0.200,-0.110
12.283000000000001,636.5068296000001,12.283,2,-0.826,1.430,633.314,-0.207,0.323,68.750,0.029,-0.069,-11.010,0.152,4.695,0.028,-0.059,-1.200,-0.018,0.009,0.005,939.460,10.860,632.933,45.0000000,-122.0000000,633.340,0.000,0.000,0.000,8,00:00:00,-0.910,0.150,-0.110
12.333,639.939792,12.333,2,-0.819,1.417,636.542,-0.201,0.318,68.130,0.042,0.019,-10.929,0.183,4.745,0.041,0.029,-1.119,0.006,0.018,0.002,939.550,10.840,632.136,45.0000000,-122.0000000,632.530,0.000,0.000,0.000,8,00:00:00,-0.290,-0.070,-0.060
12.383,643.3456272,12.383,2,-0.813,1.404,639.800,-0.198,0.312,67.534,-0.016,-0.007,-10.900,0.174,4.795,-0.017,0.002,-1.090,0.014,0.003,-0.008,939.000,10.820,637.003,45.0000000,-122.0000000,637.370,0.000,0.000,0.000,8,00:00:00,-0.290,-0.310,-1.380
12.433,646.7237256000001,12.433,2,-0.806,1.391,643.183,-0.194,0.301,67.000,0.013,-0.096,-10.833,0.228,4.845,0.014,-0.088,-1.024,-0.002,0.019,0.011,938.160,10.800,644.439,45.0000000,-122.0000000,644.790,0.000,0.000,0.000,8,00:00:00,-0.680,0.060,0.090
12.483,650.0750016,12.483,2,-0.799,1.377,646.639,-0.191,0.292,66.502,-0.014,-0.057,-10.851,0.227,4.895,-0.013,-0.051,-1.041,0.029,0.002,0.017,937.470,10.770,650.552,45.0000000,-122.0000000,650.900,0.000,0.000,0.000,8,00:00:00,0.020,0.160,0.980
12.533000000000001,653.3985408,12.533,2,-0.792,1.364,649.644,-0.185,0.288,65.844,0.061,0.035,-10.861,0.189,4.945,0.060,0.043,-1.051,-0.004,-0.013,-0.006,938.400,10.750,642.314,45.0000000,-122.0000000,642.730,0.000,0.000,0.000,8,00:00:00,-0.210,-0.350,0.140
12.583,656.6952576000001,12.583,2,-0.785,1.350,652.880,-0.185,0.278,65.284,-0.066,-0.084,-10.880,0.207,4.995,-0.066,-0.077,-1.071,-0.001,0.006,0.007,937.250,10.730,652.501,45.0000000,-122.0000000,652.910,0.000,0.000,0.000,8,00:00:00,0.110,0.120,0.400
12.633,659.9648472,12.633,2,-0.779,1.336,656.541,-0.185,0.274,64.898,-0.080,0.049,-10.813,0.193,5.045,-0.081,0.055,-1.003,0.001,-0.005,-0.013,935.490,10.710,668.112,45.0000000,-122.0000000,668.460,0.000,0.000,0.000,8,00:00:00,-0.670,0.190,-0.010
12.683,663.2070048,12.683,2,-0.772,1.323,659.622,-0.177,0.267,64.300,0.100,-0.034,-10.833,0.227,5.095,0.100,-0.026,-1.023,-0.014,0.012,-0.006,936.810,10.690,656.402,45.0000000,-122.0000000,656.790,0.000,0.000,0.000,8,00:00:00,0.450,1.500,-0.190
12.733,666.4223400000001,12.733,2,-0.765,1.309,662.921,-0.172,0.263,63.796,0.028,0.031,-10.804,0.244,5.145,0.029,0.037,-0.994,0.019,0.005,0.021,935.700,10.670,666.248,45.0000000,-122.0000000,666.600,0.000,0.000,0.000,8,00:00:00,0.200,-0.160,0.310
12.783000000000001,669.6105480000001,12.783,2,-0.758,1.295,665.907,-0.167,0.258,63.188,0.033,0.015,-10.730,0.264,5.195,0.034,0.021,-0.919,0.013,0.004,0.016,936.220,10.650,661.634,45.0000000,-122.0000000,662.020,0.000,0.000,0.000,8,00:00:00,1.360,0.600,0.430
12.833,672.7719336,12.833,2,-0.751,1.282,668.978,-0.168,0.255,62.621,-0.069,0.059,-10.770,0.260,5.245,-0.069,0.065,-0.960,-0.011,0.001,-0.008,935.530,10.630,667.757,45.0000000,-122.0000000,668.170,0.000,0.000,0.000,8,00:00:00,-0.300,-0.900,0.290
12.883,675.906192,12.883,2,-0.744,1.268,672.007,-0.162,0.244,62.050,0.043,-0.108,-10.767,0.283,5.295,0.044,-0.101,-0.957,-0.002,0.008,0.000,935.230,10.610,670.420,45.0000000,-122.0000000,670.800,0.000,0.000,0.000,8,00:00:00,0.430,-0.060,0.870
12.933,679.0133232000001,12.933,2,-0.737,1.254,675.118,-0.160,0.241,61.519,-0.018,0.052,-10.789,0.299,5.345,-0.016,0.058,-0.978,0.001,0.005,-0.003,934.550,10.590,676.459,45.0000000,-122.0000000,676.890,0.000,0.000,0.000,8,00:00:00,-0.040,1.110,-0.530
12.983,682.0939368,12.983,2,-0.729,1.241,678.097,-0.157,0.237,60.948,-0.011,0.032,-10.776,0.302,5.395,-0.009,0.038,-0.966,-0.005,0.002,0.002,934.530,10.570,676.637,45.0000000,-122.0000000,677.000,0.000,0.000,0.000,8,00:00:00,-0.750,0.860,0.280
13.033,685.1474232,13.033,2,-0.722,1.227,681.310,-0.155,0.234,60.482,-0.021,0.038,-10.670,0.288,5.445,-0.020,0.042,-0.860,0.024,-0.009,-0.003,933.390,10.550,686.770,45.0000000,-122.0000000,687.170,0.000,0.000,0.000,8,00:00:00,-0.220,-0.640,-0.110
13.083,688.174392,13.083,2,-0.715,1.214,684.181,-0.154,0.229,59.894,-0.032,0.001,-10.708,0.309,5.495,-0.031,0.006,-0.898,-0.001,0.008,0.007,934.010,10.530,681.258,45.0000000,-122.0000000,681.680,0.000,0.000,0.000,8,00:00:00,0.430,0.430,0.210
13.133,691.1745384,13.133,2,-0.708,1.200,687.120,-0.150,0.226,59.346,0.002,0.052,-10.652,0.271,5.545,0.002,0.058,-0.842,-0.015,-0.010,-0.003,933.390,10.510,686.770,45.0000000,-122.0000000,687.160,0.000,0.000,0.000,8,00:00:00,-0.010,0.120,0.120
13.183,694.1481672000001,13.183,2,-0.701,1.187,689.936,-0.145,0.222,58.760,0.041,0.013,-10.674,0.251,5.595,0.042,0.019,-0.864,-0.009,-0.006,0.012,933.360,10.490,687.036,45.0000000,-122.0000000,687.480,0.000,0.000,0.000,8,00:00:00,0.090,0.100,0.410
13.233,697.0949736,13.233,2,-0.694,1.174,692.727,-0.142,0.212,58.181,0.010,-0.092,-10.591,0.216,5.645,0.010,-0.087,-0.781,0.011,-0.014,-0.001,933.030,10.470,689.972,45.0000000,-122.0000000,690.380,0.000,0.000,0.000,8,00:00:00,0.170,-1.040,0.520
13.283,700.0152624,13.283,2,-0.687,1.160,695.528,-0.142,0.210,57.608,-0.058,0.058,-10.738,0.165,5.695,-0.059,0.064,-0.927,-0.010,-0.016,-0.019,932.600,10.450,693.797,45.0000000,-122.0000000,694.230,0.000,0.000,0.000,8,00:00:00,-0.360,-0.330,0.490
13.333,702.9090336,13.333,2,-0.680,1.147,698.385,-0.143,0.206,57.071,-0.078,0.023,-10.666,0.164,5.745,-0.079,0.028,-0.856,0.012,-0.003,0.006,932.030,10.430,698.871,45.0000000,-122.0000000,699.250,0.000,0.000,0.000,8,00:00:00,-0.200,-0.020,-0.250
13.383,705.7762872000001,13.383,2,-0.673,1.134,701.049,-0.140,0.206,56.477,0.002,0.110,-10.565,0.173,5.795,0.001,0.115,-0.754,-0.011,0.006,-0.001,932.220,10.410,697.179,45.0000000,-122.0000000,697.550,0.000,0.000,0.000,8,00:00:00,-0.370,-0.660,0.610
13.433,708.6170232000001,13.433,2,-0.666,1.120,703.973,-0.136,0.199,55.991,0.011,-0.042,-10.559,0.152,5.845,0.010,-0.037,-0.749,-0.000,-0.007,-0.010,931.040,10.390,707.689,45.0000000,-122.0000000,708.080,0.000,0.000,0.000,8,00:00:00,-0.030,0.470,0.180
13.483,711.4312416,13.483,2,-0.659,1.107,706.370,-0.133,0.196,55.318,-0.001,0.029,-10.552,0.179,5.895,-0.001,0.035,-0.742,-0.013,0.010,0.000,932.250,10.380,696.912,45.0000000,-122.0000000,697.290,0.000,0.000,0.000,8,00:00:00,0.940,-0.670,-0.120
13.533,714.2192472,13.533,2,-0.652,1.094,708.745,-0.133,0.188,54.650,-0.055,-0.053,-10.516,0.212,5.945,-0.055,-0.047,-0.707,-0.020,0.007,0.002,931.950,10.360,699.583,45.0000000,-122.0000000,699.990,0.000,0.000,0.000,8,00:00:00,0.020,-0.480,0.530
13.583,716.9810400000001,13.583,2,-0.645,1.081,711.240,-0.131,0.183,54.039,-0.004,-0.004,-10.534,0.174,5.995,-0.005,0.002,-0.724,-0.006,-0.017,0.000,931.220,10.340,706.085,45.0000000,-122.0000000,706.540,0.000,0.000,0.000,8,00:00:00,0.360,0.180,0.280
13.633,719.7163152,13.633,2,-0.639,1.068,713.780,-0.129,0.181,53.452,-0.028,0.038,-10.617,0.210,6.045,-0.029,0.045,-0.807,-0.003,0.013,-0.007,930.710,10.320,710.630,45.0000000,-122.0000000,711.020,0.000,0.000,0.000,8,00:00:00,-0.070,-0.380,0.700
13.683,722.4250728000001,13.683,2,-0.632,1.055,716.542,-0.126,0.173,52.969,0.004,-0.052,-10.436,0.182,6.095,0.004,-0.047,-0.626,0.016,-0.004,0.028,929.660,10.300,719.993,45.0000000,-122.0000000,720.400,0.000,0.000,0.000,8,00:00:00,0.750,-0.570,0.100
13.733,725.1079224000001,13.733,2,-0.625,1.042,719.236,-0.124,0.166,52.465,-0.017,-0.062,-10.525,0.197,6.145,-0.017,-0.057,-0.715,-0.012,0.001,0.003,929.490,10.290,721.510,45.0000000,-122.0000000,721.950,0.000,0.000,0.000,8,00:00:00,-0.100,-0.460,-0.000
13.783,727.7642544,13.783,2,-0.618,1.029,722.013,-0.119,0.159,52.003,0.059,-0.038,-10.476,0.232,6.195,0.059,-0.032,-0.666,-0.006,0.011,0.000,928.860,10.270,727.133,45.0000000,-122.0000000,727.560,0.000,0.000,0.000,8,00:00:00,-0.210,-0.410,-0.160
13.833,730.3943736,13.833,2,-0.612,1.015,724.731,-0.113,0.156,51.532,0.059,0.015,-10.417,0.195,6.245,0.059,0.020,-0.607,0.003,-0.013,-0.010,928.660,10.250,728.919,45.0000000,-122.0000000,729.350,0.000,0.000,0.000,8,00:00:00,-1.120,-0.530,-0.170
13.883,732.99828,13.883,2,-0.605,1.002,727.294,-0.113,0.150,51.007,-0.057,-0.031,-10.487,0.199,6.295,-0.057,-0.025,-0.677,-0.004,-0.001,0.004,928.760,10.240,728.026,45.0000000,-122.0000000,728.480,0.000,0.000,0.000,8,00:00:00,0.690,0.250,0.160
13.933,735.5759736,13.933,2,-0.598,0.989,729.747,-0.108,0.144,50.449,0.048,-0.031,-10.529,0.199,6.345,0.048,-0.025,-0.719,0.010,0.005,0.002,928.730,10.220,728.294,45.0000000,-122.0000000,728.760,0.000,0.000,0.000,8,00:00:00,-0.170,-0.100,0.940
13.983,738.1274544,13.983,2,-0.591,0.976,731.909,-0.101,0.139,49.796,0.099,-0.019,-10.457,0.194,6.395,0.098,-0.013,-0.647,-0.014,-0.010,-0.001,929.260,10.200,723.563,45.0000000,-122.0000000,724.010,0.000,0.000,0.000,8,00:00:00,0.000,-0.200,0.430
14.033,740.6530272,14.033,2,-0.583,0.962,734.361,-0.096,0.131,49.264,0.039,-0.059,-10.454,0.212,6.445,0.039,-0.054,-0.644,-0.003,0.005,0.012,928.040,10.190,734.456,45.0000000,-122.0000000,734.900,0.000,0.000,0.000,8,00:00:00,-0.860,0.160,-0.230
14.083,743.152692,14.083,2,-0.576,0.949,736.875,-0.093,0.127,48.770,0.002,-0.004,-10.352,0.203,6.495,0.002,0.001,-0.542,-0.001,-0.005,-0.006,927.500,10.170,739.282,45.0000000,-122.0000000,739.720,0.000,0.000,0.000,8,00:00:00,-0.050,-0.010,-1.110
14.133,745.6261440000001,14.133,2,-0.569,0.936,739.085,-0.088,0.126,48.169,0.065,0.069,-10.399,0.170,6.545,0.064,0.074,-0.588,-0.002,-0.017,-0.001,928.070,10.150,734.188,45.0000000,-122.0000000,734.580,0.000,0.000,0.000,8,00:00:00,0.070,-0.140,0.760
14.183,748.0733832000001,14.183,2,-0.561,0.923,741.694,-0.081,0.118,47.732,0.085,-0.087,-10.345,0.181,6.595,0.084,-0.082,-0.536,-0.002,0.004,0.016,926.520,10.140,748.045,45.0000000,-122.0000000,748.510,0.000,0.000,0.000,8,00:00:00,-0.260,-0.690,-0.740
14.233,750.4950192,14.233,2,-0.554,0.910,744.101,-0.075,0.111,47.225,0.062,-0.066,-10.390,0.192,6.645,0.062,-0.060,-0.581,-0.003,0.002,-0.008,926.780,10.120,745.720,45.0000000,-122.0000000,746.160,0.000,0.000,0.000,8,00:00:00,-0.240,1.200,-0.180
14.283,752.8904424,14.283,2,-0.546,0.896,746.606,-0.073,0.106,46.770,0.004,-0.019,-10.274,0.144,6.695,0.003,-0.015,-0.464,0.022,-0.003,0.015,926.140,10.110,751.446,45.0000000,-122.0000000,751.920,0.000,0.000,0.000,8,00:00:00,-0.250,0.360,-0.350
14.333,755.2602624,14.333,2,-0.538,0.883,748.812,-0.074,0.102,46.211,-0.066,0.007,-10.294,0.146,6.745,-0.066,0.011,-0.484,0.005,0.004,0.019,926.700,10.090,746.435,45.0000000,-122.0000000,746.890,0.000,0.000,0.000,8,00:00:00,-0.940,-0.560,0.550
14.383,757.6041744,14.383,2,-0.531,0.870,751.648,-0.074,0.097,45.896,-0.057,-0.018,-10.336,0.144,6.795,-0.057,-0.013,-0.526,0.004,0.001,0.011,924.460,10.080,766.491,45.0000000,-122.0000000,766.960,0.000,0.000,0.000,8,00:00:00,-0.170,0.160,1.320
14.433,759.9224832000001,14.433,2,-0.524,0.857,753.975,-0.071,0.092,45.394,0.015,-0.028,-10.390,0.203,6.845,0.015,-0.023,-0.581,-0.010,0.018,0.004,925.640,10.060,755.921,45.0000000,-122.0000000,756.330,0.000,0.000,0.000,8,00:00:00,0.830,0.910,-0.250
14.483,762.214884,14.483,2,-0.516,0.844,756.368,-0.066,0.085,44.935,0.062,-0.061,-10.198,0.210,6.895,0.061,-0.058,-0.389,-0.021,-0.011,-0.013,925.110,10.050,760.667,45.0000000,-122.0000000,761.120,0.000,0.000,0.000,8,00:00:00,-0.240,-0.090,0.310
14.533,764.4813768,14.533,2,-0.509,0.831,758.858,-0.063,0.087,44.518,0.012,0.103,-10.276,0.244,6.945,0.012,0.107,-0.465,0.000,0.016,0.004,924.480,10.030,766.312,45.0000000,-122.0000000,766.760,0.000,0.000,0.000,8,00:00:00,0.520,0.440,0.400
14.583,766.7225712000001,14.583,2,-0.502,0.818,761.240,-0.063,0.085,44.070,-0.041,0.042,-10.215,0.220,6.995,-0.041,0.046,-0.405,-0.007,-0.018,-0.009,924.470,10.020,766.401,45.0000000,-122.0000000,766.880,0.000,0.000,0.000,8,00:00:00,-0.200,-0.260,0.470
14.633,768.9378576000001,14.633,2,-0.494,0.805,763.674,-0.059,0.083,43.647,0.033,0.026,-10.288,0.191,7.045,0.033,0.030,-0.478,0.016,0.001,-0.016,923.980,10.000,770.794,45.0000000,-122.0000000,771.270,0.000,0.000,0.000,8,00:00:00,-0.470,0.330,-0.550
14.683,771.1275408,14.683,2,-0.487,0.793,765.949,-0.055,0.079,43.180,0.037,-0.018,-10.144,0.201,7.095,0.037,-0.015,-0.334,0.004,0.007,0.008,924.130,9.990,769.449,45.0000000,-122.0000000,769.890,0.000,0.000,0.000,8,00:00:00,-0.420,-0.030,0.090
14.733,773.2916208,14.733,2,-0.480,0.780,768.253,-0.057,0.075,42.729,-0.078,-0.011,-10.207,0.248,7.145,-0.078,-0.008,-0.397,0.009,0.022,0.015,923.720,9.970,773.125,45.0000000,-122.0000000,773.560,0.000,0.000,0.000,8,00:00:00,-0.420,0.010,-0.050
14.783,775.4300976,14.783,2,-0.473,0.768,770.483,-0.056,0.068,42.258,-0.024,-0.068,-10.221,0.218,7.195,-0.024,-0.065,-0.411,0.006,-0.009,-0.014,923.620,9.960,774.022,45.0000000,-122.0000000,774.510,0.000,0.000,0.000,8,00:00:00,0.230,-0.290,-0.530
14.833,777.5429712000001,14.833,2,-0.466,0.755,772.615,-0.056,0.065,41.760,-0.058,0.018,-10.192,0.236,7.245,-0.058,0.021,-0.382,0.001,0.007,-0.003,923.600,9.950,774.201,45.0000000,-122.0000000,774.630,0.000,0.000,0.000,8,00:00:00,-0.690,0.240,0.390
14.883,779.6302416000001,14.883,2,-0.459,0.743,774.764,-0.056,0.060,41.278,-0.028,-0.038,-10.193,0.246,7.295,-0.027,-0.035,-0.384,-0.013,-0.001,-0.014,923.240,9.930,777.431,45.0000000,-122.0000000,777.900,0.000,0.000,0.000,8,00:00:00,0.400,-0.040,-0.360
14.933,781.6922136000001,14.933,2,-0.452,0.730,776.863,-0.054,0.057,40.786,-0.011,-0.007,-10.198,0.275,7.345,-0.010,-0.004,-0.388,-0.000,0.011,-0.010,923.080,9.920,778.866,45.0000000,-122.0000000,779.300,0.000,0.000,0.000,8,00:00:00,-0.350,0.300,0.930
14.983,783.7285824,14.983,2,-0.446,0.718,778.993,-0.055,0.049,40.312,-0.061,-0.086,-10.270,0.286,7.395,-0.060,-0.083,-0.461,0.011,0.008,-0.005,922.680,9.910,782.456,45.0000000,-122.0000000,782.910,0.000,0.000,0.000,8,00:00:00,0.460,-0.720,0.190
15.033,785.7393480000001,15.033,2,-0.439,0.706,781.042,-0.047,0.042,39.816,0.124,-0.079,-10.249,0.284,7.445,0.125,-0.076,-0.439,-0.003,-0.002,-0.006,922.620,9.890,782.995,45.0000000,-122.0000000,783.420,0.000,0.000,0.000,8,00:00:00,-0.160,-0.850,-0.760
15.083,787.7248152,15.083,2,-0.432,0.693,783.124,-0.043,0.041,39.348,0.037,0.040,-10.157,0.263,7.495,0.037,0.043,-0.346,0.006,-0.006,-0.019,922.220,9.880,786.586,45.0000000,-122.0000000,787.000,0.000,0.000,0.000,8,00:00:00,-0.020,0.100,-0.480
15.133,789.684984,15.133,2,-0.425,0.681,785.176,-0.042,0.038,38.875,-0.003,0.003,-10.179,0.238,7.545,-0.003,0.006,-0.369,0.016,-0.007,0.004,922.010,9.870,788.472,45.0000000,-122.0000000,788.910,0.000,0.000,0.000,8,00:00:00,-0.380,0.430,-0.140
15.183,791.6195496,15.183,2,-0.419,0.669,787.527,-0.040,0.034,38.528,-0.003,-0.028,-10.095,0.251,7.595,-0.003,-0.026,-0.285,0.006,0.005,-0.004,920.810,9.850,799.255,45.0000000,-122.0000000,799.720,0.000,0.000,0.000,8,00:00:00,0.430,0.700,-0.130
15.233,793.5288168,15.233,2,-0.412,0.656,789.642,-0.038,0.029,38.093,0.003,-0.029,-10.234,0.229,7.645,0.004,-0.026,-0.424,0.001,-0.008,0.006,921.210,9.840,795.660,45.0000000,-122.0000000,796.080,0.000,0.000,0.000,8,00:00:00,0.840,-0.640,0.100
15.283,795.4127856,15.283,2,-0.405,0.644,791.628,-0.034,0.029,37.618,0.045,0.048,-10.206,0.214,7.695,0.044,0.051,-0.395,-0.013,-0.006,-0.009,921.300,9.830,794.851,45.0000000,-122.0000000,795.360,0.000,0.000,0.000,8,00:00:00,-0.580,-0.070,0.820
15.333,797.2711512000001,15.333,2,-0.399,0.632,793.324,-0.033,0.026,37.045,-0.017,-0.002,-10.157,0.232,7.745,-0.017,0.000,-0.347,0.013,0.007,-0.012,921.890,9.820,789.550,45.0000000,-122.0000000,790.010,0.000,0.000,0.000,8,00:00:00,0.080,0.130,-0.490
15.383,799.1042184000001,15.383,2,-0.392,0.621,795.164,-0.038,0.020,36.538,-0.127,-0.064,-10.149,0.202,7.795,-0.127,-0.061,-0.340,-0.006,-0.011,0.013,921.180,9.810,795.929,45.0000000,-122.0000000,796.360,0.000,0.000,0.000,8,00:00:00,0.490,-0.210,0.570
15.433,800.9119872000001,15.433,2,-0.386,0.609,797.210,-0.034,0.016,36.114,0.046,-0.026,-10.216,0.215,7.845,0.046,-0.023,-0.406,-0.011,0.003,0.002,920.280,9.790,804.022,45.0000000,-122.0000000,804.500,0.000,0.000,0.000,8,00:00:00,0.290,1.360,-0.050
15.483,802.6944576000001,15.483,2,-0.380,0.597,799.263,-0.035,0.010,35.706,-0.068,-0.069,-10.118,0.261,7.895,-0.068,-0.067,-0.308,0.003,0.017,0.006,919.970,9.780,806.811,45.0000000,-122.0000000,807.320,0.000,0.000,0.000,8,00:00:00,-0.570,0.910,0.040
15.533,804.4516296,15.533,2,-0.374,0.585,801.039,-0.035,0.008,35.203,-0.029,0.026,-10.082,0.221,7.945,-0.029,0.028,-0.271,0.019,-0.014,-0.001,920.520,9.770,801.863,45.0000000,-122.0000000,802.330,0.000,0.000,0.000,8,00:00:00,0.670,0.230,-0.470
15.583,806.1835032,15.583,2,-0.367,0.573,802.542,-0.026,0.002,34.609,0.147,-0.071,-10.042,0.214,7.995,0.147,-0.069,-0.233,0.006,-0.003,0.017,921.070,9.760,796.918,45.0000000,-122.0000000,797.370,0.000,0.000,0.000,8,00:00:00,-0.310,-0.740,-0.070
15.633,807.8900784,15.633,2,-0.361,0.562,804.336,-0.025,0.002,34.129,-0.015,0.038,-10.184,0.195,8.045,-0.016,0.040,-0.374,0.005,-0.008,-0.008,919.940,9.750,807.081,45.0000000,-122.0000000,807.590,0.000,0.000,0.000,8,00:00:00,0.130,0.810,-0.480
15.683,809.5713552000001,15.683,2,-0.355,0.550,806.104,-0.020,-0.003,33.652,0.071,-0.054,-10.098,0.182,8.095,0.071,-0.052,-0.288,0.003,-0.005,-0.006,919.750,9.740,808.790,45.0000000,-122.0000000,809.230,0.000,0.000,0.000,8,00:00:00,-1.400,-0.290,0.300
15.733,811.2276383999999,15.733,2,-0.348,0.538,807.801,-0.017,-0.009,33.156,0.042,-0.073,-10.114,0.170,8.145,0.042,-0.071,-0.304,0.009,-0.009,-0.010,919.700,9.730,809.240,45.0000000,-122.0000000,809.700,0.000,0.000,0.000,8,00:00:00,0.490,-0.140,-0.600
15.783,812.8586232,15.783,2,-0.342,0.527,809.487,-0.015,-0.013,32.668,-0.005,-0.029,-10.076,0.161,8.195,-0.005,-0.028,-0.267,-0.006,-0.000,-0.004,919.470,9.720,811.310,45.0000000,-122.0000000,811.780,0.000,0.000,0.000,8,00:00:00,1.200,-0.340,-0.170
15.833,814.4643096,15.833,2,-0.336,0.515,811.008,-0.012,-0.013,32.124,0.039,0.045,-10.114,0.151,8.245,0.038,0.047,-0.304,0.006,-0.007,0.003,919.710,9.710,809.150,45.0000000,-122.0000000,809.600,0.000,0.000,0.000,8,00:00:00,0.500,-0.470,-0.020
15.883,816.0446976000001,15.883,2,-0.329,0.504,812.357,-0.014,-0.014,31.528,-0.072,0.022,-10.094,0.110,8.295,-0.073,0.023,-0.283,-0.002,-0.018,0.009,919.980,9.700,806.721,45.0000000,-122.0000000,807.210,0.000,0.000,0.000,8,00:00:00,0.260,0.670,-0.480
15.933,817.6003968000001,15.933,2,-0.323,0.493,813.953,-0.010,-0.020,31.040,0.054,-0.073,-10.003,0.155,8.345,0.053,-0.072,-0.193,0.009,0.013,-0.009,919.000,9.690,815.542,45.0000000,-122.0000000,816.040,0.000,0.000,0.000,8,00:00:00,-0.420,0.220,-0.090
15.983,819.1307976,15.983,2,-0.317,0.482,815.497,-0.009,-0.021,30.542,-0.006,0.027,-9.989,0.142,8.395,-0.006,0.028,-0.178,-0.001,-0.006,0.012,918.910,9.680,816.352,45.0000000,-122.0000000,816.860,0.000,0.000,0.000,8,00:00:00,0.680,-0.090,0.170
16.033,820.6359,16.033,2,-0.311,0.471,816.966,-0.006,-0.023,30.025,0.023,0.010,-9.994,0.180,8.445,0.023,0.011,-0.184,0.004,0.015,-0.012,918.890,9.670,816.533,45.0000000,-122.0000000,817.030,0.000,0.000,0.000,8,00:00:00,0.130,0.180,0.200
16.083,822.1163136,16.083,2,-0.305,0.460,818.715,-0.003,-0.021,29.620,0.040,0.076,-10.052,0.182,8.494,0.040,0.077,-0.242,-0.007,0.006,0.017,917.810,9.660,826.264,45.0000000,-122.0000000,826.700,0.000,0.000,0.000,8,00:00:00,0.220,-0.270,-0.570
16.133,823.5714288,16.133,2,-0.298,0.449,820.307,-0.003,-0.020,29.166,-0.028,0.050,-10.014,0.155,8.545,-0.028,0.051,-0.204,-0.003,-0.009,-0.008,918.030,9.650,824.281,45.0000000,-122.0000000,824.800,0.000,0.000,0.000,8,00:00:00,-0.010,0.900,0.100
16.183,825.0015504,16.183,2,-0.292,0.439,821.882,-0.001,-0.021,28.717,0.020,0.019,-9.959,0.181,8.595,0.020,0.020,-0.149,0.001,0.010,-0.000,917.840,9.640,825.993,45.0000000,-122.0000000,826.450,0.000,0.000,0.000,8,00:00:00,0.190,0.550,-0.140
16.233,826.4069832000001,16.233,2,-0.286,0.429,823.357,0.002,-0.022,28.237,0.025,0.026,-9.985,0.203,8.645,0.025,0.027,-0.175,0.004,0.007,0.002,917.900,9.630,825.453,45.0000000,-122.0000000,825.980,0.000,0.000,0.000,8,00:00:00,-0.870,-0.710,0.140
16.283,827.7871176,16.283,2,-0.280,0.419,824.714,0.003,-0.025,27.721,-0.007,-0.016,-10.007,0.219,8.695,-0.007,-0.015,-0.197,-0.006,0.009,-0.003,918.020,9.620,824.371,45.0000000,-122.0000000,824.880,0.000,0.000,0.000,8,00:00:00,0.770,0.110,-0.210
16.333,829.1425632,16.333,2,-0.274,0.409,825.964,0.004,-0.024,27.177,-0.009,0.043,-9.939,0.208,8.744,-0.009,0.044,-0.129,-0.006,-0.002,-0.017,918.120,9.610,823.470,45.0000000,-122.0000000,823.970,0.000,0.000,0.000,8,00:00:00,0.180,0.330,0.200
16.383,830.4730152,16.383,2,-0.268,0.399,827.098,0.009,-0.025,26.598,0.082,0.030,-9.988,0.261,8.795,0.082,0.032,-0.177,0.001,0.019,0.000,918.250,9.600,822.298,45.0000000,-122.0000000,822.810,0.000,0.000,0.000,8,00:00:00,-0.720,-0.030,0.560
16.433,831.7787784000001,16.433,2,-0.262,0.390,828.391,0.011,-0.024,26.089,0.009,0.057,-10.005,0.243,8.845,0.009,0.058,-0.195,-0.004,-0.005,-0.026,917.560,9.590,828.518,45.0000000,-122.0000000,828.960,0.000,0.000,0.000,8,00:00:00,0.270,0.380,-0.840
16.483,833.0595480000001,16.483,2,-0.256,0.381,829.769,0.010,-0.026,25.626,-0.039,-0.016,-9.895,0.227,8.895,-0.039,-0.016,-0.086,0.001,-0.006,0.002,917.090,9.590,832.757,45.0000000,-122.0000000,833.280,0.000,0.000,0.000,8,00:00:00,0.440,0.600,-0.220
16.533,834.315324,16.533,2,-0.251,0.372,830.904,0.010,-0.027,25.083,-0.008,0.021,-9.854,0.215,8.945,-0.009,0.021,-0.044,0.015,-0.010,-0.011,917.600,9.580,828.157,45.0000000,-122.0000000,828.650,0.000,0.000,0.000,8,00:00:00,-0.280,-0.640,-0.100
16.583,835.5464112,16.583,2,-0.245,0.363,832.117,0.016,-0.026,24.574,0.090,0.047,-9.958,0.233,8.995,0.090,0.048,-0.148,0.015,-0.002,0.010,917.160,9.570,832.125,45.0000000,-122.0000000,832.650,0.000,0.000,0.000,8,00:00:00,0.090,-0.610,0.400
16.633,836.7525048000001,16.633,2,-0.239,0.354,832.949,0.018,-0.023,23.936,0.023,0.088,-9.866,0.196,9.045,0.022,0.088,-0.056,-0.007,-0.011,-0.006,918.100,9.560,823.650,45.0000000,-122.0000000,824.160,0.000,0.000,0.000,8,00:00:00,-0.220,0.190,-0.090
16.683,837.9339096,16.683,2,-0.233,0.346,833.905,0.021,-0.024,23.360,0.035,0.017,-9.818,0.221,9.095,0.035,0.017,-0.008,0.011,0.002,-0.008,917.540,9.550,828.698,45.0000000,-122.0000000,829.150,0.000,0.000,0.000,8,00:00:00,-0.180,-0.440,-1.250
16.733,839.0906256000001,16.733,2,-0.227,0.337,834.948,0.021,-0.023,22.823,-0.015,0.042,-9.876,0.206,9.145,-0.015,0.043,-0.066,-0.002,-0.005,0.016,917.090,9.550,832.757,45.0000000,-122.0000000,833.220,0.000,0.000,0.000,8,00:00:00,-1.090,0.280,0.450
16.783,840.2223480000001,16.783,2,-0.221,0.329,835.901,0.024,-0.023,22.267,0.031,0.042,-9.796,0.212,9.195,0.031,0.042,0.014,0.010,-0.009,-0.006,917.170,9.540,832.035,45.0000000,-122.0000000,832.520,0.000,0.000,0.000,8,00:00:00,-0.410,-0.220,-0.320
16.833,841.3296864,16.833,2,-0.216,0.321,837.010,0.029,-0.023,21.778,0.082,0.016,-9.853,0.191,9.245,0.081,0.017,-0.043,-0.009,0.000,-0.010,916.510,9.530,837.990,45.0000000,-122.0000000,838.490,0.000,0.000,0.000,8,00:00:00,-0.160,0.610,0.260
16.883,842.4120312,16.883,2,-0.210,0.313,838.229,0.027,-0.027,21.337,-0.055,-0.056,-9.876,0.180,9.295,-0.055,-0.056,-0.066,0.003,-0.013,-0.008,915.990,9.520,842.684,45.0000000,-122.0000000,843.190,0.000,0.000,0.000,8,00:00:00,0.020,-0.350,0.300
16.933,843.469992,16.933,2,-0.204,0.306,839.398,0.029,-0.027,20.890,0.026,0.026,-9.818,0.156,9.345,0.026,0.026,-0.008,-0.016,0.010,-0.008,915.940,9.520,843.135,45.0000000,-122.0000000,843.630,0.000,0.000,0.000,8,00:00:00,0.000,-0.540,0.090
16.983,844.5029592000001,16.983,2,-0.198,0.298,840.426,0.032,-0.029,20.388,0.031,0.005,-9.998,0.171,9.395,0.030,0.006,-0.188,0.003,0.004,0.002,916.170,9.510,841.059,45.0000000,-122.0000000,841.580,0.000,0.000,0.000,8,00:00:00,0.490,0.620,0.090
17.033,845.5115423999999,17.033,2,-0.193,0.290,841.421,0.031,-0.030,19.888,-0.023,0.007,-9.924,0.174,9.445,-0.023,0.008,-0.114,-0.002,0.003,-0.010,916.080,9.500,841.871,45.0000000,-122.0000000,842.390,0.000,0.000,0.000,8,00:00:00,0.290,-0.590,-0.290
17.083,846.4951320000001,17.083,2,-0.187,0.283,842.203,0.033,-0.033,19.323,0.009,-0.054,-9.790,0.162,9.495,0.009,-0.054,0.020,0.011,-0.026,0.003,916.540,9.500,837.719,45.0000000,-122.0000000,838.190,0.000,0.000,0.000,8,00:00:00,0.270,-0.280,0.960
17.133,847.4543376,17.133,2,-0.182,0.275,843.261,0.034,-0.034,18.869,0.007,0.005,-9.859,0.190,9.545,0.006,0.005,-0.049,0.013,-0.017,-0.017,915.540,9.490,846.748,45.0000000,-122.0000000,847.260,0.000,0.000,0.000,8,00:00:00,-0.690,0.320,0.630
17.183,848.3891592000001,17.183,2,-0.176,0.268,844.456,0.036,-0.033,18.475,0.021,0.047,-9.856,0.210,9.595,0.020,0.047,-0.046,0.005,-0.020,-0.004,914.950,9.490,852.079,45.0000000,-122.0000000,852.620,0.000,0.000,0.000,8,00:00:00,-0.020,-0.150,-0.120
17.233,849.2989872,17.233,2,-0.171,0.261,845.818,0.036,-0.035,18.154,-0.009,-0.016,-9.812,0.242,9.645,-0.009,-0.016,-0.002,0.011,-0.003,-0.006,914.260,9.480,858.316,45.0000000,-122.0000000,858.800,0.000,0.000,0.000,8,00:00:00,-0.760,0.580,-0.460
17.283,850.1844312000001,17.283,2,-0.165,0.253,846.800,0.037,-0.040,17.694,0.003,-0.075,-9.856,0.247,9.695,0.003,-0.075,-0.046,0.002,0.002,0.002,915.200,9.470,849.820,45.0000000,-122.0000000,850.360,0.000,0.000,0.000,8,00:00:00,0.450,0.280,0.070
17.333,851.0451864,17.333,2,-0.160,0.246,847.501,0.035,-0.042,17.141,-0.045,-0.014,-9.763,0.244,9.745,-0.045,-0.014,0.047,-0.002,-0.004,0.003,915.870,9.470,843.767,45.0000000,-122.0000000,844.260,0.000,0.000,0.000,8,00:00:00,-0.250,0.110,-0.260
17.383,851.8815576000001,17.383,2,-0.155,0.239,848.512,0.035,-0.040,16.716,-0.014,0.059,-9.755,0.245,9.795,-0.014,0.059,0.055,-0.002,-0.008,-0.001,914.780,9.460,853.615,45.0000000,-122.0000000,854.080,0.000,0.000,0.000,8,00:00:00,0.330,0.300,0.340
17.433,852.6932400000001,17.433,2,-0.150,0.232,849.386,0.037,-0.035,16.246,0.027,0.128,-9.778,0.245,9.845,0.026,0.128,0.032,0.002,0.007,-0.020,915.020,9.460,851.446,45.0000000,-122.0000000,851.970,0.000,0.000,0.000,8,00:00:00,0.380,-0.270,0.090
17.483,853.4805384,17.483,2,-0.145,0.226,850.025,0.039,-0.035,15.698,0.014,0.017,-9.762,0.273,9.895,0.014,0.017,0.048,0.010,0.000,-0.009,915.560,9.450,846.567,45.0000000,-122.0000000,847.070,0.000,0.000,0.000,8,00:00:00,-0.130,-0.670,0.380
17.533,854.2431480000001,17.533,2,-0.140,0.219,850.594,0.039,-0.034,15.130,-0.004,0.032,-9.813,0.244,9.945,-0.004,0.032,-0.003,-0.010,0.003,-0.004,915.620,9.450,846.025,45.0000000,-122.0000000,846.500,0.000,0.000,0.000,8,00:00:00,-0.400,-0.860,0.400
17.583,854.9813736,17.583,2,-0.136,0.213,851.228,0.041,-0.031,14.598,0.035,0.074,-9.809,0.263,9.995,0.034,0.075,0.001,0.005,-0.008,0.003,915.280,9.440,849.097,45.0000000,-122.0000000,849.550,0.000,0.000,0.000,8,00:00:00,0.790,0.680,0.470
17.633,855.6952152,17.633,2,-0.131,0.207,851.843,0.044,-0.037,14.074,0.039,-0.083,-9.722,0.226,10.045,0.040,-0.083,0.087,-0.014,-0.002,0.000,915.190,9.440,849.910,45.0000000,-122.0000000,850.420,0.000,0.000,0.000,8,00:00:00,0.020,-0.370,0.230
17.683,856.3846728000001,17.683,2,-0.126,0.201,852.367,0.046,-0.038,13.526,0.029,-0.009,-9.696,0.228,10.095,0.030,-0.009,0.114,0.003,0.005,0.011,915.320,9.430,848.735,45.0000000,-122.0000000,849.190,0.000,0.000,0.000,8,00:00:00,-0.030,-0.590,0.390
17.733,857.0494416,17.733,2,-0.121,0.195,853.061,0.044,-0.039,13.051,-0.042,-0.002,-9.716,0.245,10.145,-0.042,-0.002,0.095,0.005,-0.003,-0.001,914.670,9.430,854.609,45.0000000,-122.0000000,855.090,0.000,0.000,0.000,8,00:00:00,-0.330,0.540,0.300
17.783,857.6898264000001,17.783,2,-0.116,0.189,853.604,0.046,-0.036,12.528,0.026,0.065,-9.737,0.246,10.195,0.026,0.065,0.073,-0.005,-0.012,-0.008,914.980,9.430,851.808,45.0000000,-122.0000000,852.280,0.000,0.000,0.000,8,00:00:00,-0.600,-0.340,0.490
17.833,858.3058272000001,17.833,2,-0.111,0.183,854.442,0.046,-0.040,12.124,-0.011,-0.050,-9.759,0.262,10.245,-0.011,-0.050,0.051,0.006,0.000,0.002,913.960,9.420,861.030,45.0000000,-122.0000000,861.550,0.000,0.000,0.000,8,00:00:00,0.060,-0.070,1.350
17.883,858.8977488,17.883,2,-0.107,0.178,855.183,0.044,-0.042,11.693,-0.045,-0.022,-9.724,0.225,10.295,-0.044,-0.023,0.086,-0.020,-0.008,0.011,914.100,9.420,859.763,45.0000000,-122.0000000,860.250,0.000,0.000,0.000,8,00:00:00,-0.020,0.160,0.460
17.933,859.4649816,17.933,2,-0.102,0.172,855.956,0.048,-0.040,11.286,0.062,0.043,-9.650,0.205,10.345,0.063,0.043,0.160,-0.003,0.008,0.005,913.860,9.410,861.934,45.0000000,-122.0000000,862.460,0.000,0.000,0.000,8,00:00:00,-0.390,0.010,0.010
17.983,860.0078304,17.983,2,-0.098,0.166,856.624,0.047,-0.042,10.839,-0.026,-0.015,-9.810,0.177,10.395,-0.026,-0.015,0.001,-0.019,-0.007,0.005,914.030,9.410,860.397,45.0000000,-122.0000000,860.930,0.000,0.000,0.000,8,00:00:00,0.230,-0.230,0.190
18.033,860.5262951999999,18.033,2,-0.094,0.161,857.139,0.047,-0.044,10.347,-0.008,-0.039,-9.732,0.252,10.445,-0.007,-0.039,0.078,0.020,-0.018,-0.003,914.350,9.410,857.503,45.0000000,-122.0000000,857.980,0.000,0.000,0.000,8,00:00:00,0.810,0.330,-0.680
18.083,861.0206808,18.083,2,-0.089,0.155,857.444,0.049,-0.046,9.782,0.032,-0.019,-9.791,0.254,10.495,0.033,-0.019,0.018,-0.001,-0.002,-0.008,914.850,9.400,852.982,45.0000000,-122.0000000,853.500,0.000,0.000,0.000,8,00:00:00,-0.820,-0.110,-0.510
18.133,861.4903776,18.133,2,-0.085,0.150,857.968,0.056,-0.045,9.312,0.120,0.035,-9.763,0.243,10.545,0.120,0.036,0.046,-0.005,0.000,0.017,914.080,9.400,859.944,45.0000000,-122.0000000,860.410,0.000,0.000,0.000,8,00:00:00,0.430,-0.500,-0.150
18.183,861.9359952,18.183,2,-0.080,0.144,858.380,0.059,-0.047,8.810,0.064,-0.028,-9.723,0.227,10.595,0.065,-0.028,0.086,0.002,0.010,-0.006,914.290,9.400,858.045,45.0000000,-122.0000000,858.590,0.000,0.000,0.000,8,00:00:00,-0.240,-0.400,-0.340
18.233,862.3572288,18.233,2,-0.076,0.139,858.796,0.057,-0.048,8.320,-0.050,-0.003,-9.701,0.244,10.645,-0.049,-0.004,0.110,0.002,-0.006,0.006,914.160,9.390,859.221,45.0000000,-122.0000000,859.770,0.000,0.000,0.000,8,00:00:00,0.060,-0.510,-0.050
18.283,862.7543832000001,18.283,2,-0.072,0.134,859.036,0.054,-0.050,7.775,-0.058,-0.021,-9.665,0.228,10.695,-0.057,-0.022,0.145,0.003,0.012,-0.008,914.570,9.390,855.513,45.0000000,-122.0000000,856.060,0.000,0.000,0.000,8,00:00:00,0.200,0.070,-0.560
18.333,863.1271536,18.333,2,-0.067,0.129,859.255,0.058,-0.046,7.231,0.060,0.076,-9.707,0.225,10.745,0.060,0.076,0.103,0.003,0.006,-0.006,914.530,9.390,855.875,45.0000000,-122.0000000,856.330,0.000,0.000,0.000,8,00:00:00,0.240,-0.070,-0.280
18.383,863.4755400000001,18.383,2,-0.063,0.124,859.222,0.055,-0.045,6.601,-0.059,0.036,-9.722,0.201,10.795,-0.059,0.035,0.089,-0.001,0.015,0.018,915.180,9.390,850.000,45.0000000,-122.0000000,850.480,0.000,0.000,0.000,8,00:00:00,1.350,-0.770,-0.020
18.433,863.7998472,18.433,2,-0.059,0.119,859.624,0.059,-0.047,6.145,0.067,-0.022,-9.748,0.215,10.845,0.068,-0.021,0.061,0.004,-0.002,0.002,913.790,9.390,862.568,45.0000000,-122.0000000,863.110,0.000,0.000,0.000,8,00:00:00,0.990,0.330,0.170
18.483,864.0997704,18.483,2,-0.055,0.114,859.839,0.060,-0.047,5.634,0.016,0.008,-9.619,0.236,10.895,0.017,0.007,0.191,0.003,-0.011,-0.005,914.240,9.380,858.497,45.0000000,-122.0000000,859.020,0.000,0.000,0.000,8,00:00:00,0.490,0.170,1.310
18.533,864.3756144000001,18.533,2,-0.051,0.109,860.159,0.059,-0.052,5.168,-0.020,-0.084,-9.685,0.212,10.945,-0.018,-0.085,0.125,-0.009,0.002,0.004,913.830,9.380,862.206,45.0000000,-122.0000000,862.710,0.000,0.000,0.000,8,00:00:00,-0.590,-0.470,-0.480
18.583,864.6273792000001,18.583,2,-0.047,0.105,860.708,0.061,-0.055,4.799,0.038,-0.060,-9.664,0.220,10.995,0.039,-0.060,0.145,0.002,-0.003,-0.014,913.040,9.380,869.355,45.0000000,-122.0000000,869.830,0.000,0.000,0.000,8,00:00:00,-1.290,-0.100,-0.400
18.633,864.8547599999999,18.633,2,-0.043,0.100,860.915,0.062,-0.053,4.308,0.022,0.057,-9.668,0.211,11.045,0.022,0.057,0.142,0.003,0.012,0.020,913.950,9.380,861.120,45.0000000,-122.0000000,861.630,0.000,0.000,0.000,8,00:00:00,0.250,0.060,-1.040
18.683,865.0580616000001,18.683,2,-0.039,0.095,861.160,0.063,-0.052,3.843,0.009,0.022,-9.624,0.225,11.095,0.009,0.021,0.186,0.006,0.002,-0.005,913.740,9.380,863.020,45.0000000,-122.0000000,863.540,0.000,0.000,0.000,8,00:00:00,0.090,1.280,-0.300
18.733,865.2369792000001,18.733,2,-0.035,0.091,861.095,0.062,-0.052,3.267,-0.032,0.006,-9.653,0.252,11.145,-0.031,0.005,0.157,0.008,-0.004,0.002,914.580,9.380,855.423,45.0000000,-122.0000000,855.900,0.000,0.000,0.000,8,00:00:00,-0.530,0.530,-0.160
18.783,865.3921224000001,18.783,2,-0.031,0.086,861.040,0.062,-0.051,2.712,-0.003,0.031,-9.562,0.226,11.195,-0.003,0.030,0.248,-0.004,0.017,0.014,914.470,9.380,856.418,45.0000000,-122.0000000,856.950,0.000,0.000,0.000,8,00:00:00,0.540,0.560,0.420
18.833,865.5228816,18.833,2,-0.028,0.082,861.281,0.059,-0.046,2.278,-0.052,0.107,-9.557,0.287,11.245,-0.052,0.106,0.253,0.020,-0.010,0.013,913.510,9.370,865.101,45.0000000,-122.0000000,865.630,0.000,0.000,0.000,8,00:00:00,0.180,0.520,0.610
18.883,865.6295616000001,18.883,3,-0.024,0.078,861.286,0.060,-0.047,1.761,0.021,-0.005,-9.607,0.260,0.000,0.022,-0.005,0.203,-0.010,-0.002,0.015,914.130,9.370,859.492,45.0000000,-122.0000000,859.960,0.000,0.000,0.000,8,00:00:00,-0.200,0.430,-0.450
18.933,865.7124672000001,18.933,3,-0.021,0.074,861.455,0.058,-0.046,1.307,-0.039,0.025,-9.791,0.263,0.050,-0.039,0.025,0.020,0.001,0.000,-0.021,913.560,9.370,864.649,45.0000000,-122.0000000,865.130,0.000,0.000,0.000,8,00:00:00,0.090,-0.130,0.150
18.983,865.7709888,18.983,3,-0.018,0.071,861.540,0.059,-0.043,0.833,0.021,0.051,-9.721,0.315,0.100,0.021,0.051,0.089,0.019,0.003,-0.003,913.730,9.370,863.110,45.0000000,-122.0000000,863.660,0.000,0.000,0.000,8,00:00:00,-0.520,0.400,0.130
19.033,865.8051264000001,19.033,3,-0.014,0.067,861.619,0.061,-0.042,0.365,0.027,0.042,-9.736,0.326,0.150,0.028,0.042,0.074,0.001,-0.010,-0.005,913.670,9.370,863.653,45.0000000,-122.0000000,864.140,0.000,0.000,0.000,8,00:00:00,-0.820,0.340,0.720
19.083,865.81488,19.083,3,-0.011,0.064,860.998,0.059,-0.042,-0.361,-0.038,-0.008,-9.796,0.342,0.200,-0.038,-0.009,0.014,0.007,0.005,-0.006,915.690,9.370,845.393,45.0000000,-122.0000000,845.870,0.000,0.000,0.000,8,00:00:00,-0.370,0.110,0.280
19.133,865.8002496,19.133,3,-0.008,0.060,861.357,0.059,-0.042,-0.702,-0.008,0.005,-9.740,0.402,0.250,-0.008,0.005,0.070,0.018,-0.014,-0.018,912.720,9.370,872.252,45.0000000,-122.0000000,872.790,0.000,0.000,0.000,8,00:00:00,0.750,-0.240,-0.360
19.235,865.694484,19.235,3,-0.002,0.054,861.302,0.060,-0.045,-1.664,0.009,-0.026,-9.679,0.432,0.352,0.010,-0.026,0.131,0.004,-0.005,0.030,913.660,9.370,863.744,45.0000000,-122.0000000,864.250,0.000,0.000,0.000,8,00:00:00,-0.080,1.160,-0.150
19.339,865.4838672000001,19.339,4,0.004,0.048,861.501,0.062,-0.054,-2.478,0.024,-0.078,-9.359,0.503,0.000,0.027,-0.078,0.451,0.011,-0.005,0.020,912.700,9.370,872.433,45.0000000,-122.0000000,872.970,0.000,0.000,0.000,8,00:00:00,0.670,0.090,-0.500
19.445,865.1647416000001,19.445,4,0.011,0.042,861.268,0.062,-0.055,-3.431,-0.004,-0.008,-9.287,0.426,0.106,-0.000,-0.008,0.523,-0.012,0.003,0.011,913.640,9.380,863.925,45.0000000,-122.0000000,864.410,0.000,0.000,0.000,8,00:00:00,0.480,-0.170,0.400
19.552,864.7331448,19.552,4,0.017,0.035,860.863,0.061,-0.055,-4.407,-0.008,-0.005,-9.171,0.428,0.213,-0.003,-0.006,0.639,-0.004,-0.009,0.013,913.860,9.380,861.934,45.0000000,-122.0000000,862.480,0.000,0.000,0.000,8,00:00:00,1.040,1.010,0.100
19.662,864.1835904000001,19.662,4,0.023,0.028,860.355,0.066,-0.057,-5.367,0.051,-0.013,-8.836,0.522,0.323,0.057,-0.011,0.974,0.021,0.013,0.007,913.880,9.380,861.753,45.0000000,-122.0000000,862.250,0.000,0.000,0.000,8,00:00:00,-0.980,0.080,0.140
19.774,863.5093728,19.774,4,0.030,0.021,859.789,0.064,-0.053,-6.299,-0.015,0.038,-8.623,0.555,0.435,-0.007,0.041,1.187,0.004,-0.006,-0.011,913.810,9.390,862.387,45.0000000,-122.0000000,862.900,0.000,0.000,0.000,8,00:00:00,1.050,-0.200,-0.080
19.889,862.7004336000001,19.889,4,0.036,0.015,859.037,0.062,-0.053,-7.238,-0.015,-0.004,-8.253,0.495,0.550,-0.005,-0.002,1.557,-0.010,-0.001,0.006,914.040,9.390,860.306,45.0000000,-122.0000000,860.830,0.000,0.000,0.000,8,00:00:00,0.420,0.020,1.260
20.009,861.7433616000001,20.009,4,0.043,0.008,858.578,0.061,-0.065,-8.009,-0.010,-0.094,-7.928,0.602,0.670,0.008,-0.091,1.882,0.005,-0.024,0.006,913.170,9.400,868.178,45.0000000,-122.0000000,868.690,0.000,0.000,0.000,8,00:00:00,0.600,-0.270,0.010
20.133,860.6223072,20.133,4,0.048,-0.000,857.236,0.053,-0.067,-9.054,-0.062,-0.018,-7.521,0.563,0.794,-0.044,-0.013,2.290,0.001,0.013,-0.009,914.880,9.410,852.711,45.0000000,-122.0000000,853.230,0.000,0.000,0.000,8,00:00:00,0.420,-0.240,0.080
20.264,859.3168488,20.264,4,0.054,-0.009,855.957,0.050,-0.072,-10.003,-0.023,-0.042,-7.143,0.607,0.925,0.001,-0.036,2.667,0.003,-0.007,-0.012,914.500,9.410,856.146,45.0000000,-122.0000000,856.660,0.000,0.000,0.000,8,00:00:00,0.710,-0.660,0.270
20.402,857.8019928000001,20.402,4,0.059,-0.018,853.826,0.052,-0.059,-11.199,0.018,0.094,-6.722,0.565,1.063,0.048,0.096,3.087,-0.012,-0.008,0.007,915.920,9.420,843.316,45.0000000,-122.0000000,843.800,0.000,0.000,0.000,8,00:00:00,-0.580,0.710,-0.310
20.549,856.042992,20.549,4,0.065,-0.026,851.852,0.048,-0.059,-12.217,-0.020,0.004,-6.229,0.466,1.210,0.010,0.003,3.581,-0.007,0.011,-0.007,915.340,9.440,848.555,45.0000000,-122.0000000,849.030,0.000,0.000,0.000,8,00:00:00,-0.790,0.330,-0.170
20.707,853.9935168,20.707,4,0.069,-0.033,849.517,0.030,-0.051,-13.240,-0.115,0.047,-5.644,0.341,1.368,-0.087,0.039,4.167,-0.010,0.010,-0.005,915.690,9.450,845.393,45.0000000,-122.0000000,845.870,0.000,0.000,0.000,8,00:00:00,1.100,0.330,-0.290
20.880000000000003,851.5880352,20.880,4,0.071,-0.041,846.941,0.027,-0.054,-14.205,-0.011,-0.020,-5.099,0.287,1.541,0.008,-0.029,4.711,-0.000,0.016,0.006,915.750,9.460,844.851,45.0000000,-122.0000000,845.310,0.000,0.000,0.000,8,00:00:00,-0.480,0.010,0.730
21.072,848.7360216000001,21.072,4,0.074,-0.051,843.215,0.023,-0.061,-15.430,-0.019,-0.040,-4.477,0.415,1.733,0.007,-0.038,5.333,0.011,-0.004,0.011,917.120,9.480,832.486,45.0000000,-122.0000000,832.950,0.000,0.000,0.000,8,00:00:00,-0.780,0.410,-0.610
21.288,845.3015352,21.288,4,0.077,-0.060,839.622,0.031,-0.046,-16.332,0.040,0.067,-3.865,0.337,1.949,0.064,0.061,5.944,-0.006,0.003,0.003,916.460,9.510,838.441,45.0000000,-122.0000000,838.940,0.000,0.000,0.000,8,00:00:00,-0.000,-0.210,-0.290
21.539,841.075788,21.539,4,0.082,-0.068,836.042,0.033,-0.037,-16.871,0.009,0.036,-3.136,0.201,2.200,0.034,0.013,6.674,-0.009,0.002,-0.002,915.950,9.530,843.045,45.0000000,-122.0000000,843.520,0.000,0.000,0.000,8,00:00:00,0.060,0.410,0.150
21.841,835.7137464,21.841,5,0.088,-0.074,831.178,0.030,-0.024,-17.474,-0.007,0.040,-2.458,0.585,0.000,0.025,0.064,7.351,0.022,-0.002,0.002,916.850,9.570,834.922,45.0000000,-122.0000000,835.420,0.000,0.000,0.000,8,00:00:00,0.010,0.520,-0.660
22.219,828.6548832000001,22.219,5,0.096,-0.083,825.326,0.040,-0.045,-17.746,0.030,-0.059,-1.669,0.596,0.378,0.058,-0.030,8.141,0.001,0.003,-0.023,917.140,9.610,832.306,45.0000000,-122.0000000,832.800,0.000,0.000,0.000,8,00:00:00,0.010,-0.070,0.080
22.719,818.878728,22.719,5,0.103,-0.080,816.385,0.011,0.038,-18.161,-0.056,0.164,-0.863,0.141,0.878,-0.005,0.112,8.948,-0.018,-0.004,-0.003,918.800,9.680,817.343,45.0000000,-122.0000000,817.850,0.000,0.000,0.000,8,00:00:00,-0.100,0.290,-0.370
23.219,808.7758272,23.219,5,0.097,-0.052,806.095,-0.012,0.063,-18.901,-0.042,0.048,-0.516,0.344,1.378,0.032,0.021,9.294,0.007,-0.004,0.009,920.500,9.740,802.043,45.0000000,-122.0000000,802.550,0.000,0.000,0.000,8,00:00:00,0.120,-0.670,-0.000
23.719,798.4839504,23.719,5,0.069,-0.019,795.234,-0.074,0.063,-19.583,-0.122,-0.001,-0.212,0.460,1.878,-0.043,-0.005,9.598,0.005,0.001,-0.010,921.700,9.810,791.257,45.0000000,-122.0000000,791.750,0.000,0.000,0.000,8,00:00:00,-0.230,-0.360,-0.820
24.219,788.087832,24.219,5,0.020,0.024,786.330,-0.117,0.116,-19.288,-0.083,0.107,-0.149,0.412,2.378,0.020,0.056,9.662,-0.009,-0.004,0.032,921.870,9.880,789.729,45.0000000,-122.0000000,790.150,0.000,0.000,0.000,8,00:00:00,-0.450,0.330,0.140
24.719,777.6359352000001,24.719,5,-0.048,0.089,776.800,-0.174,0.187,-19.287,-0.118,0.148,-0.098,0.264,2.878,-0.056,0.044,9.714,-0.010,0.011,-0.003,923.190,9.950,777.879,45.0000000,-122.0000000,778.320,0.000,0.000,0.000,8,00:00:00,-0.030,-0.290,0.740
25.219,767.1544728,25.219,5,-0.124,0.171,766.408,-0.193,0.229,-19.576,-0.046,0.095,0.005,0.600,3.378,0.046,-0.059,9.815,-0.009,-0.006,-0.015,924.590,10.010,765.326,45.0000000,-122.0000000,765.760,0.000,0.000,0.000,8,00:00:00,-0.940,0.130,-0.330
25.719,756.6589896,25.719,5,-0.208,0.271,759.266,-0.267,0.326,-18.585,-0.163,0.215,-0.046,0.966,3.878,0.013,0.063,9.768,0.003,-0.017,-0.001,924.490,10.080,766.222,45.0000000,-122.0000000,766.640,0.000,0.000,0.000,8,00:00:00,0.110,0.140,-0.030
26.219,746.1577152,26.219,5,-0.301,0.378,750.431,-0.297,0.346,-18.453,-0.086,0.072,-0.092,0.865,4.378,0.067,-0.084,9.718,-0.000,0.006,-0.009,926.050,10.150,752.251,45.0000000,-122.0000000,752.660,0.000,0.000,0.000,8,00:00:00,-0.000,0.030,1.100
26.719,735.6558312000001,26.719,5,-0.403,0.473,737.863,-0.391,0.363,-19.660,-0.223,0.075,0.104,1.351,4.878,0.031,-0.079,9.917,0.002,-0.018,-0.010,928.420,10.220,731.062,45.0000000,-122.0000000,731.480,0.000,0.000,0.000,8,00:00:00,0.010,0.150,0.540
27.219,725.1554712000001,27.219,5,-0.520,0.554,723.962,-0.462,0.371,-21.189,-0.188,0.065,-0.017,1.133,5.378,0.037,-0.039,9.795,0.011,0.007,-0.003,930.150,10.290,715.623,45.0000000,-122.0000000,716.020,0.000,0.000,0.000,8,00:00:00,1.160,0.360,-0.050
27.719,714.6587688000001,27.719,5,-0.639,0.622,714.744,-0.513,0.386,-20.696,-0.162,0.089,-0.046,1.197,5.878,0.076,0.033,9.765,0.011,-0.001,0.005,929.820,10.350,718.566,45.0000000,-122.0000000,718.960,0.000,0.000,0.000,8,00:00:00,-0.060,0.300,-0.330
28.219,704.1666384,28.219,5,-0.763,0.681,704.493,-0.600,0.401,-20.664,-0.247,0.093,-0.009,1.216,6.378,-0.005,0.037,9.804,0.001,0.002,-0.000,931.290,10.420,705.461,45.0000000,-122.0000000,705.860,0.000,0.000,0.000,8,00:00:00,-0.530,0.410,-0.930
28.719,693.67908,28.719,5,-0.904,0.734,693.790,-0.715,0.421,-20.785,-0.315,0.111,0.038,1.326,6.878,-0.054,0.041,9.854,-0.002,-0.001,-0.011,932.610,10.490,693.708,45.0000000,-122.0000000,694.090,0.000,0.000,0.000,8,00:00:00,0.480,0.340,-0.340
29.219,683.1967032,29.219,5,-1.061,0.781,681.030,-0.811,0.427,-21.669,-0.295,0.087,0.003,1.535,7.378,0.002,0.032,9.818,0.004,-0.004,0.001,934.540,10.560,676.548,45.0000000,-122.0000000,676.980,0.000,0.000,0.000,8,00:00:00,0.130,0.110,0.370
29.719,672.719508,29.719,5,-1.237,0.815,669.231,-0.954,0.409,-22.017,-0.407,0.043,0.029,1.545,7.878,-0.108,-0.054,9.847,-0.008,0.004,0.004,935.520,10.630,667.846,45.0000000,-122.0000000,668.260,0.000,0.000,0.000,8,00:00:00,0.550,-0.240,0.200
30.219,662.2477992,30.219,5,-1.430,0.848,656.731,-1.058,0.459,-22.560,-0.347,0.182,0.033,1.428,8.378,-0.087,0.015,9.850,-0.013,0.012,-0.006,937.060,10.700,654.185,45.0000000,-122.0000000,654.590,0.000,0.000,0.000,8,00:00:00,-0.120,-1.240,0.050
30.719,651.781272,30.719,5,-1.629,0.888,645.732,-1.157,0.477,-22.447,-0.355,0.123,0.018,1.329,8.878,-0.109,-0.035,9.834,0.003,0.007,-0.010,937.860,10.760,647.096,45.0000000,-122.0000000,647.460,0.000,0.000,0.000,8,00:00:00,-0.130,-0.040,-0.140
31.219,641.3196216,31.219,5,-1.811,0.937,634.693,-1.157,0.536,-22.386,-0.177,0.210,-0.017,1.196,9.378,0.044,0.064,9.796,0.004,0.007,0.000,939.130,10.830,635.852,45.0000000,-122.0000000,636.190,0.000,0.000,0.000,8,00:00:00,-0.580,0.230,0.540
31.719,630.8634576000001,31.719,5,-1.962,0.995,624.305,-1.169,0.569,-22.098,-0.215,0.163,-0.030,1.203,9.878,0.011,0.023,9.784,0.003,0.001,0.024,940.150,10.900,626.831,45.0000000,-122.0000000,627.180,0.000,0.000,0.000,8,00:00:00,0.040,0.100,-0.010
32.219,620.4121704,32.219,5,-2.093,1.054,615.833,-1.199,0.593,-21.124,-0.265,0.151,0.019,1.157,10.378,-0.040,0.025,9.834,0.005,0.003,0.001,940.670,10.970,622.234,45.0000000,-122.0000000,622.630,0.000,0.000,0.000,8,00:00:00,0.400,0.670,-1.060
32.719,609.9663696,32.719,5,-2.207,1.108,607.642,-1.198,0.602,-20.207,-0.213,0.125,0.065,1.047,10.878,-0.005,0.006,9.878,0.003,0.006,-0.002,941.650,11.040,613.578,45.0000000,-122.0000000,613.930,0.000,0.000,0.000,8,00:00:00,-0.400,-0.530,-1.030
33.219,599.5257504000001,33.219,5,-2.308,1.156,598.261,-1.242,0.609,-19.953,-0.314,0.126,-0.036,1.110,11.378,-0.091,0.048,9.779,0.010,-0.000,-0.005,943.120,11.100,600.607,45.0000000,-122.0000000,600.980,0.000,0.000,0.000,8,00:00:00,0.320,0.130,1.390
33.719,589.0903128,33.719,5,-2.390,1.185,587.159,-1.198,0.555,-20.396,-0.146,0.008,-0.048,1.094,11.878,0.076,-0.056,9.763,0.003,0.002,-0.003,944.840,11.170,585.450,45.0000000,-122.0000000,585.800,0.000,0.000,0.000,8,00:00:00,0.230,-0.230,-0.970
34.219,578.6600568,34.219,5,-2.449,1.209,575.883,-1.201,0.611,-20.810,-0.247,0.231,-0.022,1.420,12.378,0.017,0.086,9.793,-0.015,-0.007,-0.002,946.110,11.240,574.273,45.0000000,-122.0000000,574.580,0.000,0.000,0.000,8,00:00:00,-0.120,-0.080,0.260
34.719,568.2349824,34.719,5,-2.499,1.237,564.914,-1.211,0.592,-21.027,-0.265,0.084,-0.012,1.626,12.878,0.045,-0.022,9.801,0.009,-0.007,-0.004,947.230,11.310,564.427,45.0000000,-122.0000000,564.720,0.000,0.000,0.000,8,00:00:00,-0.420,-0.440,-0.540
35.219,557.8150896000001,35.219,5,-2.542,1.250,553.483,-1.211,0.566,-21.373,-0.250,0.071,-0.006,1.311,13.378,0.004,-0.046,9.807,-0.002,0.015,-0.000,948.620,11.370,552.220,45.0000000,-122.0000000,552.580,0.000,0.000,0.000,8,00:00:00,-0.390,0.730,-0.230
35.719,547.4003784,35.719,5,-2.575,1.257,542.547,-1.202,0.579,-21.458,-0.237,0.150,0.017,1.208,13.878,-0.000,0.035,9.831,0.002,0.006,0.013,949.700,11.440,542.745,45.0000000,-122.0000000,543.090,0.000,0.000,0.000,8,00:00:00,-0.140,-0.510,-0.100
36.219,536.9911536,36.219,5,-2.582,1.273,531.879,-1.119,0.611,-21.426,-0.088,0.190,0.022,1.059,14.378,0.083,0.002,9.834,-0.014,0.015,0.011,950.840,11.510,532.753,45.0000000,-122.0000000,533.070,0.000,0.000,0.000,8,00:00:00,0.200,0.000,-0.300
36.719,526.5868056,36.719,5,-2.558,1.291,523.383,-1.055,0.609,-20.576,-0.126,0.123,0.043,0.899,14.878,-0.014,-0.080,9.855,-0.002,0.014,0.015,951.270,11.580,528.987,45.0000000,-122.0000000,529.340,0.000,0.000,0.000,8,00:00:00,0.120,-0.260,0.040
37.219,516.1873344,37.219,5,-2.504,1.316,514.713,-0.954,0.656,-19.968,-0.044,0.225,0.005,0.982,15.378,0.002,-0.011,9.817,-0.005,0.015,-0.025,952.410,11.640,519.009,45.0000000,-122.0000000,519.350,0.000,0.000,0.000,8,00:00:00,-0.230,-1.100,0.290
37.719,505.7933496,37.719,5,-2.429,1.373,503.878,-0.904,0.793,-20.270,-0.141,0.410,0.037,1.551,15.878,-0.055,0.079,9.856,-0.015,-0.007,-0.010,954.270,11.710,502.749,45.0000000,-122.0000000,503.010,0.000,0.000,0.000,8,00:00:00,-0.200,0.670,0.800
38.219,495.40424160000003,38.219,5,-2.341,1.470,493.297,-0.828,0.905,-20.422,-0.080,0.369,0.032,1.673,16.378,-0.050,0.012,9.850,-0.002,0.013,-0.006,955.380,11.780,493.058,45.0000000,-122.0000000,493.310,0.000,0.000,0.000,8,00:00:00,-0.140,-0.710,0.330
38.719,485.02031519999997,38.719,5,-2.232,1.598,483.844,-0.722,1.029,-20.131,-0.009,0.406,0.016,1.752,16.878,0.040,0.037,9.834,0.002,-0.004,0.004,956.160,11.850,486.254,45.0000000,-122.0000000,486.500,0.000,0.000,0.000,8,00:00:00,-0.770,0.170,0.020
39.219,474.64157040000003,39.219,5,-2.110,1.753,475.128,-0.667,1.153,-19.637,-0.101,0.422,-0.025,2.089,17.378,-0.001,0.003,9.795,-0.006,-0.010,-0.006,957.010,11.920,478.844,45.0000000,-122.0000000,479.120,0.000,0.000,0.000,8,00:00:00,0.550,-0.280,-0.150
39.719,464.26831200000004,39.719,5,-1.987,1.942,463.291,-0.614,1.334,-20.377,-0.091,0.556,0.036,2.689,17.878,0.055,0.039,9.861,-0.014,-0.009,-0.008,959.220,11.980,459.602,45.0000000,-122.0000000,459.890,0.000,0.000,0.000,8,00:00:00,0.210,0.760,-0.810
40.219,453.9002352,40.219,5,-1.882,2.166,453.405,-0.643,1.490,-20.268,-0.245,0.526,-0.010,2.812,18.378,-0.018,0.016,9.817,0.007,-0.015,-0.015,959.770,12.050,454.819,45.0000000,-122.0000000,455.070,0.000,0.000,0.000,8,00:00:00,-0.630,-0.110,0.140
40.719,443.53734000000003,40.719,5,-1.810,2.401,444.305,-0.682,1.591,-19.917,-0.259,0.441,-0.079,2.538,18.878,-0.037,-0.017,9.745,0.015,0.004,0.009,960.630,12.120,447.345,45.0000000,-122.0000000,447.650,0.000,0.000,0.000,8,00:00:00,1.490,-0.510,-0.300
41.219,433.1799312,41.219,5,-1.776,2.622,433.150,-0.764,1.627,-20.385,-0.341,0.333,-0.045,2.428,19.378,-0.077,-0.083,9.775,0.013,-0.005,0.008,962.480,12.180,431.285,45.0000000,-122.0000000,431.500,0.000,0.000,0.000,8,00:00:00,0.410,-0.160,-0.240
41.719,422.82770400000004,41.719,5,-1.778,2.817,422.217,-0.830,1.666,-20.617,-0.309,0.359,0.100,2.633,19.878,0.040,-0.041,9.921,0.008,-0.014,0.008,963.630,12.250,421.314,45.0000000,-122.0000000,421.570,0.000,0.000,0.000,8,00:00:00,0.250,0.010,-0.270
42.219,412.4809632000001,42.219,5,-1.811,2.984,411.418,-0.915,1.664,-20.804,-0.349,0.292,-0.007,2.320,20.378,0.007,-0.009,9.814,0.023,0.002,-0.018,964.810,12.320,411.093,45.0000000,-122.0000000,411.330,0.000,0.000,0.000,8,00:00:00,-0.100,-0.760,0.580
42.719,402.139404,42.719,5,-1.866,3.124,400.599,-0.966,1.681,-20.990,-0.287,0.345,-0.066,2.320,20.878,0.047,0.021,9.754,-0.002,0.007,0.005,966.040,12.390,400.450,45.0000000,-122.0000000,400.710,0.000,0.000,0.000,8,00:00:00,0.080,-0.740,-0.150
43.219,391.8033312,43.219,6,-1.929,3.239,389.515,-1.008,1.666,-21.179,-0.275,0.291,0.070,2.267,0.000,0.058,-0.029,9.887,0.005,0.004,0.008,967.370,12.450,388.954,45.0000000,-122.0000000,389.180,0.000,0.000,0.000,8,00:00:00,0.380,-0.460,1.060
43.719,381.47244,43.719,6,-1.991,3.336,378.618,-1.015,1.698,-21.275,-0.212,0.396,0.043,2.239,0.500,0.033,0.005,9.863,-0.011,0.021,0.011,968.560,12.520,378.679,45.0000000,-122.0000000,378.890,0.000,0.000,0.000,8,00:00:00,1.070,-0.220,-1.440
44.219,371.1470352,44.219,6,-2.047,3.429,366.771,-1.033,1.731,-21.750,-0.240,0.407,-0.050,2.279,1.000,0.031,0.032,9.771,0.007,-0.003,-0.009,970.160,12.590,364.879,45.0000000,-122.0000000,365.120,0.000,0.000,0.000,8,00:00:00,-0.260,0.330,-0.240
44.719,360.826812,44.719,6,-2.103,3.529,357.629,-1.067,1.816,-21.146,-0.277,0.522,-0.098,2.442,1.500,-0.056,0.084,9.730,-0.008,0.013,-0.007,970.470,12.650,362.208,45.0000000,-122.0000000,362.450,0.000,0.000,0.000,8,00:00:00,0.530,-0.240,-0.080
45.219,350.5114656,45.219,6,-2.163,3.643,347.327,-1.101,1.890,-21.072,-0.282,0.508,-0.062,2.815,2.000,-0.004,0.028,9.765,-0.003,-0.009,-0.006,972.040,12.720,348.689,45.0000000,-122.0000000,348.930,0.000,0.000,0.000,8,00:00:00,0.130,-0.020,-0.520
45.719,340.2013008,45.719,6,-2.227,3.765,335.623,-1.141,1.956,-21.516,-0.303,0.507,-0.015,2.825,2.500,-0.019,0.024,9.813,0.005,0.003,0.001,973.770,12.790,333.812,45.0000000,-122.0000000,334.010,0.000,0.000,0.000,8,00:00:00,0.330,-0.320,0.090
46.219,329.8966224,46.219,6,-2.292,3.891,324.101,-1.165,2.017,-21.785,-0.274,0.509,0.039,2.834,3.000,0.023,0.029,9.866,0.006,0.001,0.011,975.010,12.860,323.163,45.0000000,-122.0000000,323.360,0.000,0.000,0.000,8,00:00:00,0.220,0.170,0.490
46.719,319.59682080000005,46.719,6,-2.357,4.016,316.976,-1.198,2.063,-20.381,-0.300,0.492,-0.015,2.960,3.500,0.059,0.035,9.812,0.010,-0.010,0.015,974.680,12.920,325.996,45.0000000,-122.0000000,326.200,0.000,0.000,0.000,8,00:00:00,0.840,-0.670,-0.030
47.219,309.3022008,47.219,6,-2.431,4.137,308.321,-1.265,2.112,-19.803,-0.376,0.510,0.006,3.350,4.000,0.003,-0.019,9.836,-0.009,-0.000,-0.011,976.260,12.990,312.438,45.0000000,-122.0000000,312.590,0.000,0.000,0.000,8,00:00:00,0.640,0.140,-0.320
47.719,299.0130672,47.719,6,-2.525,4.271,295.362,-1.366,2.233,-20.942,-0.454,0.666,0.014,4.084,4.500,-0.007,0.030,9.857,-0.015,-0.010,-0.009,978.950,13.060,289.397,45.0000000,-122.0000000,289.540,0.000,0.000,0.000,8,00:00:00,-0.570,0.000,0.420
47.72,298.9923408,47.720,6,-2.122,3.589,295.868,-1.292,2.104,-20.514,-10.971,15.573,230.434,4.084,4.501,-0.031,0.019,240.998,-0.008,0.007,-0.003,977.910,13.060,298.299,45.0000000,-122.0000000,298.460,0.000,0.000,0.000,8,00:00:00,0.320,0.250,-0.330
47.724,298.9054728,47.724,6,-1.834,3.101,293.534,-1.269,2.056,-20.528,-9.886,14.126,207.528,4.083,4.505,0.008,0.060,218.020,0.006,0.002,-0.014,979.480,13.060,284.863,45.0000000,-122.0000000,285.050,0.000,0.000,0.000,8,00:00:00,-1.810,0.250,0.420
47.729,298.8140328,47.729,6,-1.616,2.733,293.504,-1.267,2.039,-19.572,-9.048,12.698,185.894,4.081,4.510,-0.127,0.042,196.324,0.014,-0.010,-0.007,978.340,13.060,294.617,45.0000000,-122.0000000,294.820,0.000,0.000,0.000,8,00:00:00,0.240,0.540,0.620
47.734,298.71710640000003,47.734,6,-1.446,2.445,294.108,-1.270,2.033,-18.482,-7.968,11.331,165.417,4.084,4.515,0.030,-0.000,175.774,-0.003,-0.011,-0.011,977.810,13.060,299.155,45.0000000,-122.0000000,299.330,0.000,0.000,0.000,8,00:00:00,0.350,0.370,0.040
47.74,298.61408400000005,47.740,6,-1.311,2.216,293.392,-1.282,2.042,-17.835,-7.179,10.068,146.048,4.084,4.521,-0.064,-0.011,156.347,0.002,-0.001,0.005,978.900,13.060,289.824,45.0000000,-122.0000000,289.980,0.000,0.000,0.000,8,00:00:00,-0.250,0.300,-0.490
47.747,298.50435600000003,47.747,6,-1.202,2.030,294.112,-1.302,2.062,-16.621,-6.345,8.919,127.848,4.083,4.528,-0.075,0.011,138.092,-0.006,0.014,0.028,977.520,13.060,301.639,45.0000000,-122.0000000,301.820,0.000,0.000,0.000,8,00:00:00,0.270,-0.790,0.480
47.755,298.38700800000004,47.755,6,-1.112,1.878,294.133,-1.325,2.088,-15.677,-5.523,7.759,110.754,4.084,4.536,-0.022,-0.041,120.939,0.001,-0.007,-0.006,978.150,13.060,296.244,45.0000000,-122.0000000,296.400,0.000,0.000,0.000,8,00:00:00,-0.020,0.560,0.260
47.764,298.2602112,47.764,6,-1.038,1.752,294.337,-1.349,2.118,-14.693,-4.780,6.762,94.765,4.083,4.545,-0.005,0.003,104.902,0.007,-0.005,0.001,977.890,13.060,298.470,45.0000000,-122.0000000,298.610,0.000,0.000,0.000,8,00:00:00,-0.300,-0.640,-0.210
47.774,298.1227464,47.774,6,-0.977,1.647,294.889,-1.375,2.149,-13.623,-4.176,5.809,79.903,4.061,4.555,-0.090,0.045,89.998,0.040,0.012,-0.001,977.340,13.060,303.181,45.0000000,-122.0000000,303.330,0.000,0.000,0.000,8,00:00:00,0.400,0.010,-0.020
47.787,297.97217520000004,47.787,6,-0.929,1.563,294.846,-1.405,2.188,-12.712,-3.412,4.810,66.177,4.080,4.568,0.071,-0.086,76.215,-0.017,-0.020,0.004,978.050,13.060,297.100,45.0000000,-122.0000000,297.270,0.000,0.000,0.000,8,00:00:00,0.620,-1.440,-0.210
47.802,297.80544960000003,47.802,6,-0.890,1.495,294.521,-1.436,2.228,-11.965,-2.916,4.149,53.601,4.087,4.583,-0.019,0.046,63.614,-0.015,0.007,0.009,978.470,13.060,293.504,45.0000000,-122.0000000,293.710,0.000,0.000,0.000,8,00:00:00,-0.510,-0.860,-0.260
47.821,297.6183024,47.821,6,-0.863,1.446,293.842,-1.468,2.272,-11.352,-2.351,3.382,42.173,4.081,4.602,0.008,0.015,52.146,-0.005,0.017,-0.000,979.060,13.070,288.455,45.0000000,-122.0000000,288.640,0.000,0.000,0.000,8,00:00:00,0.130,-0.130,0.050
47.844,297.40402800000004,47.844,6,-0.846,1.414,293.381,-1.503,2.315,-10.708,-1.999,2.691,31.864,4.064,4.625,-0.104,0.006,41.808,0.018,-0.003,0.008,978.740,13.070,291.193,45.0000000,-122.0000000,291.380,0.000,0.000,0.000,8,00:00:00,0.200,0.560,-0.340
47.875,297.1522632,47.875,6,-0.844,1.405,293.177,-1.538,2.362,-9.953,-1.486,2.104,22.697,4.054,4.656,-0.008,0.019,32.609,0.008,0.000,-0.004,978.220,13.070,295.644,45.0000000,-122.0000000,295.800,0.000,0.000,0.000,8,00:00:00,-0.520,0.210,-0.300
47.919,296.8425864,47.919,6,-0.865,1.431,292.456,-1.575,2.415,-9.443,-1.080,1.622,14.707,4.077,4.700,0.054,0.053,24.595,0.003,-0.019,0.017,979.030,13.070,288.712,45.0000000,-122.0000000,288.870,0.000,0.000,0.000,8,00:00:00,0.220,-0.650,1.050
47.987,296.4323256,47.987,6,-0.923,1.515,291.889,-1.614,2.469,-8.884,-0.752,1.071,7.806,4.077,4.768,0.073,-0.049,17.665,0.006,-0.006,0.005,978.470,13.070,293.504,45.0000000,-122.0000000,293.710,0.000,0.000,0.000,8,00:00:00,0.360,-0.640,-0.460
48.113,295.7895024,48.113,6,-1.073,1.736,291.013,-1.680,2.531,-8.501,-0.636,0.684,2.070,4.104,4.894,-0.072,-0.076,11.916,-0.001,-0.004,-0.003,978.300,13.080,294.959,45.0000000,-122.0000000,295.130,0.000,0.000,0.000,8,00:00:00,-0.750,-0.400,-1.040
48.305,294.9500832,48.305,6,-1.327,2.111,289.301,-1.744,2.600,-8.529,-0.440,0.524,0.102,3.995,5.086,0.024,-0.090,9.935,0.015,0.009,-0.011,978.990,13.080,289.054,45.0000000,-122.0000000,289.240,0.000,0.000,0.000,8,00:00:00,0.280,0.000,-0.790
48.516,294.0737832,48.516,6,-1.608,2.517,288.355,-1.817,2.662,-8.053,-0.475,0.493,-0.100,3.986,5.297,-0.018,-0.105,9.733,0.007,0.004,0.005,977.950,13.090,297.956,45.0000000,-122.0000000,298.140,0.000,0.000,0.000,8,00:00:00,-0.060,0.790,-0.410
48.728,293.1956544,48.728,6,-1.882,2.908,287.700,-1.883,2.739,-7.443,-0.471,0.614,0.053,4.094,5.509,-0.005,-0.014,9.894,-0.004,0.003,-0.006,977.970,13.090,297.785,45.0000000,-122.0000000,297.990,0.000,0.000,0.000,8,00:00:00,0.320,0.700,-0.790
48.94,292.31722080000003,48.940,6,-2.145,3.279,285.982,-1.937,2.815,-7.512,-0.452,0.663,0.037,4.217,5.721,0.029,0.022,9.879,0.001,-0.003,0.010,979.390,13.100,285.633,45.0000000,-122.0000000,285.760,0.000,0.000,0.000,8,00:00:00,-0.110,0.400,0.250
49.152,291.43939680000005,49.152,6,-2.393,3.628,284.418,-1.986,2.881,-7.507,-0.469,0.663,-0.050,4.253,5.933,0.029,0.038,9.794,0.012,-0.005,-0.006,979.420,13.110,285.376,45.0000000,-122.0000000,285.500,0.000,0.000,0.000,8,00:00:00,-0.450,0.230,-0.360
49.363,290.561268,49.363,6,-2.622,3.949,283.490,-2.021,2.925,-7.175,-0.437,0.619,0.010,4.284,6.144,0.068,-0.014,9.849,0.004,0.004,-0.006,979.060,13.110,288.455,45.0000000,-122.0000000,288.630,0.000,0.000,0.000,8,00:00:00,0.020,0.230,-0.220
49.575,289.683444,49.575,6,-2.834,4.245,282.091,-2.053,2.969,-7.118,-0.454,0.663,-0.013,4.273,6.356,0.028,0.016,9.830,-0.000,0.015,-0.001,979.630,13.120,283.580,45.0000000,-122.0000000,283.720,0.000,0.000,0.000,8,00:00:00,-0.220,0.430,0.560
49.787,288.80562000000003,49.787,6,-3.028,4.513,280.040,-2.084,3.013,-7.389,-0.483,0.707,-0.101,4.224,6.568,-0.041,0.049,9.746,-0.001,0.022,-0.017,980.320,13.120,277.681,45.0000000,-122.0000000,277.870,0.000,0.000,0.000,8,00:00:00,0.810,0.240,0.390
49.999,287.927796,49.999,7,-3.203,4.754,279.148,-2.111,3.033,-7.099,-0.488,0.638,-0.048,4.258,0.000,-0.011,-0.007,9.795,0.015,-0.010,-0.003,979.620,13.130,283.666,45.0000000,-122.0000000,283.860,0.000,0.000,0.000,8,00:00:00,-0.300,0.580,0.660
50.211,287.049972,50.211,7,-3.361,4.967,277.627,-2.150,3.053,-7.097,-0.573,0.666,0.047,4.618,0.212,-0.061,-0.043,9.896,-0.020,-0.008,-0.001,980.250,13.130,278.280,45.0000000,-122.0000000,278.470,0.000,0.000,0.000,8,00:00:00,-0.560,0.560,-0.180
50.422,286.172148,50.422,7,-3.502,5.151,277.547,-2.159,3.076,-6.527,-0.458,0.715,-0.101,4.464,0.423,0.004,0.022,9.746,0.009,0.025,0.004,979.350,13.140,285.975,45.0000000,-122.0000000,286.100,0.000,0.000,0.000,8,00:00:00,-0.800,-0.140,-0.020
50.634,285.2946288,50.634,7,-3.627,5.317,277.260,-2.169,3.101,-6.095,-0.472,0.745,-0.057,4.763,0.635,0.008,-0.003,9.793,-0.017,-0.003,-0.010,979.590,13.150,283.922,45.0000000,-122.0000000,284.070,0.000,0.000,0.000,8,00:00:00,-0.910,0.130,-0.140
50.846,284.4171096,50.846,7,-3.737,5.465,276.761,-2.172,3.138,-5.787,-0.458,0.820,-0.027,4.848,0.847,0.009,0.045,9.828,-0.004,0.011,-0.021,979.840,13.150,281.784,45.0000000,-122.0000000,281.960,0.000,0.000,0.000,8,00:00:00,-0.190,-0.020,-0.560
51.057,283.5405048,51.057,7,-3.830,5.596,275.328,-2.185,3.167,-5.894,-0.514,0.802,-0.124,5.001,1.058,-0.032,0.014,9.732,-0.001,-0.003,-0.015,980.640,13.160,274.947,45.0000000,-122.0000000,275.150,0.000,0.000,0.000,8,00:00:00,-0.090,-0.230,0.790
51.269,282.66268080000003,51.269,7,-3.916,5.719,274.269,-2.195,3.218,-5.822,-0.509,0.912,-0.004,5.327,1.270,-0.011,0.056,9.861,-0.019,-0.001,-0.016,980.510,13.160,276.058,45.0000000,-122.0000000,276.220,0.000,0.000,0.000,8,00:00:00,0.180,-0.630,0.510
51.481,281.7851616,51.481,7,-3.991,5.836,271.712,-2.198,3.275,-6.335,-0.480,0.950,-0.066,5.469,1.482,0.029,0.081,9.801,0.001,-0.002,0.015,981.780,13.170,265.211,45.0000000,-122.0000000,265.330,0.000,0.000,0.000,8,00:00:00,-0.100,-0.240,0.470
51.693,280.908252,51.693,7,-4.057,5.948,271.476,-2.208,3.314,-5.953,-0.513,0.871,-0.157,5.548,1.694,0.019,0.010,9.706,0.010,-0.006,0.006,980.240,13.170,278.365,45.0000000,-122.0000000,278.540,0.000,0.000,0.000,8,00:00:00,0.070,0.090,-0.410
51.904,280.0307328,51.904,7,-4.119,6.052,271.188,-2.248,3.368,-5.599,-0.663,0.950,-0.030,5.814,1.905,-0.081,0.047,9.848,-0.003,-0.014,0.011,980.360,13.180,277.339,45.0000000,-122.0000000,277.530,0.000,0.000,0.000,8,00:00:00,0.090,0.600,-0.170
52.116,279.15382320000003,52.116,7,-4.181,6.160,271.139,-2.273,3.439,-5.175,-0.593,1.035,0.009,5.984,2.117,-0.006,0.099,9.890,-0.005,0.004,0.009,980.250,13.190,278.280,45.0000000,-122.0000000,278.440,0.000,0.000,0.000,8,00:00:00,0.210,-0.080,0.240
52.328,278.2769136,52.328,7,-4.242,6.269,271.102,-2.298,3.489,-4.783,-0.591,0.936,0.003,5.917,2.329,-0.016,0.004,9.875,0.012,0.014,0.014,980.300,13.190,277.852,45.0000000,-122.0000000,278.000,0.000,0.000,0.000,8,00:00:00,0.100,0.440,0.620
52.539,277.4003088,52.539,7,-4.302,6.372,272.136,-2.337,3.519,-4.029,-0.662,0.849,-0.000,6.064,2.540,-0.045,-0.087,9.868,0.007,-0.012,0.011,979.520,13.200,284.521,45.0000000,-122.0000000,284.700,0.000,0.000,0.000,8,00:00:00,1.030,-0.360,1.140
52.751,276.5240088,52.751,7,-4.367,6.478,271.764,-2.392,3.576,-3.871,-0.737,0.975,-0.096,6.351,2.752,-0.084,0.017,9.790,-0.003,-0.014,-0.024,980.600,13.200,275.289,45.0000000,-122.0000000,275.440,0.000,0.000,0.000,8,00:00:00,0.740,-0.010,-0.030
52.963,275.6461848,52.963,7,-4.438,6.587,270.147,-2.438,3.642,-4.169,-0.696,1.022,-0.023,6.574,2.964,0.004,0.043,9.865,0.003,-0.014,0.009,981.650,13.210,266.321,45.0000000,-122.0000000,266.500,0.000,0.000,0.000,8,00:00:00,-0.360,-0.770,-0.070
53.175,274.7698848,53.175,7,-4.512,6.700,269.133,-2.498,3.706,-4.234,-0.760,1.013,-0.082,6.677,3.176,-0.051,0.026,9.810,0.005,0.002,-0.016,981.320,13.210,269.138,45.0000000,-122.0000000,269.280,0.000,0.000,0.000,8,00:00:00,-0.610,0.040,-0.020
53.386,273.89328,53.386,7,-4.592,6.815,267.882,-2.565,3.772,-4.388,-0.804,1.031,-0.108,7.029,3.387,-0.066,-0.009,9.789,-0.015,-0.006,-0.005,981.620,13.220,266.577,45.0000000,-122.0000000,266.730,0.000,0.000,0.000,8,00:00:00,1.000,0.230,-1.020
53.598,273.0166752,53.598,7,-4.680,6.937,267.527,-2.615,3.841,-4.183,-0.721,1.044,-0.036,7.065,3.599,0.012,-0.015,9.856,0.004,0.013,0.004,981.030,13.230,271.615,45.0000000,-122.0000000,271.790,0.000,0.000,0.000,8,00:00:00,-0.330,0.060,0.190
53.81,272.1400704,53.810,7,-4.770,7.065,267.771,-2.656,3.910,-3.796,-0.679,1.051,-0.168,7.099,3.811,0.035,-0.007,9.723,0.004,0.013,0.009,980.620,13.230,275.118,45.0000000,-122.0000000,275.260,0.000,0.000,0.000,8,00:00:00,-0.470,-0.650,0.460
54.021,271.2637704,54.021,7,-4.861,7.195,267.389,-2.710,3.988,-3.657,-0.754,1.105,-0.081,7.256,4.022,-0.009,0.021,9.820,0.005,-0.004,-0.001,981.150,13.240,270.590,45.0000000,-122.0000000,270.750,0.000,0.000,0.000,8,00:00:00,-0.830,-0.030,1.390
54.233,270.3874704,54.233,7,-4.960,7.334,267.549,-2.780,4.055,-3.319,-0.826,1.049,-0.053,7.452,4.234,-0.047,-0.059,9.847,0.002,-0.006,-0.000,980.780,13.240,273.751,45.0000000,-122.0000000,273.920,0.000,0.000,0.000,8,00:00:00,0.270,-0.030,0.030
54.444,269.5111704,54.444,7,-5.061,7.474,266.773,-2.831,4.140,-3.364,-0.747,1.152,-0.081,7.678,4.445,0.056,0.022,9.825,-0.001,-0.005,-0.003,981.560,13.250,267.089,45.0000000,-122.0000000,267.240,0.000,0.000,0.000,8,00:00:00,-0.510,0.650,0.510
54.656,268.63517520000005,54.656,7,-5.169,7.625,265.811,-2.890,4.218,-3.479,-0.788,1.119,-0.111,7.797,4.657,0.014,-0.034,9.795,-0.000,0.008,0.015,981.790,13.250,265.126,45.0000000,-122.0000000,265.240,0.000,0.000,0.000,8,00:00:00,-0.290,0.190,0.750
54.868,267.75887520000003,54.868,7,-5.284,7.781,264.831,-2.978,4.304,-3.601,-0.933,1.168,-0.153,8.137,4.869,-0.088,-0.022,9.772,-0.006,-0.013,0.013,981.900,13.260,264.187,45.0000000,-122.0000000,264.380,0.000,0.000,0.000,8,00:00:00,-0.110,-0.340,-0.270
55.079,266.88288,55.079,7,-5.403,7.940,263.876,-3.041,4.399,-3.696,-0.824,1.224,-0.109,8.474,5.080,0.048,-0.022,9.812,-0.014,-0.003,0.016,981.980,13.270,263.504,45.0000000,-122.0000000,263.670,0.000,0.000,0.000,8,00:00:00,-0.700,-0.440,-1.490
55.291,266.0071896,55.291,7,-5.527,8.112,262.278,-3.099,4.507,-4.031,-0.808,1.287,-0.139,8.618,5.292,0.091,0.037,9.789,0.010,-0.006,0.000,982.590,13.270,258.299,45.0000000,-122.0000000,258.490,0.000,0.000,0.000,8,00:00:00,0.320,-0.960,-0.530
55.502,265.1311944,55.502,7,-5.653,8.290,260.855,-3.168,4.622,-4.289,-0.868,1.343,-0.217,8.985,5.503,0.076,0.063,9.725,-0.004,-0.017,0.015,982.590,13.280,258.299,45.0000000,-122.0000000,258.440,0.000,0.000,0.000,8,00:00:00,0.050,-0.620,-1.020
55.714,264.25550400000003,55.714,7,-5.788,8.481,259.781,-3.259,4.735,-4.360,-0.983,1.345,-0.043,9.356,5.715,0.045,0.009,9.908,-0.001,-0.021,0.014,982.440,13.280,259.579,45.0000000,-122.0000000,259.750,0.000,0.000,0.000,8,00:00:00,0.300,0.120,-0.710
55.925,263.3795088,55.925,7,-5.929,8.677,259.492,-3.367,4.861,-4.150,-1.076,1.419,-0.133,9.539,5.926,-0.035,0.071,9.839,0.004,0.000,0.013,981.930,13.290,263.931,45.0000000,-122.0000000,264.070,0.000,0.000,0.000,8,00:00:00,-0.180,-0.130,0.680
56.137,262.504428,56.137,7,-6.082,8.886,258.028,-3.452,4.965,-4.398,-0.973,1.333,-0.142,9.757,6.138,0.096,-0.037,9.808,0.002,-0.003,0.012,982.930,13.290,255.399,45.0000000,-122.0000000,255.590,0.000,0.000,0.000,8,00:00:00,0.210,-0.130,-0.230
56.348,261.6290424,56.348,7,-6.238,9.094,257.088,-3.552,5.062,-4.440,-1.066,1.316,-0.183,9.831,6.349,0.014,-0.052,9.775,0.012,0.004,0.010,982.650,13.300,257.787,45.0000000,-122.0000000,257.920,0.000,0.000,0.000,8,00:00:00,-0.380,0.250,0.330
56.56,260.7530472,56.560,7,-6.407,9.314,256.437,-3.670,5.196,-4.367,-1.157,1.508,-0.178,10.156,6.561,-0.059,0.077,9.817,-0.013,0.004,0.008,982.520,13.300,258.896,45.0000000,-122.0000000,259.030,0.000,0.000,0.000,8,00:00:00,0.280,-0.560,0.850
56.771,259.8776616,56.771,7,-6.581,9.538,254.834,-3.780,5.327,-4.660,-1.137,1.514,-0.179,10.376,6.772,-0.011,0.058,9.815,0.004,-0.002,0.003,983.370,13.310,251.648,45.0000000,-122.0000000,251.840,0.000,0.000,0.000,8,00:00:00,0.230,-0.020,-0.220
56.983,259.002276,56.983,7,-6.768,9.773,254.613,-3.904,5.441,-4.406,-1.216,1.449,-0.173,10.604,6.984,-0.055,-0.031,9.821,0.004,-0.004,0.004,982.410,13.320,259.835,45.0000000,-122.0000000,259.960,0.000,0.000,0.000,8,00:00:00,-0.670,0.160,0.050
57.194,258.1275,57.194,7,-6.960,10.009,254.649,-4.014,5.562,-4.085,-1.176,1.510,-0.204,10.668,7.195,-0.010,0.027,9.795,0.012,0.009,0.000,982.270,13.320,261.029,45.0000000,-122.0000000,261.170,0.000,0.000,0.000,8,00:00:00,1.190,-0.400,0.270
57.406,257.2518096,57.406,7,-7.161,10.254,253.794,-4.115,5.684,-4.112,-1.143,1.529,-0.155,10.909,7.407,0.040,-0.005,9.842,-0.005,0.006,-0.019,983.020,13.330,254.632,45.0000000,-122.0000000,254.770,0.000,0.000,0.000,8,00:00:00,-0.820,0.460,-0.500
57.617,256.3767288,57.617,7,-7.363,10.500,252.013,-4.229,5.815,-4.480,-1.226,1.604,-0.121,11.063,7.618,-0.030,0.035,9.897,0.003,0.009,-0.008,983.860,13.330,247.471,45.0000000,-122.0000000,247.600,0.000,0.000,0.000,8,00:00:00,-0.240,0.180,0.040
57.829,255.50164800000002,57.829,7,-7.574,10.758,251.700,-4.334,5.948,-4.280,-1.197,1.623,-0.194,11.424,7.830,0.002,-0.002,9.825,-0.016,0.007,0.017,982.840,13.340,256.167,45.0000000,-122.0000000,256.300,0.000,0.000,0.000,8,00:00:00,-0.250,-0.390,-0.010
58.04,254.6265672,58.040,7,-7.784,11.015,249.970,-4.431,6.079,-4.610,-1.186,1.646,-0.097,11.730,8.041,0.051,-0.043,9.923,-0.006,0.000,-0.009,984.040,13.350,245.937,45.0000000,-122.0000000,246.060,0.000,0.000,0.000,8,00:00:00,-0.640,-0.590,1.060
58.252,253.752096,58.252,7,-8.001,11.284,249.870,-4.543,6.221,-4.329,-1.271,1.718,-0.240,12.011,8.253,-0.025,0.011,9.806,-0.001,0.001,0.007,982.890,13.350,255.740,45.0000000,-122.0000000,255.930,0.000,0.000,0.000,8,00:00:00,0.550,0.110,-0.400
58.463,252.87701520000002,58.463,7,-8.218,11.551,247.823,-4.644,6.350,-4.793,-1.241,1.686,-0.184,12.061,8.464,0.004,-0.047,9.851,0.009,0.018,0.007,984.500,13.360,242.019,45.0000000,-122.0000000,242.200,0.000,0.000,0.000,8,00:00:00,0.110,0.010,0.330
58.675,252.0028488,58.675,7,-8.441,11.829,246.776,-4.752,6.487,-4.872,-1.292,1.741,-0.329,12.520,8.676,-0.009,-0.024,9.726,-0.009,-0.014,0.002,983.870,13.360,247.386,45.0000000,-122.0000000,247.500,0.000,0.000,0.000,8,00:00:00,-0.190,0.130,1.040
58.886,251.12746320000002,58.886,7,-8.661,12.106,245.398,-4.846,6.633,-5.049,-1.250,1.819,-0.229,12.708,8.887,0.054,0.001,9.832,0.002,0.010,0.010,984.250,13.370,244.148,45.0000000,-122.0000000,244.260,0.000,0.000,0.000,8,00:00:00,1.260,0.780,0.360
59.098,250.252992,59.098,7,-8.888,12.395,246.192,-4.959,6.787,-4.400,-1.361,1.877,-0.251,13.054,9.099,-0.029,0.008,9.836,-0.006,0.001,0.011,982.650,13.370,257.787,45.0000000,-122.0000000,257.900,0.000,0.000,0.000,8,00:00:00,0.870,0.110,-0.640
59.309,249.37852080000002,59.309,7,-9.112,12.683,244.821,-5.058,6.931,-4.628,-1.317,1.863,-0.304,13.382,9.310,0.049,-0.034,9.776,0.001,-0.007,0.002,984.380,13.380,243.041,45.0000000,-122.0000000,243.180,0.000,0.000,0.000,8,00:00:00,0.100,-0.810,0.090
59.52,248.50404960000003,59.520,7,-9.338,12.977,243.975,-5.167,7.084,-4.634,-1.384,1.935,-0.270,13.647,9.521,0.017,-0.006,9.832,0.003,0.001,-0.011,984.090,13.390,245.511,45.0000000,-122.0000000,245.670,0.000,0.000,0.000,8,00:00:00,-0.190,-0.420,0.900
59.732,247.6295784,59.732,7,-9.573,13.284,243.397,-5.300,7.255,-4.543,-1.517,2.034,-0.301,14.056,9.733,-0.055,0.054,9.841,0.002,-0.015,-0.015,983.970,13.390,246.534,45.0000000,-122.0000000,246.690,0.000,0.000,0.000,8,00:00:00,-0.090,-0.160,0.110
59.943,246.75541200000004,59.943,7,-9.807,13.589,242.049,-5.402,7.396,-4.747,-1.395,1.936,-0.288,14.228,9.944,0.098,-0.055,9.816,0.014,0.000,-0.011,984.670,13.400,240.571,45.0000000,-122.0000000,240.720,0.000,0.000,0.000,8,00:00:00,-0.410,-0.310,-0.280
60.154,245.88094080000002,60.154,7,-10.044,13.896,241.423,-5.531,7.540,-4.680,-1.549,1.977,-0.363,14.620,10.155,0.011,-0.029,9.775,0.009,-0.021,-0.004,984.220,13.400,244.404,45.0000000,-122.0000000,244.540,0.000,0.000,0.000,8,00:00:00,0.140,0.520,-0.390
60.366,245.0070792,60.366,7,-10.291,14.215,241.349,-5.661,7.710,-4.410,-1.569,2.125,-0.372,14.934,10.367,0.009,0.063,9.801,-0.004,0.008,-0.013,983.860,13.410,247.471,45.0000000,-122.0000000,247.610,0.000,0.000,0.000,8,00:00:00,0.060,-0.220,-0.570
60.577,244.13260800000003,60.577,7,-10.536,14.532,239.310,-5.775,7.857,-4.907,-1.522,2.051,-0.393,15.110,10.578,0.084,-0.015,9.757,0.016,0.000,-0.014,985.480,13.410,233.676,45.0000000,-122.0000000,233.820,0.000,0.000,0.000,8,00:00:00,-0.300,-0.950,-0.110
60.788,243.2587464,60.788,7,-10.785,14.851,238.656,-5.913,8.010,-4.856,-1.663,2.111,-0.455,15.431,10.789,-0.021,0.018,9.733,0.005,-0.003,0.005,984.540,13.420,241.678,45.0000000,-122.0000000,241.810,0.000,0.000,0.000,8,00:00:00,-0.100,-0.960,0.240
61.0,242.3848848,61.000,7,-11.045,15.181,238.055,-6.048,8.173,-4.775,-1.662,2.181,-0.392,15.559,11.001,-0.011,0.043,9.809,0.008,0.019,0.002,984.580,13.420,241.338,45.0000000,-122.0000000,241.500,0.000,0.000,0.000,8,00:00:00,-0.640,-0.580,0.060
61.211,241.5110232,61.211,7,-11.304,15.507,237.134,-6.179,8.325,-4.824,-1.677,2.170,-0.407,15.880,11.212,-0.015,-0.025,9.795,-0.006,0.012,0.008,984.920,13.430,238.442,45.0000000,-122.0000000,238.610,0.000,0.000,0.000,8,00:00:00,-0.100,-0.310,-0.050
61.422,240.63777120000003,61.422,7,-11.567,15.836,234.865,-6.316,8.494,-5.378,-1.731,2.277,-0.414,16.160,11.423,-0.052,0.031,9.821,0.000,0.011,-0.002,986.100,13.440,228.401,45.0000000,-122.0000000,228.500,0.000,0.000,0.000,8,00:00:00,0.270,0.370,-0.420
61.634,239.7639096,61.634,7,-11.839,16.179,233.385,-6.447,8.670,-5.607,-1.718,2.339,-0.497,16.610,11.635,-0.029,0.033,9.755,-0.014,0.007,-0.002,985.650,13.440,232.229,45.0000000,-122.0000000,232.400,0.000,0.000,0.000,8,00:00:00,0.160,1.390,0.100
61.845,238.88974320000003,61.845,7,-12.109,16.518,232.849,-6.583,8.832,-5.470,-1.775,2.310,-0.524,16.886,11.846,-0.045,-0.016,9.732,0.012,-0.003,0.021,985.040,13.450,237.421,45.0000000,-122.0000000,237.560,0.000,0.000,0.000,8,00:00:00,-0.070,0.010,0.230
62.056,238.0161864,62.056,7,-12.383,16.861,232.818,-6.735,9.007,-5.132,-1.878,2.409,-0.414,17.359,12.057,-0.080,-0.017,9.880,-0.008,-0.002,0.012,984.720,13.450,240.145,45.0000000,-122.0000000,240.250,0.000,0.000,0.000,8,00:00:00,0.220,0.100,-0.420
62.268,237.14262960000002,62.268,7,-12.669,17.218,231.734,-6.872,9.191,-5.229,-1.828,2.471,-0.485,17.669,12.269,0.004,0.032,9.819,0.011,-0.003,-0.005,985.610,13.460,232.569,45.0000000,-122.0000000,232.710,0.000,0.000,0.000,8,00:00:00,0.040,-0.250,-0.540
62.479,236.2693776,62.479,7,-12.953,17.572,230.397,-7.033,9.366,-5.412,-1.978,2.474,-0.469,18.222,12.480,-0.049,-0.025,9.863,0.002,-0.023,-0.002,985.930,13.460,229.847,45.0000000,-122.0000000,229.960,0.000,0.000,0.000,8,00:00:00,1.050,-0.370,-0.070
62.69,235.39582080000002,62.690,7,-13.243,17.930,229.110,-7.175,9.548,-5.561,-1.910,2.540,-0.467,18.499,12.691,0.063,0.016,9.868,0.015,-0.001,0.001,986.020,13.470,229.081,45.0000000,-122.0000000,229.200,0.000,0.000,0.000,8,00:00:00,-0.130,-0.010,-0.080
62.901,234.52287360000003,62.901,7,-13.538,18.295,228.171,-7.333,9.745,-5.594,-2.017,2.644,-0.598,19.122,12.902,-0.035,0.035,9.794,-0.027,0.007,-0.013,985.870,13.480,230.357,45.0000000,-122.0000000,230.510,0.000,0.000,0.000,8,00:00:00,0.020,-0.060,-0.480
63.112,233.64962160000002,63.112,7,-13.837,18.670,227.914,-7.473,9.965,-5.364,-1.957,2.789,-0.576,19.570,13.113,0.084,0.116,9.841,0.003,-0.005,-0.015,985.430,13.480,234.101,45.0000000,-122.0000000,234.220,0.000,0.000,0.000,8,00:00:00,0.690,0.390,-0.110
63.324,232.7763696,63.324,7,-14.146,19.063,227.344,-7.634,10.162,-5.267,-2.081,2.710,-0.570,20.006,13.325,0.036,-0.004,9.852,0.010,-0.013,0.008,985.740,13.490,231.463,45.0000000,-122.0000000,231.590,0.000,0.000,0.000,8,00:00:00,-0.210,-0.140,-1.040
63.535,231.9034224,63.535,7,-14.455,19.454,226.566,-7.806,10.392,-5.277,-2.167,2.911,-0.667,20.545,13.536,-0.004,0.142,9.836,-0.004,-0.006,0.004,985.990,13.490,229.336,45.0000000,-122.0000000,229.500,0.000,0.000,0.000,8,00:00:00,0.340,-0.150,-0.230
63.746,231.0304752,63.746,7,-14.771,19.855,225.501,-7.977,10.593,-5.393,-2.195,2.811,-0.664,21.084,13.747,0.028,-0.025,9.816,-0.004,-0.006,0.006,986.310,13.500,226.615,45.0000000,-122.0000000,226.750,0.000,0.000,0.000,8,00:00:00,-0.240,0.860,-0.220
63.957,230.157528,63.957,7,-15.095,20.262,224.833,-8.164,10.805,-5.357,-2.301,2.904,-0.690,21.791,13.958,-0.008,-0.033,9.844,-0.018,-0.010,0.004,986.100,13.500,228.401,45.0000000,-122.0000000,228.570,0.000,0.000,0.000,8,00:00:00,-0.580,-0.270,0.130
64.168,229.28458080000001,64.168,7,-15.427,20.677,225.030,-8.333,11.026,-5.006,-2.243,2.983,-0.731,22.222,14.169,0.076,-0.009,9.816,-0.001,0.007,0.008,985.490,13.510,233.590,45.0000000,-122.0000000,233.700,0.000,0.000,0.000,8,00:00:00,0.340,-0.260,0.400
64.37899999999999,228.41193840000003,64.379,7,-15.767,21.100,223.913,-8.537,11.246,-5.180,-2.441,3.021,-0.748,22.812,14.380,-0.033,-0.038,9.860,0.002,-0.016,-0.008,986.570,13.520,224.404,45.0000000,-122.0000000,224.550,0.000,0.000,0.000,8,00:00:00,0.770,0.580,0.020
64.59100000000001,227.539296,64.591,7,-16.122,21.542,222.499,-8.713,11.496,-5.456,-2.336,3.186,-0.771,23.364,14.591,0.107,0.039,9.864,-0.011,0.007,-0.001,986.910,13.520,221.513,45.0000000,-122.0000000,221.620,0.000,0.000,0.000,8,00:00:00,0.800,-0.510,-0.440
64.80199999999999,226.66665360000002,64.802,7,-16.475,21.984,220.784,-8.900,11.732,-5.840,-2.431,3.176,-0.851,23.863,14.803,0.082,0.011,9.811,0.014,-0.017,-0.004,987.280,13.530,218.369,45.0000000,-122.0000000,218.480,0.000,0.000,0.000,8,00:00:00,0.210,0.170,0.590
65.013,225.7940112,65.013,7,-16.836,22.437,220.025,-9.093,11.990,-5.840,-2.492,3.328,-0.877,24.500,15.014,0.093,0.078,9.852,-0.005,-0.009,-0.011,986.660,13.530,223.638,45.0000000,-122.0000000,223.750,0.000,0.000,0.000,8,00:00:00,-0.530,0.130,0.420
65.22399999999999,224.92167360000002,65.224,7,-17.206,22.899,219.801,-9.318,12.211,-5.655,-2.677,3.192,-0.957,24.973,15.225,-0.068,-0.103,9.783,-0.000,0.008,0.003,986.320,13.540,226.530,45.0000000,-122.0000000,226.640,0.000,0.000,0.000,8,00:00:00,-0.750,-0.050,-0.640
65.435,224.04933600000004,65.435,7,-17.589,23.367,218.070,-9.542,12.453,-6.056,-2.709,3.333,-0.982,25.416,15.436,-0.035,-0.009,9.818,0.013,-0.003,0.009,987.580,13.540,215.820,45.0000000,-122.0000000,215.970,0.000,0.000,0.000,8,00:00:00,-0.090,-0.250,0.240
65.646,223.17669360000002,65.646,7,-17.987,23.842,218.066,-9.797,12.691,-5.796,-2.894,3.363,-1.079,25.943,15.647,-0.159,-0.010,9.792,0.010,-0.008,0.004,986.340,13.550,226.359,45.0000000,-122.0000000,226.530,0.000,0.000,0.000,8,00:00:00,-0.520,-0.490,0.680
65.857,222.30466080000002,65.857,7,-18.397,24.325,217.559,-10.018,12.953,-5.752,-2.770,3.519,-1.111,26.474,15.858,0.005,0.076,9.784,-0.001,0.006,-0.005,986.780,13.550,222.618,45.0000000,-122.0000000,222.790,0.000,0.000,0.000,8,00:00:00,-0.180,0.080,-0.100
66.068,221.4323232,66.068,7,-18.816,24.818,217.846,-10.245,13.207,-5.416,-2.838,3.526,-1.127,27.137,16.069,-0.021,-0.027,9.792,-0.017,0.009,0.003,986.210,13.560,227.465,45.0000000,-122.0000000,227.610,0.000,0.000,0.000,8,00:00:00,-0.050,0.220,0.180
66.279,220.5602904,66.279,7,-19.245,25.319,217.001,-10.483,13.459,-5.565,-2.927,3.567,-1.284,27.787,16.280,-0.075,-0.019,9.694,-0.002,-0.005,-0.004,987.130,13.570,219.643,45.0000000,-122.0000000,219.780,0.000,0.000,0.000,8,00:00:00,-0.940,-0.180,-0.020
66.491,219.6882576,66.491,7,-19.692,25.842,215.885,-10.700,13.740,-5.808,-2.861,3.730,-1.314,28.374,16.492,0.033,0.057,9.710,-0.005,0.009,-0.001,987.420,13.570,217.179,45.0000000,-122.0000000,217.340,0.000,0.000,0.000,8,00:00:00,-0.080,-0.560,-0.350
66.702,218.81652960000002,66.702,7,-20.135,26.364,214.497,-10.938,14.039,-6.120,-3.012,3.888,-1.237,29.040,16.703,-0.021,0.064,9.883,-0.008,0.004,0.004,987.740,13.580,214.460,45.0000000,-122.0000000,214.590,0.000,0.000,0.000,8,00:00:00,-1.150,-0.610,0.340
66.913,217.94510640000001,66.913,7,-20.585,26.898,213.031,-11.154,14.317,-6.444,-2.954,3.838,-1.274,29.612,16.914,0.095,-0.030,9.814,0.008,-0.004,-0.016,987.920,13.580,212.932,45.0000000,-122.0000000,213.030,0.000,0.000,0.000,8,00:00:00,-0.920,0.280,-0.520
67.124,217.07276880000003,67.124,7,-21.042,27.443,212.554,-11.396,14.609,-6.418,-3.114,3.953,-1.510,30.423,17.125,-0.057,0.034,9.706,-0.018,0.000,-0.005,987.250,13.590,218.624,45.0000000,-122.0000000,218.730,0.000,0.000,0.000,8,00:00:00,-0.020,-0.420,1.190
67.33500000000001,216.20073600000003,67.335,7,-21.507,28.000,210.806,-11.634,14.909,-6.852,-3.146,4.044,-1.411,30.868,17.336,0.013,0.028,9.838,0.020,0.003,-0.000,988.330,13.590,209.450,45.0000000,-122.0000000,209.540,0.000,0.000,0.000,8,00:00:00,0.250,1.030,0.490
67.54599999999999,215.32931280000003,67.546,7,-21.980,28.567,210.170,-11.878,15.194,-6.845,-3.210,4.023,-1.467,31.402,17.547,0.004,-0.034,9.803,0.013,0.001,0.003,987.580,13.600,215.820,45.0000000,-122.0000000,215.980,0.000,0.000,0.000,8,00:00:00,0.260,0.070,-0.150
67.757,214.4575848,67.757,7,-22.463,29.143,208.419,-12.140,15.491,-7.275,-3.347,4.134,-1.554,32.125,17.758,-0.080,-0.015,9.820,-0.008,0.003,-0.007,988.550,13.610,207.582,45.0000000,-122.0000000,207.670,0.000,0.000,0.000,8,00:00:00,0.040,-0.120,-0.060
67.968,213.5861616,67.968,7,-22.954,29.728,208.303,-12.383,15.788,-7.074,-3.300,4.194,-1.638,32.631,17.969,0.016,0.029,9.760,0.020,-0.001,0.016,987.380,13.610,217.519,45.0000000,-122.0000000,217.660,0.000,0.000,0.000,8,00:00:00,-0.300,-0.090,-0.110
68.179,212.71473840000002,68.179,7,-23.450,30.322,207.430,-12.621,16.087,-7.188,-3.321,4.254,-1.711,33.219,18.180,0.035,0.033,9.733,0.006,0.006,0.014,988.030,13.620,211.997,45.0000000,-122.0000000,212.140,0.000,0.000,0.000,8,00:00:00,-0.140,-0.330,0.420
68.39,211.8433152,68.390,7,-23.953,30.924,206.526,-12.870,16.387,-7.310,-3.421,4.315,-1.739,33.928,18.391,0.006,-0.009,9.770,-0.003,0.003,-0.011,988.140,13.620,211.063,45.0000000,-122.0000000,211.190,0.000,0.000,0.000,8,00:00:00,0.390,0.300,-0.020
68.601,210.971892,68.601,7,-24.461,31.535,205.668,-13.119,16.691,-7.433,-3.470,4.391,-1.876,34.823,18.602,0.041,0.019,9.709,-0.000,-0.023,0.012,988.190,13.630,210.639,45.0000000,-122.0000000,210.780,0.000,0.000,0.000,8,00:00:00,-0.480,-0.000,-0.190
68.812,210.10077360000002,68.812,7,-24.978,32.155,205.410,-13.395,17.019,-7.344,-3.645,4.563,-1.990,35.665,18.813,-0.031,0.117,9.760,0.005,-0.018,0.003,987.790,13.630,214.036,45.0000000,-122.0000000,214.170,0.000,0.000,0.000,8,00:00:00,0.410,0.100,0.320
69.023,209.2296552,69.023,7,-25.506,32.787,203.512,-13.690,17.342,-7.876,-3.788,4.601,-1.982,36.391,19.024,-0.086,0.030,9.838,-0.002,0.006,0.001,989.150,13.640,202.490,45.0000000,-122.0000000,202.580,0.000,0.000,0.000,8,00:00:00,0.450,0.740,0.520
69.234,208.35853680000002,69.234,7,-26.049,33.427,203.116,-13.993,17.652,-7.808,-3.870,4.598,-2.009,37.189,19.235,-0.070,-0.062,9.847,0.003,-0.009,-0.004,988.090,13.650,211.488,45.0000000,-122.0000000,211.590,0.000,0.000,0.000,8,00:00:00,-0.250,-0.060,0.510
69.445,207.4874184,69.445,7,-26.602,34.075,202.240,-14.271,17.977,-7.946,-3.806,4.725,-2.111,37.876,19.446,0.022,0.002,9.802,0.000,0.011,0.009,988.530,13.650,207.752,45.0000000,-122.0000000,207.860,0.000,0.000,0.000,8,00:00:00,-0.160,-0.290,0.260
69.656,206.61690959999999,69.656,7,-27.164,34.733,199.974,-14.557,18.312,-8.601,-3.901,4.839,-2.140,38.774,19.657,0.012,-0.033,9.872,-0.016,0.005,0.004,989.730,13.660,197.570,45.0000000,-122.0000000,197.690,0.000,0.000,0.000,8,00:00:00,0.090,0.410,0.320
69.867,205.7457912,69.867,7,-27.733,35.400,197.569,-14.839,18.647,-9.310,-3.929,4.901,-2.405,39.557,19.868,-0.027,0.046,9.710,0.003,0.000,0.000,990.010,13.660,195.196,45.0000000,-122.0000000,195.340,0.000,0.000,0.000,8,00:00:00,-0.290,-0.350,0.270
70.078,204.87497760000002,70.078,7,-28.310,36.078,195.601,-15.127,18.994,-9.789,-4.013,5.016,-2.359,40.334,20.079,0.014,0.010,9.837,0.004,0.001,-0.009,989.840,13.670,196.638,45.0000000,-122.0000000,196.730,0.000,0.000,0.000,8,00:00:00,-0.130,0.310,0.010
70.289,204.004164,70.289,7,-28.896,36.765,194.507,-15.426,19.331,-9.912,-4.121,5.037,-2.409,41.248,20.290,-0.001,-0.081,9.855,-0.005,-0.005,0.019,989.300,13.670,201.218,45.0000000,-122.0000000,201.360,0.000,0.000,0.000,8,00:00:00,-0.200,1.030,0.040
70.499,203.1336552,70.499,7,-29.478,37.444,193.456,-15.732,19.675,-10.052,-4.224,5.157,-2.610,42.152,20.500,-0.071,-0.013,9.812,-0.006,-0.000,0.010,989.380,13.680,200.539,45.0000000,-122.0000000,200.670,0.000,0.000,0.000,8,00:00:00,0.470,0.080,0.320
70.71,202.2628416,70.710,7,-30.085,38.150,192.464,-16.039,20.011,-10.156,-4.272,5.160,-2.609,42.813,20.711,-0.037,-0.101,9.835,0.014,0.008,0.004,989.430,13.690,200.115,45.0000000,-122.0000000,200.240,0.000,0.000,0.000,8,00:00:00,-0.480,-0.230,-0.680
70.921,201.39294240000004,70.921,7,-30.699,38.864,191.383,-16.338,20.362,-10.323,-4.284,5.296,-2.790,43.814,20.922,0.001,-0.025,9.781,-0.008,-0.007,0.008,989.600,13.690,198.673,45.0000000,-122.0000000,198.820,0.000,0.000,0.000,8,00:00:00,0.350,0.240,-0.010
71.132,200.5221288,71.132,7,-31.320,39.586,190.850,-16.634,20.724,-10.301,-4.334,5.417,-2.948,44.817,21.133,0.012,0.022,9.758,-0.007,-0.006,0.004,989.260,13.700,201.557,45.0000000,-122.0000000,201.630,0.000,0.000,0.000,8,00:00:00,-0.310,0.800,0.370
71.343,199.6519248,71.343,7,-31.946,40.318,189.479,-16.927,21.082,-10.597,-4.376,5.471,-2.949,45.551,21.344,0.105,-0.001,9.806,0.028,-0.013,-0.024,990.000,13.700,195.281,45.0000000,-122.0000000,195.370,0.000,0.000,0.000,8,00:00:00,0.350,-0.070,-0.580
71.554,198.78202560000003,71.554,7,-32.579,41.057,188.042,-17.246,21.433,-10.930,-4.557,5.498,-3.121,46.515,21.555,-0.034,-0.045,9.785,-0.007,0.002,0.009,990.170,13.710,193.840,45.0000000,-122.0000000,193.980,0.000,0.000,0.000,8,00:00:00,-1.060,-1.090,0.100
71.765,197.91121200000003,71.765,7,-33.220,41.803,186.667,-17.563,21.797,-11.223,-4.610,5.635,-3.175,47.408,21.766,0.030,-0.018,9.850,0.009,-0.006,-0.022,990.240,13.710,193.246,45.0000000,-122.0000000,193.370,0.000,0.000,0.000,8,00:00:00,0.520,-0.130,-0.480
71.976,197.0416176,71.976,7,-33.869,42.557,186.730,-17.880,22.160,-11.010,-4.667,5.702,-3.455,48.396,21.977,-0.041,0.052,9.730,-0.005,0.002,0.002,989.200,13.720,202.066,45.0000000,-122.0000000,202.150,0.000,0.000,0.000,8,00:00:00,-0.280,1.360,0.280
72.187,196.1711088,72.187,7,-34.525,43.318,185.564,-18.205,22.517,-11.285,-4.771,5.742,-3.506,49.415,22.188,-0.037,-0.037,9.771,-0.003,-0.004,-0.002,990.210,13.720,193.501,45.0000000,-122.0000000,193.600,0.000,0.000,0.000,8,00:00:00,0.700,-0.330,-1.030
72.397,195.3009048,72.397,7,-35.173,44.065,184.068,-18.520,22.878,-11.676,-4.803,5.855,-3.563,50.352,22.398,0.051,-0.026,9.817,0.010,-0.009,0.011,990.580,13.730,190.364,45.0000000,-122.0000000,190.510,0.000,0.000,0.000,8,00:00:00,-1.150,-0.790,0.640
72.608,194.43100560000002,72.608,7,-35.845,44.842,183.691,-18.841,23.253,-11.646,-4.870,5.969,-3.722,51.327,22.609,0.061,0.031,9.818,0.008,-0.008,0.020,989.790,13.740,197.062,45.0000000,-122.0000000,197.170,0.000,0.000,0.000,8,00:00:00,-0.280,-0.740,0.240
72.819,193.5614112,72.819,7,-36.523,45.626,183.432,-19.166,23.631,-11.611,-4.957,6.061,-3.905,52.250,22.820,-0.019,0.048,9.807,-0.007,0.020,-0.012,989.740,13.740,197.486,45.0000000,-122.0000000,197.590,0.000,0.000,0.000,8,00:00:00,-0.920,0.260,0.120
73.03,192.69151200000002,73.030,7,-37.209,46.418,183.628,-19.508,24.013,-11.421,-5.097,6.145,-3.969,53.316,23.031,-0.045,-0.025,9.893,-0.007,0.002,-0.012,989.410,13.750,200.285,45.0000000,-122.0000000,200.440,0.000,0.000,0.000,8,00:00:00,-0.200,-0.810,1.170
73.24,191.8219176,73.240,7,-37.883,47.196,182.553,-19.814,24.384,-11.776,-5.015,6.198,-4.225,54.496,23.241,0.030,0.036,9.735,-0.010,-0.008,-0.006,990.440,13.750,191.551,45.0000000,-122.0000000,191.650,0.000,0.000,0.000,8,00:00:00,-0.410,-0.240,0.090
73.451,190.9520184,73.451,7,-38.581,48.004,181.833,-20.149,24.766,-11.979,-5.196,6.300,-4.277,55.703,23.452,-0.015,-0.070,9.864,-0.019,0.002,-0.001,990.220,13.760,193.416,45.0000000,-122.0000000,193.490,0.000,0.000,0.000,8,00:00:00,0.960,-0.240,-0.910
73.662,190.0827288,73.662,7,-39.285,48.818,180.745,-20.479,25.150,-12.342,-5.236,6.381,-4.457,56.759,23.663,-0.009,-0.043,9.838,0.001,-0.001,0.001,990.570,13.760,190.449,45.0000000,-122.0000000,190.600,0.000,0.000,0.000,8,00:00:00,-0.100,0.620,-0.020
73.873,189.2134392,73.873,7,-39.991,49.638,179.026,-20.788,25.537,-12.958,-5.198,6.473,-4.685,57.909,23.874,0.037,0.021,9.756,-0.008,0.000,0.007,991.150,13.770,185.535,45.0000000,-122.0000000,185.680,0.000,0.000,0.000,8,00:00:00,-0.080,0.110,-0.040
74.084,188.34384480000003,74.084,7,-40.699,50.465,178.440,-21.104,25.929,-13.130,-5.304,6.576,-4.830,58.965,24.085,0.053,0.061,9.806,0.019,-0.019,0.001,990.350,13.780,192.314,45.0000000,-122.0000000,192.440,0.000,0.000,0.000,8,00:00:00,-0.300,-0.100,0.250
74.294,187.4745552,74.294,7,-41.392,51.275,175.609,-21.440,26.311,-14.143,-5.487,6.633,-4.887,59.999,24.295,-0.002,-0.047,9.917,0.002,0.006,0.011,992.210,13.780,176.560,45.0000000,-122.0000000,176.650,0.000,0.000,0.000,8,00:00:00,0.560,-0.050,-0.400
74.505,186.6052656,74.505,7,-42.110,52.116,174.881,-21.761,26.703,-14.337,-5.456,6.727,-5.139,61.305,24.506,0.035,0.011,9.841,-0.018,-0.004,0.003,990.690,13.790,189.432,45.0000000,-122.0000000,189.560,0.000,0.000,0.000,8,00:00:00,-0.660,-0.160,-0.330
74.716,185.7362808,74.716,7,-42.832,52.960,173.848,-22.097,27.072,-14.680,-5.592,6.700,-5.387,62.408,24.717,-0.081,-0.005,9.783,0.008,-0.007,-0.011,990.990,13.790,186.890,45.0000000,-122.0000000,187.010,0.000,0.000,0.000,8,00:00:00,0.020,-0.230,0.040
74.927,184.8669912,74.927,7,-43.556,53.804,172.294,-22.417,27.432,-15.207,-5.587,6.735,-5.463,63.376,24.928,0.008,-0.045,9.771,0.016,0.002,-0.005,991.480,13.800,182.740,45.0000000,-122.0000000,182.870,0.000,0.000,0.000,8,00:00:00,-0.170,0.400,0.450
75.137,183.99770160000003,75.137,7,-44.261,54.624,169.879,-22.733,27.802,-16.055,-5.660,6.886,-5.656,64.559,25.138,0.009,0.011,9.834,-0.004,-0.001,0.009,992.290,13.800,175.883,45.0000000,-122.0000000,175.960,0.000,0.000,0.000,8,00:00:00,0.420,0.200,0.110
75.348,183.1287168,75.348,7,-44.988,55.472,168.840,-23.028,28.169,-16.332,-5.603,6.926,-5.723,65.470,25.349,0.099,-0.042,9.801,0.006,0.025,-0.016,991.330,13.810,184.010,45.0000000,-122.0000000,184.110,0.000,0.000,0.000,8,00:00:00,-1.010,0.340,-0.250
75.559,182.259732,75.559,7,-45.712,56.321,166.049,-23.342,28.555,-17.314,-5.759,7.088,-6.061,66.826,25.560,-0.030,0.068,9.872,-0.015,-0.005,-0.018,992.820,13.820,171.399,45.0000000,-122.0000000,171.480,0.000,0.000,0.000,8,00:00:00,1.140,-0.380,-0.090
75.769,181.391052,75.769,7,-46.413,57.146,163.763,-23.628,28.907,-18.062,-5.720,7.042,-6.224,67.954,25.770,-0.011,-0.000,9.755,-0.006,0.014,0.012,992.610,13.820,173.175,45.0000000,-122.0000000,173.310,0.000,0.000,0.000,8,00:00:00,-0.520,-0.430,1.190
75.98,180.52237200000002,75.980,7,-47.133,57.997,162.690,-23.917,29.266,-18.308,-5.770,7.120,-6.287,68.979,25.981,0.040,-0.066,9.818,0.007,0.013,0.007,991.780,13.830,180.200,45.0000000,-122.0000000,180.290,0.000,0.000,0.000,8,00:00:00,0.240,-0.100,-0.380
76.19,179.65399680000002,76.190,7,-47.825,58.818,161.057,-24.185,29.603,-18.803,-5.766,7.121,-6.579,70.351,26.191,0.030,-0.023,9.716,-0.006,-0.015,0.000,992.330,13.830,175.544,45.0000000,-122.0000000,175.690,0.000,0.000,0.000,8,00:00:00,-0.510,0.230,0.020
76.401,178.78531680000003,76.401,7,-48.535,59.665,160.535,-24.471,29.965,-18.877,-5.889,7.288,-6.754,71.652,26.402,0.015,-0.022,9.855,-0.012,0.003,-0.005,991.540,13.840,182.232,45.0000000,-122.0000000,182.320,0.000,0.000,0.000,8,00:00:00,-0.780,0.760,0.430
76.612,177.91663680000002,76.612,7,-49.239,60.507,159.639,-24.736,30.296,-19.126,-5.854,7.222,-6.954,73.067,26.613,0.024,-0.109,9.725,-0.023,0.003,-0.012,991.890,13.840,179.269,45.0000000,-122.0000000,179.380,0.000,0.000,0.000,8,00:00:00,-0.330,0.170,-0.210
76.823,177.0479568,76.823,7,-49.935,61.345,159.881,-25.003,30.649,-18.974,-5.931,7.406,-7.177,74.048,26.824,0.005,0.006,9.847,0.017,0.012,-0.015,991.040,13.850,186.467,45.0000000,-122.0000000,186.590,0.000,0.000,0.000,8,00:00:00,-0.550,-0.230,0.490
77.033,176.18019120000002,77.033,7,-50.599,62.153,158.437,-25.237,30.987,-19.532,-5.863,7.438,-7.500,75.409,27.034,0.003,0.101,9.748,-0.012,-0.002,-0.020,992.400,13.850,174.952,45.0000000,-122.0000000,175.060,0.000,0.000,0.000,8,00:00:00,-0.060,-0.230,0.140
77.244,175.3112064,77.244,7,-51.277,62.984,156.998,-25.484,31.300,-20.068,-5.957,7.366,-7.619,76.646,27.245,-0.041,-0.058,9.723,-0.004,0.007,0.006,992.470,13.860,174.360,45.0000000,-122.0000000,174.480,0.000,0.000,0.000,8,00:00:00,-0.680,0.280,0.620
77.455,174.44313600000004,77.455,7,-51.943,63.806,155.213,-25.708,31.614,-20.720,-5.917,7.448,-7.761,77.902,27.456,0.068,-0.053,9.730,0.001,-0.002,-0.000,992.840,13.870,171.229,45.0000000,-122.0000000,171.330,0.000,0.000,0.000,8,00:00:00,0.020,-0.290,-0.820
77.665,173.57506560000002,77.665,7,-52.574,64.590,152.952,-25.925,31.907,-21.559,-5.962,7.459,-8.052,79.231,27.666,0.002,-0.021,9.710,-0.005,-0.003,0.003,993.350,13.870,166.916,45.0000000,-122.0000000,167.060,0.000,0.000,0.000,8,00:00:00,-0.140,-0.880,-0.950
77.876,172.7066904,77.876,7,-53.218,65.395,150.391,-26.152,32.212,-22.475,-6.046,7.549,-8.212,80.551,27.877,0.041,-0.049,9.803,0.003,-0.011,-0.005,993.720,13.880,163.788,45.0000000,-122.0000000,163.900,0.000,0.000,0.000,8,00:00:00,-0.420,0.400,0.560
78.087,171.83862,78.087,7,-53.852,66.189,148.941,-26.380,32.494,-22.951,-6.112,7.520,-8.450,81.860,28.088,0.001,-0.063,9.786,0.007,-0.013,-0.010,992.990,13.880,169.961,45.0000000,-122.0000000,170.070,0.000,0.000,0.000,8,00:00:00,0.310,0.350,-1.110
78.297,170.9708544,78.297,7,-54.452,66.942,147.667,-26.587,32.767,-23.403,-6.093,7.580,-8.849,83.228,28.298,-0.033,0.126,9.772,0.008,-0.021,-0.024,992.960,13.890,170.214,45.0000000,-122.0000000,170.340,0.000,0.000,0.000,8,00:00:00,-0.160,-0.460,-0.500
78.508,170.102784,78.508,7,-55.067,67.714,146.190,-26.807,33.040,-23.925,-6.187,7.619,-8.991,84.386,28.509,-0.018,0.076,9.848,0.017,-0.003,-0.001,993.190,13.890,168.269,45.0000000,-122.0000000,168.330,0.000,0.000,0.000,8,00:00:00,-0.270,-0.180,-0.040
78.718,169.2350184,78.718,7,-55.650,68.444,144.518,-27.033,33.296,-24.517,-6.297,7.638,-9.183,85.784,28.719,-0.049,-0.006,9.919,-0.008,-0.005,-0.002,993.460,13.900,165.986,45.0000000,-122.0000000,166.050,0.000,0.000,0.000,8,00:00:00,0.620,-0.050,0.070
79.218,167.1739608,79.218,7,-63.287,77.857,135.910,-28.758,35.414,-27.478,-6.288,7.727,-9.630,88.678,29.219,0.025,-0.013,9.964,0.004,0.005,-0.008,994.240,13.910,159.394,45.0000000,-122.0000000,159.470,0.000,0.000,0.000,8,00:00:00,0.010,0.350,-0.020
79.429,166.3077192,79.429,7,-62.931,77.424,136.415,-28.657,35.269,-27.044,-6.168,7.491,-9.855,90.009,29.430,-0.020,-0.056,9.703,-0.004,0.001,-0.012,993.140,13.920,168.692,45.0000000,-122.0000000,168.770,0.000,0.000,0.000,8,00:00:00,-0.670,-0.800,0.620
79.64,165.43873440000002,79.640,7,-62.643,77.069,135.439,-28.595,35.167,-27.270,-6.287,7.615,-10.176,91.456,29.641,-0.074,-0.011,9.881,-0.009,-0.009,0.009,994.080,13.920,160.746,45.0000000,-122.0000000,160.800,0.000,0.000,0.000,8,00:00:00,0.270,-0.760,0.790
79.85,164.5715784,79.850,7,-62.388,76.752,134.674,-28.515,35.057,-27.436,-6.174,7.537,-10.404,92.718,29.851,-0.054,0.028,9.760,0.003,0.001,-0.004,993.970,13.930,161.675,45.0000000,-122.0000000,161.730,0.000,0.000,0.000,8,00:00:00,0.000,0.600,-0.160
80.061,163.70411760000002,80.061,7,-62.208,76.525,133.618,-28.459,34.977,-27.722,-6.206,7.582,-10.519,93.912,30.062,0.007,-0.042,9.824,0.006,0.007,-0.011,994.180,13.940,159.901,45.0000000,-122.0000000,159.970,0.000,0.000,0.000,8,00:00:00,-0.560,-0.050,-0.450
80.272,162.83665680000001,80.272,7,-62.067,76.346,133.955,-28.408,34.917,-27.506,-6.188,7.628,-10.824,95.261,30.273,-0.035,0.014,9.874,-0.015,0.011,0.005,993.200,13.940,168.185,45.0000000,-122.0000000,168.280,0.000,0.000,0.000,8,00:00:00,-0.980,0.230,0.910
80.482,161.9695008,80.482,7,-61.934,76.175,131.741,-28.360,34.826,-28.338,-6.187,7.458,-10.999,96.542,30.483,-0.078,-0.063,9.763,0.009,-0.008,0.024,995.050,13.950,152.552,45.0000000,-122.0000000,152.680,0.000,0.000,0.000,8,00:00:00,0.070,0.000,-0.250
80.692,161.1026496,80.692,7,-61.832,76.038,130.532,-28.305,34.752,-28.758,-6.116,7.491,-11.202,97.782,30.693,0.006,-0.001,9.770,0.012,-0.008,-0.025,994.420,13.950,157.873,45.0000000,-122.0000000,157.980,0.000,0.000,0.000,8,00:00:00,-0.520,0.690,0.740
80.903,160.2351888,80.903,7,-61.779,75.960,128.856,-28.268,34.684,-29.368,-6.141,7.441,-11.394,99.002,30.904,-0.026,-0.048,9.777,0.004,0.005,0.007,994.810,13.960,154.579,45.0000000,-122.0000000,154.630,0.000,0.000,0.000,8,00:00:00,-0.520,0.030,0.570
81.113,159.3683376,81.113,7,-61.719,75.871,127.873,-28.214,34.600,-29.726,-6.056,7.360,-11.679,100.219,31.114,-0.076,0.032,9.712,0.004,0.004,-0.004,994.390,13.960,158.126,45.0000000,-122.0000000,158.230,0.000,0.000,0.000,8,00:00:00,-0.130,0.180,-0.090
81.324,158.5014864,81.324,7,-61.699,75.831,126.902,-28.162,34.547,-30.098,-6.012,7.437,-11.880,101.310,31.325,-0.013,0.095,9.784,0.015,0.008,-0.001,994.400,13.970,158.042,45.0000000,-122.0000000,158.150,0.000,0.000,0.000,8,00:00:00,0.520,-0.280,0.190
81.534,157.6346352,81.534,7,-61.665,75.778,125.902,-28.118,34.506,-30.477,-6.043,7.493,-11.971,102.561,31.535,0.070,-0.018,9.865,-0.005,0.009,-0.004,994.480,13.980,157.366,45.0000000,-122.0000000,157.430,0.000,0.000,0.000,8,00:00:00,-0.120,0.810,0.080
81.745,156.76778400000003,81.745,7,-61.666,75.770,124.189,-28.062,34.442,-31.167,-5.940,7.317,-12.287,103.920,31.746,-0.041,0.048,9.745,-0.008,-0.001,-0.002,995.050,13.980,152.552,45.0000000,-122.0000000,152.630,0.000,0.000,0.000,8,00:00:00,-1.090,0.280,-0.480
81.955,155.9012376,81.955,7,-61.645,75.741,123.178,-27.979,34.381,-31.585,-5.806,7.334,-12.504,105.273,31.956,0.038,0.113,9.733,-0.009,0.000,0.003,994.610,13.990,156.268,45.0000000,-122.0000000,156.370,0.000,0.000,0.000,8,00:00:00,-0.300,0.510,-0.730
82.166,155.0343864,82.166,7,-61.653,75.752,121.265,-27.934,34.331,-32.370,-5.941,7.322,-12.767,106.632,32.167,-0.059,0.027,9.882,-0.011,0.001,0.004,995.330,13.990,150.188,45.0000000,-122.0000000,150.300,0.000,0.000,0.000,8,00:00:00,-0.070,-0.190,0.460
82.376,154.1675352,82.376,7,-61.639,75.739,119.835,-27.879,34.280,-32.956,-5.895,7.321,-12.975,107.964,32.377,-0.005,0.044,9.918,0.000,-0.010,0.004,995.070,14.000,152.383,45.0000000,-122.0000000,152.460,0.000,0.000,0.000,8,00:00:00,0.530,0.040,-0.650
82.586,153.3012936,82.586,7,-61.631,75.732,118.018,-27.821,34.204,-33.691,-5.850,7.169,-13.195,109.224,32.587,-0.102,0.012,9.853,-0.011,0.011,0.023,995.440,14.000,149.259,45.0000000,-122.0000000,149.300,0.000,0.000,0.000,8,00:00:00,-0.080,-1.130,1.040
82.797,152.4347472,82.797,7,-61.649,75.760,116.368,-27.758,34.146,-34.337,-5.782,7.200,-13.343,110.424,32.798,-0.010,0.008,9.887,0.002,0.004,-0.012,995.380,14.010,149.766,45.0000000,-122.0000000,149.820,0.000,0.000,0.000,8,00:00:00,0.510,0.250,-0.200
83.007,151.5682008,83.007,7,-61.639,75.758,114.376,-27.675,34.090,-35.110,-5.694,7.213,-13.572,111.700,33.008,0.041,0.064,9.929,-0.003,-0.002,-0.013,995.760,14.010,146.558,45.0000000,-122.0000000,146.610,0.000,0.000,0.000,8,00:00:00,-0.080,0.180,-0.090
83.217,150.702264,83.217,7,-61.623,75.759,112.914,-27.565,34.005,-35.647,-5.538,7.051,-13.683,113.090,33.218,0.066,0.020,9.767,-0.020,0.002,-0.002,995.450,14.020,149.175,45.0000000,-122.0000000,149.230,0.000,0.000,0.000,8,00:00:00,0.340,0.330,-0.140
83.428,149.8357176,83.428,7,-61.624,75.785,111.598,-27.458,33.902,-36.132,-5.508,6.907,-13.900,114.388,33.429,-0.024,-0.016,9.735,-0.013,0.005,0.005,995.390,14.030,149.681,45.0000000,-122.0000000,149.770,0.000,0.000,0.000,8,00:00:00,-0.930,-0.090,0.380
83.638,148.9697808,83.638,7,-61.590,75.773,109.939,-27.341,33.808,-36.757,-5.463,6.959,-14.140,115.379,33.639,0.004,0.064,9.850,0.015,0.009,-0.000,995.760,14.030,146.558,45.0000000,-122.0000000,146.640,0.000,0.000,0.000,8,00:00:00,0.660,-0.170,-0.070
83.849,148.103844,83.849,7,-61.572,75.785,107.878,-27.245,33.696,-37.535,-5.518,6.823,-14.388,116.637,33.850,-0.119,0.007,9.897,-0.004,-0.002,0.003,996.150,14.040,143.268,45.0000000,-122.0000000,143.360,0.000,0.000,0.000,8,00:00:00,-0.010,-0.320,0.350
84.059,147.23760240000001,84.059,7,-61.518,75.755,106.652,-27.098,33.571,-37.945,-5.279,6.764,-14.414,117.918,34.060,0.075,0.034,9.737,-0.002,-0.010,0.006,995.630,14.040,147.656,45.0000000,-122.0000000,147.710,0.000,0.000,0.000,8,00:00:00,-0.570,-0.370,-0.700
84.269,146.3719704,84.269,7,-61.453,75.716,105.180,-26.971,33.443,-38.462,-5.348,6.729,-14.653,119.054,34.270,0.011,-0.012,9.866,0.002,0.003,0.015,995.900,14.050,145.377,45.0000000,-122.0000000,145.420,0.000,0.000,0.000,8,00:00:00,0.200,1.350,-0.250
84.48,145.5060336,84.480,7,-61.402,75.695,102.681,-26.852,33.294,-39.375,-5.339,6.572,-14.904,120.320,34.481,-0.080,-0.006,9.881,0.002,-0.015,0.007,996.790,14.050,137.870,45.0000000,-122.0000000,137.940,0.000,0.000,0.000,8,00:00:00,1.090,-0.020,0.310
84.69,144.6400968,84.690,7,-61.315,75.627,100.671,-26.704,33.141,-40.053,-5.206,6.558,-15.007,121.450,34.691,-0.007,-0.020,9.855,-0.014,0.019,-0.002,996.580,14.060,139.641,45.0000000,-122.0000000,139.750,0.000,0.000,0.000,8,00:00:00,-0.210,-0.590,0.400
84.9,143.77416,84.900,7,-61.215,75.546,98.864,-26.540,32.983,-40.614,-5.101,6.509,-15.066,122.515,34.901,0.073,-0.053,9.799,0.001,0.009,-0.016,996.550,14.070,139.894,45.0000000,-122.0000000,139.990,0.000,0.000,0.000,8,00:00:00,0.390,-0.290,-0.680
85.11,142.90852800000002,85.110,7,-61.099,75.450,98.101,-26.368,32.792,-40.796,-5.042,6.327,-15.352,123.514,35.111,-0.070,0.044,9.806,0.015,-0.002,-0.005,995.830,14.070,145.968,45.0000000,-122.0000000,146.090,0.000,0.000,0.000,8,00:00:00,-0.060,0.670,-0.500
85.321,142.0435056,85.321,7,-60.990,75.363,96.447,-26.184,32.598,-41.319,-4.939,6.259,-15.464,124.662,35.322,0.001,0.056,9.774,0.006,-0.010,-0.001,996.580,14.080,139.641,45.0000000,-122.0000000,139.720,0.000,0.000,0.000,8,00:00:00,0.270,0.020,-0.140
85.531,141.1775688,85.531,7,-60.838,75.223,94.847,-26.007,32.391,-41.821,-4.965,6.199,-15.661,125.762,35.532,-0.055,-0.006,9.865,-0.007,0.009,-0.004,996.680,14.080,138.798,45.0000000,-122.0000000,138.870,0.000,0.000,0.000,8,00:00:00,0.460,-0.330,0.240
86.031,139.11925440000002,86.031,7,-67.245,83.273,82.098,-26.844,33.521,-45.980,-4.737,6.054,-16.086,128.768,36.032,0.027,0.028,9.923,-0.011,-0.008,0.012,997.670,14.100,130.453,45.0000000,-122.0000000,130.530,0.000,0.000,0.000,8,00:00:00,-0.250,0.310,-0.180
86.241,138.254232,86.241,7,-66.012,81.801,83.435,-26.335,32.908,-45.013,-4.675,5.879,-16.211,129.930,36.242,-0.014,0.004,9.869,-0.003,-0.010,0.001,996.650,14.100,139.050,45.0000000,-122.0000000,139.090,0.000,0.000,0.000,8,00:00:00,-0.610,0.100,-0.570
86.452,137.3886,86.452,7,-64.886,80.460,84.839,-25.860,32.337,-44.086,-4.645,5.846,-16.297,130.882,36.453,0.016,-0.063,9.891,-0.001,0.014,-0.001,996.370,14.110,141.412,45.0000000,-122.0000000,141.470,0.000,0.000,0.000,8,00:00:00,0.740,0.950,0.720
86.662,136.52388240000002,86.662,7,-63.805,79.174,85.312,-25.385,31.781,-43.603,-4.509,5.755,-16.376,131.937,36.663,0.050,-0.058,9.826,-0.007,0.007,0.008,996.880,14.110,137.111,45.0000000,-122.0000000,137.230,0.000,0.000,0.000,8,00:00:00,-0.640,0.260,-0.300
86.872,135.65855520000002,86.872,7,-62.780,77.958,84.125,-24.920,31.224,-43.832,-4.404,5.563,-16.539,132.877,36.873,-0.034,0.009,9.778,0.010,-0.002,0.006,997.990,14.120,127.757,45.0000000,-122.0000000,127.800,0.000,0.000,0.000,8,00:00:00,0.280,-0.010,0.620
87.082,134.7935328,87.082,7,-61.804,76.800,84.519,-24.480,30.685,-43.473,-4.385,5.487,-16.758,133.682,37.083,-0.100,0.044,9.879,0.013,0.009,0.015,996.860,14.120,137.280,45.0000000,-122.0000000,137.340,0.000,0.000,0.000,8,00:00:00,0.280,-0.280,-0.620
87.292,133.92851040000002,87.292,7,-60.869,75.690,83.754,-24.051,30.164,-43.606,-4.302,5.405,-16.783,134.537,37.293,-0.042,0.030,9.816,0.016,-0.001,-0.011,997.650,14.130,130.621,45.0000000,-122.0000000,130.690,0.000,0.000,0.000,8,00:00:00,0.100,-0.320,-0.180
87.503,133.0637928,87.503,7,-59.990,74.648,82.549,-23.642,29.678,-43.912,-4.252,5.401,-16.817,135.612,37.504,0.060,-0.062,9.816,-0.011,0.003,-0.017,997.970,14.130,127.925,45.0000000,-122.0000000,128.020,0.000,0.000,0.000,8,00:00:00,-0.160,0.340,0.240
87.713,132.1990752,87.713,7,-59.117,73.612,81.872,-23.235,29.174,-44.040,-4.162,5.199,-17.014,136.676,37.714,-0.055,-0.016,9.810,-0.007,-0.004,-0.005,997.650,14.140,130.621,45.0000000,-122.0000000,130.680,0.000,0.000,0.000,8,00:00:00,0.250,-0.570,-1.070
87.923,131.3343576,87.923,7,-58.272,72.607,80.177,-22.847,28.704,-44.577,-4.132,5.212,-17.094,137.806,37.924,0.090,-0.069,9.863,0.003,-0.025,-0.000,998.440,14.150,123.967,45.0000000,-122.0000000,124.050,0.000,0.000,0.000,8,00:00:00,0.500,-0.200,0.120
88.133,130.46964,88.133,7,-57.450,71.628,77.738,-22.466,28.224,-45.387,-4.059,5.031,-17.195,138.726,38.134,0.059,-0.031,9.814,0.019,-0.020,0.004,999.100,14.150,118.411,45.0000000,-122.0000000,118.520,0.000,0.000,0.000,8,00:00:00,-0.450,-0.280,-0.540
88.343,129.6052272,88.343,7,-56.649,70.668,76.830,-22.085,27.739,-45.575,-3.944,4.876,-17.295,139.493,38.344,0.017,0.039,9.765,0.016,0.000,-0.006,998.060,14.160,127.167,45.0000000,-122.0000000,127.210,0.000,0.000,0.000,8,00:00:00,-0.390,0.540,0.140
88.553,128.7411192,88.553,7,-55.865,69.723,75.230,-21.724,27.249,-46.049,-3.937,4.725,-17.422,140.409,38.554,-0.077,-0.016,9.786,-0.005,0.006,-0.003,998.640,14.160,122.283,45.0000000,-122.0000000,122.340,0.000,0.000,0.000,8,00:00:00,0.390,-0.680,-0.720
88.764,127.8764016,88.764,7,-55.116,68.812,73.004,-21.354,26.766,-46.747,-3.777,4.614,-17.499,141.578,38.765,-0.024,0.023,9.730,-0.013,-0.019,0.016,999.190,14.170,117.653,45.0000000,-122.0000000,117.680,0.000,0.000,0.000,8,00:00:00,-0.290,1.060,-0.610
88.974,127.01198880000001,88.974,7,-54.358,67.885,72.332,-21.000,26.308,-46.837,-3.768,4.630,-17.644,142.436,38.975,0.050,0.000,9.849,0.009,-0.008,-0.001,998.140,14.170,126.493,45.0000000,-122.0000000,126.590,0.000,0.000,0.000,8,00:00:00,-0.450,-0.600,0.650
89.184,126.1478808,89.184,7,-53.614,66.968,70.929,-20.647,25.837,-47.212,-3.677,4.449,-17.677,143.479,39.185,0.029,-0.017,9.757,-0.006,-0.016,0.001,998.750,14.180,121.357,45.0000000,-122.0000000,121.390,0.000,0.000,0.000,8,00:00:00,0.070,-0.430,-0.280
89.394,125.28346800000001,89.394,7,-52.880,66.057,70.366,-20.302,25.370,-47.279,-3.618,4.350,-17.837,144.234,39.395,-0.039,0.001,9.820,-0.001,0.013,-0.009,998.170,14.190,126.240,45.0000000,-122.0000000,126.340,0.000,0.000,0.000,8,00:00:00,0.680,0.210,-0.200
89.604,124.41936,89.604,7,-52.158,65.152,68.945,-19.965,24.900,-47.666,-3.565,4.220,-17.819,145.013,39.605,-0.028,-0.033,9.730,0.013,-0.008,-0.010,998.880,14.190,120.262,45.0000000,-122.0000000,120.320,0.000,0.000,0.000,8,00:00:00,-0.090,-0.640,1.120
89.814,123.5555568,89.814,7,-51.446,64.253,67.711,-19.631,24.460,-47.984,-3.493,4.251,-17.956,145.815,39.815,0.059,-0.016,9.830,0.002,0.001,0.002,998.820,14.200,120.767,45.0000000,-122.0000000,120.860,0.000,0.000,0.000,8,00:00:00,0.100,-0.400,0.100
90.024,122.6914488,90.024,7,-50.742,63.360,66.389,-19.298,24.012,-48.315,-3.406,4.100,-17.966,146.450,40.025,0.041,0.021,9.743,0.023,-0.005,0.013,998.970,14.200,119.505,45.0000000,-122.0000000,119.540,0.000,0.000,0.000,8,00:00:00,-0.020,0.790,-0.690
90.234,121.82764560000001,90.234,7,-50.047,62.470,64.964,-18.981,23.565,-48.695,-3.396,3.993,-18.130,147.211,40.235,-0.039,-0.002,9.833,-0.002,0.007,-0.001,999.140,14.210,118.074,45.0000000,-122.0000000,118.100,0.000,0.000,0.000,8,00:00:00,0.370,0.260,-0.360
90.445,120.96353760000001,90.445,7,-49.377,61.606,63.560,-18.665,23.142,-49.038,-3.304,3.988,-18.133,148.097,40.446,0.030,-0.069,9.802,-0.023,0.017,0.000,999.190,14.210,117.653,45.0000000,-122.0000000,117.720,0.000,0.000,0.000,8,00:00:00,0.350,-0.280,-0.030
90.655,120.09973440000002,90.655,7,-48.693,60.725,61.742,-18.335,22.720,-49.530,-3.175,3.910,-18.218,148.998,40.656,0.067,-0.024,9.801,-0.006,-0.009,-0.010,999.660,14.220,113.699,45.0000000,-122.0000000,113.810,0.000,0.000,0.000,8,00:00:00,0.450,0.320,-0.070
90.865,119.23593120000001,90.865,7,-48.016,59.847,59.899,-18.021,22.286,-50.010,-3.167,3.744,-18.305,149.563,40.866,-0.053,-0.042,9.809,0.011,0.011,0.007,999.810,14.220,112.437,45.0000000,-122.0000000,112.500,0.000,0.000,0.000,8,00:00:00,0.390,-0.590,-0.020
91.075,118.3724328,91.075,7,-47.342,58.974,57.818,-17.690,21.871,-50.547,-3.009,3.732,-18.330,150.355,41.076,0.060,0.015,9.776,-0.000,-0.005,0.013,1000.140,14.230,109.662,45.0000000,-122.0000000,109.690,0.000,0.000,0.000,8,00:00:00,0.210,0.050,0.090
91.285,117.50923920000001,91.285,7,-46.670,58.105,56.500,-17.358,21.461,-50.785,-2.924,3.658,-18.473,151.117,41.286,0.033,0.038,9.848,-0.009,0.008,-0.006,999.680,14.240,113.530,45.0000000,-122.0000000,113.560,0.000,0.000,0.000,8,00:00:00,0.400,0.440,0.200
91.495,116.645436,91.495,7,-45.999,57.240,55.359,-17.033,21.043,-50.946,-2.881,3.524,-18.517,151.767,41.496,-0.015,0.031,9.825,0.007,-0.000,-0.002,999.650,14.240,113.783,45.0000000,-122.0000000,113.870,0.000,0.000,0.000,8,00:00:00,0.040,0.220,0.070
91.705,115.7819376,91.705,7,-45.331,56.376,54.507,-16.718,20.620,-50.985,-2.856,3.399,-18.512,152.549,41.706,-0.055,-0.049,9.769,-0.011,0.004,0.014,999.520,14.250,114.876,45.0000000,-122.0000000,114.950,0.000,0.000,0.000,8,00:00:00,0.350,-0.560,-0.520
91.915,114.918744,91.915,7,-44.666,55.515,53.909,-16.411,20.222,-50.954,-2.818,3.426,-18.655,153.217,41.916,0.033,-0.038,9.896,0.011,-0.009,0.011,999.400,14.250,115.886,45.0000000,-122.0000000,115.960,0.000,0.000,0.000,8,00:00:00,0.280,0.700,0.510
92.125,114.0552456,92.125,7,-44.003,54.657,53.337,-16.094,19.823,-50.905,-2.695,3.323,-18.608,153.908,42.126,0.051,-0.019,9.783,-0.001,0.001,-0.002,999.450,14.260,115.465,45.0000000,-122.0000000,115.500,0.000,0.000,0.000,8,00:00:00,0.390,-0.020,-1.450
92.335,113.192052,92.335,7,-43.341,53.801,51.432,-15.777,19.419,-51.383,-2.628,3.211,-18.720,154.363,42.336,-0.030,0.026,9.829,0.009,0.017,0.001,1000.600,14.260,105.794,45.0000000,-122.0000000,105.870,0.000,0.000,0.000,8,00:00:00,-0.450,-0.400,1.610
92.545,112.3291632,92.545,7,-42.680,52.947,50.639,-15.469,19.017,-51.410,-2.595,3.128,-18.743,155.108,42.546,-0.009,-0.010,9.814,0.001,-0.012,0.011,999.850,14.270,112.100,45.0000000,-122.0000000,112.210,0.000,0.000,0.000,8,00:00:00,-0.440,-0.080,-0.190
92.755,111.46596960000001,92.755,7,-42.021,52.093,49.387,-15.162,18.614,-51.600,-2.535,3.038,-18.711,155.569,42.756,-0.030,-0.018,9.741,0.009,0.014,0.002,1000.310,14.280,108.232,45.0000000,-122.0000000,108.290,0.000,0.000,0.000,8,00:00:00,-0.350,0.340,0.520
92.965,110.602776,92.965,7,-41.361,51.242,48.576,-14.844,18.237,-51.625,-2.410,3.068,-18.786,156.330,42.966,0.084,0.012,9.787,-0.011,-0.002,-0.004,1000.070,14.280,110.250,45.0000000,-122.0000000,110.320,0.000,0.000,0.000,8,00:00:00,0.790,0.070,-0.560
93.175,109.7398872,93.175,7,-40.702,50.395,47.247,-14.546,17.851,-51.851,-2.439,2.938,-18.838,156.915,43.176,0.033,-0.035,9.802,0.014,-0.011,-0.008,1000.580,14.290,105.962,45.0000000,-122.0000000,106.010,0.000,0.000,0.000,8,00:00:00,0.440,-0.740,0.990
93.385,108.87699840000002,93.385,7,-40.045,49.546,46.253,-14.255,17.437,-51.961,-2.407,2.715,-18.968,157.635,43.386,-0.123,-0.028,9.850,-0.006,-0.007,-0.005,1000.430,14.290,107.223,45.0000000,-122.0000000,107.280,0.000,0.000,0.000,8,00:00:00,0.540,1.390,0.400
93.595,108.0144144,93.595,7,-39.389,48.694,45.677,-13.940,17.036,-51.902,-2.224,2.694,-18.959,158.217,43.596,-0.064,0.047,9.793,-0.010,0.013,0.014,1000.190,14.300,109.241,45.0000000,-122.0000000,109.270,0.000,0.000,0.000,8,00:00:00,0.230,-0.560,0.410
93.805,107.15152560000001,93.805,7,-38.731,47.843,45.159,-13.632,16.650,-51.815,-2.189,2.682,-18.907,158.778,43.806,0.012,-0.000,9.733,0.005,-0.002,-0.004,1000.220,14.300,108.989,45.0000000,-122.0000000,109.070,0.000,0.000,0.000,8,00:00:00,-0.320,0.560,0.780
94.015,106.2889416,94.015,7,-38.073,46.995,43.818,-13.330,16.292,-52.078,-2.154,2.726,-19.075,159.380,44.016,0.077,-0.020,9.895,-0.007,0.006,-0.014,1000.960,14.310,102.768,45.0000000,-122.0000000,102.830,0.000,0.000,0.000,8,00:00:00,0.640,-0.080,0.410
94.225,105.4266624,94.225,7,-37.412,46.151,43.768,-13.009,15.929,-51.839,-1.996,2.621,-19.095,159.961,44.226,0.057,0.064,9.852,-0.007,0.006,-0.013,1000.030,14.320,110.587,45.0000000,-122.0000000,110.690,0.000,0.000,0.000,8,00:00:00,-0.290,0.420,0.630
94.435,104.5637736,94.435,7,-36.748,45.312,43.337,-12.695,15.565,-51.768,-1.966,2.532,-19.120,160.337,44.436,0.030,0.077,9.846,0.017,0.003,0.005,1000.380,14.320,107.644,45.0000000,-122.0000000,107.710,0.000,0.000,0.000,8,00:00:00,-0.390,0.170,0.020
94.644,103.70118959999999,94.644,7,-36.073,44.464,42.578,-12.398,15.214,-51.840,-1.990,2.522,-19.189,160.923,44.645,0.029,-0.036,9.914,-0.017,0.016,-0.013,1000.740,14.330,104.617,45.0000000,-122.0000000,104.650,0.000,0.000,0.000,8,00:00:00,-0.220,-0.220,0.030
94.854,102.83921520000001,94.854,7,-35.410,43.635,41.811,-12.089,14.851,-51.891,-1.856,2.374,-19.102,161.539,44.855,0.015,0.026,9.769,0.001,-0.011,0.004,1000.790,14.330,104.197,45.0000000,-122.0000000,104.270,0.000,0.000,0.000,8,00:00:00,-0.460,0.620,-0.140
95.064,101.97663120000001,95.064,7,-34.746,42.805,40.961,-11.796,14.464,-51.988,-1.869,2.177,-19.197,162.134,45.065,-0.142,-0.021,9.815,-0.009,0.001,0.004,1000.940,14.340,102.937,45.0000000,-122.0000000,103.000,0.000,0.000,0.000,8,00:00:00,-0.110,0.090,0.240
95.274,101.11435200000001,95.274,7,-34.083,41.975,39.126,-11.512,14.106,-52.444,-1.844,2.236,-19.186,162.790,45.275,-0.002,-0.091,9.813,-0.006,-0.009,0.009,1001.830,14.340,95.460,45.0000000,-122.0000000,95.500,0.000,0.000,0.000,8,00:00:00,-0.860,-0.490,0.560
95.484,100.2523776,95.484,7,-33.419,41.148,38.483,-11.192,13.756,-52.433,-1.613,2.195,-19.262,163.147,45.485,0.034,0.108,9.836,0.008,0.008,0.015,1001.010,14.350,102.348,45.0000000,-122.0000000,102.430,0.000,0.000,0.000,8,00:00:00,-0.300,0.730,0.270
95.694,99.39009840000001,95.694,7,-32.753,40.324,36.598,-10.896,13.408,-52.890,-1.661,2.123,-19.269,163.741,45.695,0.041,0.015,9.835,0.002,-0.015,0.002,1002.100,14.350,93.193,45.0000000,-122.0000000,93.210,0.000,0.000,0.000,8,00:00:00,0.050,0.210,-0.690
95.904,98.5284288,95.904,7,-32.087,39.501,35.656,-10.611,13.037,-52.951,-1.650,1.937,-19.237,164.272,45.905,-0.064,-0.011,9.764,0.000,-0.007,-0.005,1001.490,14.360,98.316,45.0000000,-122.0000000,98.340,0.000,0.000,0.000,8,00:00:00,-0.210,-0.060,-0.270
96.113,97.6664544,96.113,7,-31.414,38.667,33.815,-10.330,12.676,-53.363,-1.613,1.913,-19.319,164.641,46.114,-0.050,-0.001,9.832,0.008,0.003,-0.001,1002.360,14.370,91.010,45.0000000,-122.0000000,91.050,0.000,0.000,0.000,8,00:00:00,0.490,-0.120,0.400
96.323,96.8041752,96.323,7,-30.754,37.849,32.721,-10.039,12.344,-53.461,-1.498,1.961,-19.326,164.953,46.324,0.026,0.039,9.831,-0.001,0.022,-0.015,1001.870,14.370,95.124,45.0000000,-122.0000000,95.170,0.000,0.000,0.000,8,00:00:00,-0.840,0.170,0.200
96.533,95.9425056,96.533,7,-30.092,37.036,30.961,-9.739,12.014,-53.810,-1.390,1.898,-19.364,165.407,46.534,0.010,0.084,9.838,-0.009,0.011,0.002,1002.530,14.380,89.583,45.0000000,-122.0000000,89.610,0.000,0.000,0.000,8,00:00:00,0.130,-0.490,-0.140
96.743,95.080836,96.743,7,-29.432,36.229,29.140,-9.473,11.696,-54.141,-1.489,1.878,-19.301,165.717,46.744,0.025,-0.052,9.789,0.014,0.003,-0.009,1002.740,14.380,87.821,45.0000000,-122.0000000,87.900,0.000,0.000,0.000,8,00:00:00,0.370,-0.090,0.340
96.953,94.2191664,96.953,7,-28.775,35.428,27.844,-9.202,11.361,-54.251,-1.399,1.717,-19.312,166.198,46.954,-0.067,-0.003,9.756,-0.005,0.001,0.009,1002.480,14.390,90.003,45.0000000,-122.0000000,90.090,0.000,0.000,0.000,8,00:00:00,-0.290,-0.040,0.740
97.163,93.3578016,97.163,7,-28.120,34.630,25.579,-8.921,11.043,-54.715,-1.296,1.727,-19.308,166.399,47.164,-0.028,0.057,9.740,0.009,0.019,0.001,1003.410,14.390,82.200,45.0000000,-122.0000000,82.250,0.000,0.000,0.000,8,00:00:00,-0.890,0.280,0.730
97.372,92.496132,97.372,7,-27.460,33.830,25.380,-8.647,10.727,-54.393,-1.268,1.670,-19.423,166.913,47.373,-0.019,0.063,9.839,0.002,-0.014,-0.005,1001.960,14.400,94.368,45.0000000,-122.0000000,94.450,0.000,0.000,0.000,8,00:00:00,0.040,-0.530,0.710
97.582,91.635072,97.582,7,-26.813,33.047,24.778,-8.399,10.421,-54.238,-1.330,1.635,-19.386,167.284,47.583,-0.004,-0.032,9.805,0.010,-0.005,-0.010,1002.320,14.400,91.346,45.0000000,-122.0000000,91.380,0.000,0.000,0.000,8,00:00:00,-0.640,0.070,-0.760
97.792,90.7734024,97.792,7,-26.174,32.272,25.064,-8.169,10.125,-53.777,-1.352,1.609,-19.467,167.849,47.793,0.011,-0.118,9.883,-0.012,-0.004,-0.017,1001.690,14.410,96.636,45.0000000,-122.0000000,96.710,0.000,0.000,0.000,8,00:00:00,-0.010,0.310,-0.410
98.002,89.9120376,98.002,7,-25.542,31.503,24.451,-7.907,9.813,-53.665,-1.138,1.457,-19.341,168.357,48.003,-0.014,0.040,9.709,-0.004,-0.010,0.016,1002.460,14.420,90.171,45.0000000,-122.0000000,90.190,0.000,0.000,0.000,8,00:00:00,-0.180,-0.380,0.780
98.212,89.0515872,98.212,7,-24.912,30.738,22.748,-7.658,9.495,-53.973,-1.147,1.362,-19.346,168.415,48.213,-0.111,0.034,9.700,0.018,0.021,-0.007,1003.440,14.420,81.949,45.0000000,-122.0000000,82.030,0.000,0.000,0.000,8,00:00:00,-0.100,-0.140,-0.210
98.422,88.189308,98.422,7,-24.287,29.980,22.707,-7.396,9.230,-53.649,-1.024,1.543,-19.435,168.861,48.423,0.150,0.093,9.800,0.004,-0.012,0.027,1002.240,14.430,92.018,45.0000000,-122.0000000,92.090,0.000,0.000,0.000,8,00:00:00,0.190,-0.220,0.130
98.632,87.328248,98.632,7,-23.666,29.234,21.688,-7.172,8.961,-53.735,-1.146,1.451,-19.513,169.129,48.633,0.053,-0.036,9.878,0.007,0.008,-0.002,1003.090,14.430,84.885,45.0000000,-122.0000000,84.930,0.000,0.000,0.000,8,00:00:00,0.710,-0.210,-0.710
98.841,86.46718800000001,98.841,7,-23.048,28.491,20.258,-6.943,8.684,-53.972,-1.069,1.350,-19.522,169.649,48.842,0.029,-0.007,9.863,-0.008,-0.009,-0.006,1003.570,14.440,80.859,45.0000000,-122.0000000,80.870,0.000,0.000,0.000,8,00:00:00,0.450,-0.330,-0.010
99.051,85.60643280000001,99.051,7,-22.443,27.763,19.325,-6.703,8.390,-54.004,-0.954,1.196,-19.534,169.958,49.052,-0.083,0.079,9.843,-0.004,0.011,-0.006,1003.260,14.440,83.459,45.0000000,-122.0000000,83.490,0.000,0.000,0.000,8,00:00:00,-0.510,1.150,0.130
99.261,84.7453728,99.261,7,-21.844,27.040,17.667,-6.479,8.105,-54.303,-0.977,1.168,-19.523,170.464,49.262,-0.047,0.002,9.831,-0.005,-0.013,-0.007,1003.960,14.450,77.589,45.0000000,-122.0000000,77.680,0.000,0.000,0.000,8,00:00:00,-0.200,0.780,0.520
99.47,83.8846176,99.470,7,-21.246,26.318,15.900,-6.253,7.852,-54.616,-0.909,1.260,-19.489,170.641,49.471,0.057,0.006,9.803,0.002,0.021,0.018,1004.240,14.460,75.242,45.0000000,-122.0000000,75.310,0.000,0.000,0.000,8,00:00:00,-0.540,-0.260,-0.650
99.68,83.0238624,99.680,7,-20.660,25.616,15.609,-6.031,7.606,-54.339,-0.877,1.226,-19.451,171.091,49.681,0.092,-0.012,9.758,-0.003,-0.009,-0.012,1003.160,14.460,84.297,45.0000000,-122.0000000,84.320,0.000,0.000,0.000,8,00:00:00,-0.560,0.230,0.040
99.89,82.16341200000001,99.890,7,-20.082,24.925,14.127,-5.820,7.361,-54.531,-0.873,1.159,-19.448,171.368,49.891,0.034,-0.052,9.747,-0.006,0.015,-0.013,1004.210,14.470,75.493,45.0000000,-122.0000000,75.560,0.000,0.000,0.000,8,00:00:00,-0.480,-0.670,-0.190
100.1,81.30235200000001,100.100,7,-19.509,24.243,12.754,-5.593,7.102,-54.680,-0.739,1.034,-19.516,171.674,50.101,-0.049,0.056,9.788,-0.005,0.008,-0.000,1004.270,14.470,74.990,45.0000000,-122.0000000,75.020,0.000,0.000,0.000,8,00:00:00,-0.440,0.410,0.980
100.309,80.4419016,100.309,7,-18.938,23.563,12.501,-5.389,6.857,-54.422,-0.804,1.039,-19.625,172.114,50.310,-0.031,-0.069,9.902,-0.013,0.001,0.002,1003.530,14.480,81.194,45.0000000,-122.0000000,81.260,0.000,0.000,0.000,8,00:00:00,0.340,0.580,-0.230
100.519,79.5814512,100.519,7,-18.378,22.900,12.090,-5.155,6.614,-54.222,-0.600,0.983,-19.534,172.540,50.520,-0.018,0.051,9.792,-0.021,0.008,0.001,1003.690,14.480,79.852,45.0000000,-122.0000000,79.910,0.000,0.000,0.000,8,00:00:00,-0.340,-1.160,-0.060
100.729,78.72100080000001,100.729,7,-17.818,22.245,10.627,-4.911,6.377,-54.432,-0.505,0.950,-19.530,172.774,50.730,0.002,0.127,9.779,0.007,0.001,0.003,1004.630,14.490,71.974,45.0000000,-122.0000000,72.010,0.000,0.000,0.000,8,00:00:00,-0.400,-0.040,0.300
100.938,77.86116,100.938,7,-17.257,21.592,9.053,-4.703,6.120,-54.682,-0.625,0.799,-19.589,173.134,50.939,-0.126,0.003,9.831,-0.001,-0.007,0.011,1004.900,14.490,69.712,45.0000000,-122.0000000,69.720,0.000,0.000,0.000,8,00:00:00,-0.070,0.210,0.070
101.148,77.00070960000001,101.148,7,-16.707,20.952,7.116,-4.500,5.888,-55.041,-0.595,0.850,-19.562,173.434,51.149,-0.048,-0.032,9.807,-0.007,0.006,0.001,1005.310,14.500,66.278,45.0000000,-122.0000000,66.340,0.000,0.000,0.000,8,00:00:00,0.190,0.840,0.050
101.358,76.1408688,101.358,7,-16.164,20.320,7.014,-4.293,5.647,-54.669,-0.524,0.748,-19.499,173.656,51.359,-0.101,0.027,9.732,0.005,0.002,-0.017,1003.990,14.510,77.337,45.0000000,-122.0000000,77.420,0.000,0.000,0.000,8,00:00:00,0.120,-0.990,0.180
101.568,75.2801136,101.568,7,-15.627,19.696,6.845,-4.091,5.431,-54.383,-0.498,0.815,-19.652,173.830,51.569,-0.032,0.017,9.889,0.001,0.011,0.007,1004.110,14.510,76.331,45.0000000,-122.0000000,76.370,0.000,0.000,0.000,8,00:00:00,0.260,0.640,0.950
101.777,74.4202728,101.777,7,-15.092,19.079,7.275,-3.891,5.227,-53.879,-0.459,0.813,-19.566,174.226,51.778,0.038,0.013,9.800,-0.001,-0.012,-0.027,1003.720,14.520,79.601,45.0000000,-122.0000000,79.610,0.000,0.000,0.000,8,00:00:00,0.550,0.210,0.100
101.987,73.5601272,101.987,7,-14.567,18.478,5.826,-3.696,5.012,-54.130,-0.430,0.700,-19.623,174.556,51.988,-0.013,0.044,9.848,0.005,-0.013,0.011,1005.240,14.520,66.864,45.0000000,-122.0000000,66.910,0.000,0.000,0.000,8,00:00:00,-1.430,-0.240,-0.680
102.196,72.7005912,102.196,7,-14.048,17.883,4.650,-3.535,4.824,-54.252,-0.550,0.778,-19.576,174.912,52.197,0.098,-0.123,9.811,0.002,-0.011,-0.007,1005.190,14.530,67.283,45.0000000,-122.0000000,67.360,0.000,0.000,0.000,8,00:00:00,0.310,0.650,-0.950
102.406,71.84044560000001,102.406,7,-13.543,17.304,3.978,-3.352,4.605,-54.187,-0.391,0.575,-19.650,175.230,52.407,-0.055,0.018,9.864,-0.011,0.004,-0.018,1004.860,14.530,70.047,45.0000000,-122.0000000,70.060,0.000,0.000,0.000,8,00:00:00,0.120,0.160,0.920
102.616,70.98060480000001,102.616,7,-13.044,16.732,3.958,-3.161,4.407,-53.864,-0.312,0.621,-19.560,175.498,52.617,0.033,0.041,9.774,-0.005,0.003,0.007,1004.420,14.540,73.733,45.0000000,-122.0000000,73.760,0.000,0.000,0.000,8,00:00:00,0.500,0.190,0.410
102.825,70.12076400000001,102.825,7,-12.549,16.166,2.784,-2.992,4.198,-54.007,-0.367,0.518,-19.587,175.901,52.826,-0.034,-0.044,9.797,-0.010,-0.009,0.007,1005.450,14.540,65.105,45.0000000,-122.0000000,65.160,0.000,0.000,0.000,8,00:00:00,-0.190,0.090,-0.160
103.035,69.261228,103.035,7,-12.064,15.611,1.732,-2.813,4.005,-54.109,-0.277,0.536,-19.668,176.451,53.036,0.070,-0.017,9.877,-0.014,-0.021,-0.017,1005.430,14.550,65.273,45.0000000,-122.0000000,65.290,0.000,0.000,0.000,8,00:00:00,-0.700,0.360,-0.290
103.244,68.401692,103.244,7,-11.582,15.061,0.260,-2.623,3.798,-54.375,-0.176,0.423,-19.738,176.834,53.245,0.012,0.048,9.938,-0.014,-0.005,0.008,1005.920,14.560,61.171,45.0000000,-122.0000000,61.240,0.000,0.000,0.000,8,00:00:00,0.450,-0.380,0.520
103.454,67.5424608,103.454,7,-11.108,14.520,-0.160,-2.455,3.593,-54.195,-0.234,0.379,-19.595,177.123,53.455,0.008,-0.030,9.795,0.002,-0.009,-0.011,1005.160,14.560,67.534,45.0000000,-122.0000000,67.600,0.000,0.000,0.000,8,00:00:00,0.780,-0.410,0.110
103.663,66.68292480000001,103.663,7,-10.639,13.984,-0.664,-2.291,3.403,-54.075,-0.217,0.402,-19.659,177.594,53.664,0.069,-0.096,9.859,-0.025,-0.005,-0.006,1005.340,14.570,66.026,45.0000000,-122.0000000,66.030,0.000,0.000,0.000,8,00:00:00,-0.580,-0.200,0.780
103.873,65.8233888,103.873,7,-10.179,13.458,-1.263,-2.109,3.209,-53.983,-0.083,0.333,-19.579,177.693,53.874,0.033,0.028,9.775,0.003,0.009,-0.014,1005.460,14.570,65.022,45.0000000,-122.0000000,65.100,0.000,0.000,0.000,8,00:00:00,0.590,0.320,-0.440
104.082,64.9638528,104.082,7,-9.721,12.938,-1.678,-1.940,3.034,-53.842,-0.102,0.376,-19.637,177.708,54.083,0.072,-0.001,9.834,0.011,0.012,-0.005,1005.430,14.580,65.273,45.0000000,-122.0000000,65.270,0.000,0.000,0.000,8,00:00:00,-0.680,-0.670,-0.230
104.292,64.10492640000001,104.292,7,-9.271,12.428,-2.126,-1.781,2.844,-53.709,-0.107,0.253,-19.571,177.745,54.293,-0.058,-0.009,9.765,0.000,0.015,0.009,1005.490,14.580,64.770,45.0000000,-122.0000000,64.800,0.000,0.000,0.000,8,00:00:00,0.260,-0.090,-0.180
104.502,63.2456952,104.502,7,-8.825,11.925,-2.324,-1.597,2.665,-53.507,0.052,0.265,-19.642,178.259,54.503,0.040,0.072,9.835,-0.024,-0.017,0.013,1005.360,14.590,65.859,45.0000000,-122.0000000,65.920,0.000,0.000,0.000,8,00:00:00,0.220,0.510,-0.360
104.711,62.386464000000004,104.711,7,-8.381,11.428,-2.741,-1.423,2.494,-53.396,0.046,0.250,-19.591,178.505,54.712,0.057,0.039,9.784,-0.004,-0.004,-0.002,1005.630,14.590,63.598,45.0000000,-122.0000000,63.600,0.000,0.000,0.000,8,00:00:00,0.030,0.280,0.270
104.92,61.527842400000004,104.920,7,-7.943,10.939,-3.130,-1.272,2.314,-53.287,-0.024,0.166,-19.617,178.737,54.921,-0.005,-0.040,9.808,-0.001,-0.005,0.005,1005.670,14.600,63.264,45.0000000,-122.0000000,63.320,0.000,0.000,0.000,8,00:00:00,0.040,-0.190,-0.430
105.13,60.668915999999996,105.130,7,-7.514,10.458,-4.733,-1.125,2.131,-53.638,-0.001,0.106,-19.600,178.820,55.131,-0.056,-0.041,9.790,-0.006,0.008,0.002,1006.690,14.610,54.728,45.0000000,-122.0000000,54.750,0.000,0.000,0.000,8,00:00:00,-0.120,-0.180,0.100
105.339,59.8099896,105.339,7,-7.091,9.981,-4.765,-0.985,1.960,-53.367,0.007,0.118,-19.570,178.984,55.340,-0.008,-0.017,9.761,0.019,-0.007,-0.010,1005.580,14.610,64.017,45.0000000,-122.0000000,64.070,0.000,0.000,0.000,8,00:00:00,-0.600,-1.100,0.280
105.549,58.9507584,105.549,7,-6.679,9.515,-6.620,-0.850,1.816,-53.810,0.019,0.199,-19.618,178.973,55.550,0.062,-0.053,9.810,-0.005,0.016,-0.006,1007.080,14.620,51.466,45.0000000,-122.0000000,51.510,0.000,0.000,0.000,8,00:00:00,-0.250,0.120,-0.330
105.758,58.092136800000006,105.758,7,-6.274,9.056,-8.262,-0.716,1.641,-54.138,0.053,0.011,-19.604,179.331,55.759,-0.054,0.017,9.794,0.011,-0.021,-0.004,1007.100,14.620,51.299,45.0000000,-122.0000000,51.350,0.000,0.000,0.000,8,00:00:00,0.930,-0.050,-0.160
105.968,57.23351520000001,105.968,7,-5.880,8.603,-9.635,-0.603,1.472,-54.332,-0.010,0.000,-19.586,179.351,55.969,-0.065,-0.029,9.776,0.018,0.004,0.014,1006.990,14.630,52.219,45.0000000,-122.0000000,52.220,0.000,0.000,0.000,8,00:00:00,-0.540,0.860,0.520
106.177,56.3748936,106.177,7,-5.495,8.156,-11.637,-0.477,1.319,-54.751,0.089,0.032,-19.589,179.351,56.178,-0.013,0.069,9.780,0.012,0.008,0.013,1007.680,14.630,46.450,45.0000000,-122.0000000,46.480,0.000,0.000,0.000,8,00:00:00,0.920,-0.490,-0.220
106.387,55.5165768,106.387,7,-5.121,7.718,-12.594,-0.383,1.172,-54.769,-0.032,0.018,-19.723,179.600,56.388,-0.011,-0.068,9.912,0.002,-0.009,-0.010,1006.960,14.640,52.470,45.0000000,-122.0000000,52.480,0.000,0.000,0.000,8,00:00:00,0.340,-0.210,-0.170
106.596,54.65826,106.596,7,-4.756,7.287,-13.671,-0.253,1.018,-54.815,0.174,-0.050,-19.634,179.746,56.597,-0.020,0.090,9.825,-0.019,-0.002,-0.007,1007.210,14.640,50.379,45.0000000,-122.0000000,50.440,0.000,0.000,0.000,8,00:00:00,0.090,-0.090,0.270
106.806,53.799333600000004,106.806,7,-4.399,6.862,-14.511,-0.144,0.861,-54.749,0.110,-0.111,-19.556,179.802,56.807,-0.048,0.028,9.748,0.004,-0.013,-0.004,1007.100,14.650,51.299,45.0000000,-122.0000000,51.320,0.000,0.000,0.000,8,00:00:00,0.450,0.640,0.590
107.015,52.94101680000001,107.015,7,-4.052,6.442,-15.707,-0.040,0.701,-54.837,0.117,-0.159,-19.613,179.729,57.016,-0.062,0.049,9.805,0.012,-0.007,-0.010,1007.540,14.660,47.621,45.0000000,-122.0000000,47.680,0.000,0.000,0.000,8,00:00:00,0.410,0.830,0.050
107.224,52.083004800000005,107.224,7,-3.713,6.028,-16.578,0.058,0.566,-54.801,0.123,-0.084,-19.640,179.675,57.225,0.012,0.027,9.831,0.002,0.009,0.005,1007.400,14.660,48.791,45.0000000,-122.0000000,48.800,0.000,0.000,0.000,8,00:00:00,-0.510,-0.890,0.320
107.434,51.225297600000005,107.434,7,-3.386,5.622,-17.386,0.142,0.415,-54.748,0.085,-0.194,-19.669,179.659,57.435,-0.085,0.031,9.861,0.020,-0.002,-0.017,1007.420,14.670,48.624,45.0000000,-122.0000000,48.670,0.000,0.000,0.000,8,00:00:00,0.390,-0.500,0.300
107.643,50.366676000000005,107.643,7,-3.068,5.222,-18.725,0.233,0.288,-54.879,0.146,-0.118,-19.563,179.619,57.644,-0.024,0.041,9.755,-0.010,0.019,0.023,1008.000,14.670,43.776,45.0000000,-122.0000000,43.800,0.000,0.000,0.000,8,00:00:00,0.640,0.070,-1.290
107.853,49.508664,107.853,7,-2.761,4.831,-18.758,0.315,0.158,-54.523,0.135,-0.166,-19.640,179.398,57.854,-0.040,0.014,9.832,-0.003,-0.008,0.002,1007.030,14.680,51.884,45.0000000,-122.0000000,51.910,0.000,0.000,0.000,8,00:00:00,-0.400,0.870,-0.300
108.062,48.65065200000001,108.062,7,-2.462,4.449,-18.761,0.406,0.040,-54.186,0.201,-0.149,-19.641,179.399,58.063,-0.008,0.078,9.834,0.009,0.006,-0.005,1007.100,14.680,51.299,45.0000000,-122.0000000,51.320,0.000,0.000,0.000,8,00:00:00,0.760,-0.270,0.900
108.271,47.7932496,108.271,7,-2.173,4.077,-21.420,0.478,-0.060,-54.863,0.142,-0.097,-19.588,179.136,58.272,0.055,-0.028,9.780,-0.010,-0.003,0.002,1009.330,14.690,32.669,45.0000000,-122.0000000,32.690,0.000,0.000,0.000,8,00:00:00,-0.200,-0.180,-0.370
108.481,46.9349328,108.481,7,-1.894,3.717,-21.315,0.546,-0.163,-54.456,0.148,-0.141,-19.643,178.892,58.482,0.016,-0.063,9.835,-0.014,0.006,-0.023,1007.240,14.700,50.128,45.0000000,-122.0000000,50.160,0.000,0.000,0.000,8,00:00:00,-0.700,-0.640,-0.240
108.69,46.0769208,108.690,7,-1.625,3.366,-22.262,0.618,-0.285,-54.474,0.189,-0.268,-19.615,178.589,58.691,-0.058,-0.033,9.810,-0.008,-0.015,0.013,1008.190,14.700,42.189,45.0000000,-122.0000000,42.190,0.000,0.000,0.000,8,00:00:00,0.740,-0.100,-0.010
108.899,45.219518400000005,108.899,7,-1.362,3.021,-22.056,0.718,-0.392,-54.062,0.355,-0.232,-19.643,178.367,58.900,0.037,0.098,9.842,-0.006,-0.007,-0.019,1007.350,14.710,49.209,45.0000000,-122.0000000,49.250,0.000,0.000,0.000,8,00:00:00,0.210,0.310,-0.570
109.109,44.361811200000005,109.109,7,-1.103,2.685,-22.849,0.803,-0.500,-54.056,0.298,-0.262,-19.640,177.806,59.110,0.033,-0.046,9.838,-0.037,-0.010,0.004,1008.170,14.710,42.356,45.0000000,-122.0000000,42.370,0.000,0.000,0.000,8,00:00:00,0.210,0.810,-0.580
109.318,43.5047136,109.318,7,-0.848,2.357,-22.503,0.895,-0.593,-53.611,0.360,-0.226,-19.574,177.815,59.319,0.069,0.007,9.773,0.005,0.011,-0.005,1007.370,14.720,49.042,45.0000000,-122.0000000,49.080,0.000,0.000,0.000,8,00:00:00,-0.680,0.060,0.110
109.528,42.6467016,109.528,7,-0.597,2.036,-23.354,0.989,-0.704,-53.642,0.394,-0.336,-19.539,177.518,59.529,0.012,0.032,9.743,-0.008,-0.017,-0.014,1008.340,14.720,40.935,45.0000000,-122.0000000,40.970,0.000,0.000,0.000,8,00:00:00,0.310,-0.590,0.290
109.737,41.78929920000001,109.737,7,-0.351,1.721,-24.588,1.062,-0.821,-53.820,0.316,-0.401,-19.562,177.543,59.738,-0.077,-0.038,9.765,0.005,0.011,0.006,1008.790,14.730,37.177,45.0000000,-122.0000000,37.170,0.000,0.000,0.000,8,00:00:00,0.590,-0.500,-0.030
109.946,40.931896800000004,109.946,7,-0.111,1.408,-24.119,1.139,-0.949,-53.350,0.359,-0.478,-19.584,177.474,59.947,-0.156,-0.004,9.791,-0.004,0.010,0.003,1007.510,14.730,47.871,45.0000000,-122.0000000,47.940,0.000,0.000,0.000,8,00:00:00,-0.280,-0.180,-0.050
110.155,40.074494400000006,110.155,7,0.126,1.102,-24.854,1.230,-1.030,-53.363,0.449,-0.283,-19.555,177.470,60.156,0.058,0.056,9.759,0.007,0.003,-0.003,1008.510,14.740,39.515,45.0000000,-122.0000000,39.530,0.000,0.000,0.000,8,00:00:00,0.450,0.430,-0.580
110.364,39.2173968,110.364,7,0.357,0.805,-25.219,1.290,-1.119,-53.243,0.317,-0.354,-19.593,177.327,60.365,-0.035,-0.093,9.794,-0.007,0.006,-0.006,1008.290,14.740,41.353,45.0000000,-122.0000000,41.350,0.000,0.000,0.000,8,00:00:00,0.190,0.100,0.130
110.864,37.1691408,110.864,7,0.961,0.191,-38.320,1.507,-1.257,-56.939,0.477,-0.266,-19.599,177.096,60.865,0.048,-0.010,9.804,-0.006,0.013,-0.010,1008.730,14.760,37.678,45.0000000,-122.0000000,37.730,0.000,0.000,0.000,8,00:00:00,0.110,0.950,-0.420
111.074,36.312348,111.074,7,1.168,-0.073,-36.951,1.592,-1.328,-55.745,0.528,-0.345,-19.569,176.937,61.075,-0.008,0.032,9.780,-0.007,-0.001,-0.002,1009.570,14.760,30.666,45.0000000,-122.0000000,30.670,0.000,0.000,0.000,8,00:00:00,0.150,-0.440,0.150
111.283,35.4552504,111.283,7,1.370,-0.326,-35.533,1.661,-1.411,-54.622,0.477,-0.431,-19.670,176.962,61.284,-0.080,0.004,9.881,0.011,-0.004,0.012,1009.350,14.770,32.502,45.0000000,-122.0000000,32.520,0.000,0.000,0.000,8,00:00:00,0.660,-0.330,-0.370
111.492,34.5984576,111.492,7,1.569,-0.571,-34.857,1.734,-1.479,-53.852,0.510,-0.388,-19.618,176.689,61.493,0.025,0.009,9.829,-0.006,-0.022,0.006,1009.700,14.770,29.581,45.0000000,-122.0000000,29.570,0.000,0.000,0.000,8,00:00:00,-0.520,-0.150,-0.020
111.701,33.7416648,111.701,7,1.764,-0.808,-33.950,1.807,-1.548,-53.038,0.534,-0.415,-19.567,176.476,61.702,0.023,0.012,9.780,-0.010,-0.005,0.001,1009.420,14.780,31.918,45.0000000,-122.0000000,31.920,0.000,0.000,0.000,8,00:00:00,0.190,-0.800,0.560
111.911,32.884872,111.911,7,1.958,-1.039,-33.203,1.877,-1.633,-52.345,0.540,-0.511,-19.529,176.507,61.912,-0.078,0.038,9.747,0.005,0.007,-0.015,1009.400,14.790,32.084,45.0000000,-122.0000000,32.070,0.000,0.000,0.000,8,00:00:00,1.140,0.590,0.310
112.12,32.0280792,112.120,7,2.148,-1.264,-33.588,1.950,-1.697,-52.170,0.571,-0.436,-19.585,176.550,62.121,-0.021,0.048,9.801,0.001,0.017,-0.006,1010.200,14.790,25.409,45.0000000,-122.0000000,25.420,0.000,0.000,0.000,8,00:00:00,-0.100,-0.340,0.560
112.329,31.1715912,112.329,7,2.333,-1.481,-32.441,1.996,-1.757,-51.420,0.458,-0.443,-19.548,176.378,62.330,-0.040,-0.089,9.759,-0.009,0.001,0.007,1009.030,14.800,35.173,45.0000000,-122.0000000,35.170,0.000,0.000,0.000,8,00:00:00,0.630,0.040,-0.360
112.538,30.315407999999998,112.538,7,2.513,-1.690,-32.610,2.055,-1.811,-51.261,0.539,-0.432,-19.588,176.365,62.539,-0.010,-0.013,9.802,0.004,0.003,0.014,1009.930,14.800,27.662,45.0000000,-122.0000000,27.650,0.000,0.000,0.000,8,00:00:00,-0.810,1.400,0.500
112.747,29.458920000000003,112.747,7,2.688,-1.892,-33.472,2.104,-1.868,-51.377,0.509,-0.463,-19.491,176.443,62.748,-0.036,-0.010,9.706,0.015,-0.001,0.009,1010.450,14.810,23.324,45.0000000,-122.0000000,23.330,0.000,0.000,0.000,8,00:00:00,-0.210,0.210,-0.380
112.956,28.602432000000004,112.956,7,2.860,-2.088,-33.429,2.165,-1.929,-51.176,0.587,-0.507,-19.621,176.168,62.957,-0.023,0.034,9.841,-0.012,-0.013,0.020,1009.780,14.810,28.913,45.0000000,-122.0000000,28.920,0.000,0.000,0.000,8,00:00:00,0.290,-0.270,-0.450
113.166,27.745944,113.166,7,3.029,-2.280,-34.027,2.217,-1.987,-51.269,0.551,-0.508,-19.722,176.083,63.167,-0.041,-0.033,9.940,-0.008,0.011,0.003,1010.220,14.820,25.243,45.0000000,-122.0000000,25.240,0.000,0.000,0.000,8,00:00:00,-0.080,0.390,0.210
113.375,26.8897608,113.375,7,3.193,-2.465,-35.016,2.268,-2.034,-51.488,0.567,-0.471,-19.570,176.110,63.376,-0.019,-0.014,9.788,0.004,0.010,0.007,1010.580,14.830,22.240,45.0000000,-122.0000000,22.230,0.000,0.000,0.000,8,00:00:00,0.550,-0.220,-0.130
113.584,26.033577600000005,113.584,7,3.353,-2.643,-34.921,2.318,-2.076,-51.279,0.574,-0.467,-19.525,175.894,63.585,0.017,-0.029,9.743,-0.008,-0.011,-0.005,1009.770,14.830,28.997,45.0000000,-122.0000000,29.050,0.000,0.000,0.000,8,00:00:00,0.140,0.590,0.360
113.793,25.1773944,113.793,7,3.509,-2.813,-35.287,2.371,-2.109,-51.304,0.607,-0.439,-19.679,175.755,63.794,0.066,-0.035,9.897,-0.007,0.001,-0.006,1010.110,14.840,26.160,45.0000000,-122.0000000,26.190,0.000,0.000,0.000,8,00:00:00,-0.040,-0.550,1.120
114.002,24.3221256,114.002,7,3.663,-2.976,-36.812,2.421,-2.154,-51.751,0.605,-0.515,-19.560,175.842,64.003,-0.009,0.005,9.783,0.013,0.002,0.000,1011.040,14.840,18.405,45.0000000,-122.0000000,18.420,0.000,0.000,0.000,8,00:00:00,-0.150,-0.190,-0.860
114.211,23.4656376,114.211,7,3.814,-3.134,-37.852,2.471,-2.187,-51.997,0.620,-0.468,-19.615,175.596,64.212,0.076,-0.021,9.835,-0.010,-0.011,0.003,1010.740,14.850,20.906,45.0000000,-122.0000000,20.890,0.000,0.000,0.000,8,00:00:00,-0.280,-0.300,0.500
114.42,22.609759200000003,114.420,7,3.964,-3.288,-38.447,2.541,-2.251,-52.079,0.729,-0.632,-19.695,175.554,64.421,-0.049,0.108,9.931,0.002,-0.003,0.005,1010.440,14.850,23.408,45.0000000,-122.0000000,23.430,0.000,0.000,0.000,8,00:00:00,-0.060,0.600,-1.030
114.92,20.5630272,114.920,7,4.802,-4.056,-51.229,2.789,-2.494,-55.858,0.721,-0.677,-19.554,175.329,64.921,-0.090,0.081,9.794,-0.006,0.001,0.014,1010.640,14.870,21.740,45.0000000,-122.0000000,21.730,0.000,0.000,0.000,8,00:00:00,-0.210,-0.080,-0.260
115.129,19.707758400000003,115.129,7,4.875,-4.144,-49.826,2.821,-2.521,-54.730,0.694,-0.587,-19.473,175.121,65.130,0.000,0.009,9.706,-0.015,-0.001,-0.005,1011.410,14.870,15.322,45.0000000,-122.0000000,15.340,0.000,0.000,0.000,8,00:00:00,0.130,-0.080,0.030
115.339,18.8515752,115.339,7,4.954,-4.238,-48.417,2.836,-2.559,-53.685,0.613,-0.646,-19.590,174.958,65.340,-0.068,-0.100,9.820,-0.012,0.003,0.018,1011.120,14.880,17.738,45.0000000,-122.0000000,17.710,0.000,0.000,0.000,8,00:00:00,0.560,-0.060,-0.080
115.548,17.9963064,115.548,7,5.035,-4.331,-46.575,2.891,-2.593,-52.535,0.814,-0.636,-19.546,174.808,65.549,-0.011,0.075,9.790,-0.010,-0.001,0.009,1010.620,14.880,21.907,45.0000000,-122.0000000,21.950,0.000,0.000,0.000,8,00:00:00,0.520,0.200,0.050
115.757,17.1407328,115.757,7,5.122,-4.425,-46.424,2.933,-2.620,-52.145,0.756,-0.604,-19.623,174.875,65.758,0.027,0.027,9.861,0.012,-0.003,0.006,1011.630,14.890,13.488,45.0000000,-122.0000000,13.470,0.000,0.000,0.000,8,00:00:00,0.180,-0.270,-0.120
115.966,16.285464,115.966,7,5.213,-4.519,-46.302,2.978,-2.652,-51.797,0.772,-0.642,-19.606,174.996,65.967,-0.007,0.075,9.847,0.013,0.004,0.024,1011.570,14.890,13.988,45.0000000,-122.0000000,13.980,0.000,0.000,0.000,8,00:00:00,-0.560,-0.540,0.880
116.175,15.430195200000002,116.175,7,5.306,-4.613,-46.772,3.002,-2.674,-51.713,0.683,-0.594,-19.605,174.945,66.176,0.051,-0.013,9.836,0.006,-0.010,0.003,1011.950,14.900,10.823,45.0000000,-122.0000000,10.850,0.000,0.000,0.000,8,00:00:00,0.130,-0.720,-0.210
116.384,14.5749264,116.384,7,5.397,-4.708,-45.970,3.010,-2.716,-51.156,0.605,-0.698,-19.617,174.856,66.385,-0.025,-0.062,9.850,0.007,-0.016,-0.013,1010.970,14.910,18.989,45.0000000,-122.0000000,19.030,0.000,0.000,0.000,8,00:00:00,-0.120,-0.040,-0.110
116.593,13.719657600000001,116.593,7,5.486,-4.803,-45.415,3.037,-2.743,-50.741,0.706,-0.634,-19.562,175.044,66.594,0.024,0.047,9.798,0.011,0.018,0.000,1011.060,14.910,18.239,45.0000000,-122.0000000,18.250,0.000,0.000,0.000,8,00:00:00,0.230,0.500,-0.010
116.802,12.864388800000002,116.802,7,5.576,-4.899,-46.075,3.069,-2.784,-50.834,0.735,-0.710,-19.526,174.983,66.803,-0.048,0.080,9.769,-0.005,0.004,-0.008,1011.920,14.920,11.073,45.0000000,-122.0000000,11.070,0.000,0.000,0.000,8,00:00:00,-0.910,0.580,-0.330
117.011,12.009424800000001,117.011,7,5.665,-4.995,-46.131,3.088,-2.807,-50.701,0.677,-0.626,-19.534,175.131,67.012,0.010,0.027,9.768,0.012,0.010,0.009,1011.460,14.920,14.905,45.0000000,-122.0000000,14.880,0.000,0.000,0.000,8,00:00:00,-0.380,0.560,0.570
117.22,11.1553752,117.220,7,5.751,-5.089,-45.865,3.097,-2.834,-50.462,0.636,-0.655,-19.493,175.132,67.221,-0.040,-0.011,9.726,-0.001,0.009,-0.000,1011.180,14.930,17.238,45.0000000,-122.0000000,17.240,0.000,0.000,0.000,8,00:00:00,-1.020,0.410,-0.870
117.429,10.2994968,117.429,7,5.834,-5.180,-47.456,3.101,-2.845,-51.002,0.616,-0.582,-19.700,175.127,67.430,0.038,-0.062,9.926,0.003,0.004,0.001,1012.590,14.930,5.493,45.0000000,-122.0000000,5.480,0.000,0.000,0.000,8,00:00:00,-0.350,0.520,0.460
117.638,9.4448376,117.638,7,5.910,-5.269,-47.079,3.091,-2.869,-50.734,0.557,-0.651,-19.559,174.931,67.639,-0.013,-0.113,9.786,-0.005,-0.014,-0.003,1011.110,14.940,17.822,45.0000000,-122.0000000,17.870,0.000,0.000,0.000,8,00:00:00,0.440,-0.360,0.170
117.847,8.590178400000001,117.847,7,5.984,-5.356,-48.100,3.112,-2.892,-51.036,0.706,-0.655,-19.601,174.705,67.848,0.010,-0.019,9.838,-0.021,0.005,-0.012,1012.170,14.940,8.990,45.0000000,-122.0000000,8.980,0.000,0.000,0.000,8,00:00:00,-0.290,0.130,-0.160
118.056,7.735519200000001,118.056,7,6.056,-5.440,-49.125,3.127,-2.892,-51.298,0.684,-0.546,-19.474,174.716,68.057,0.096,-0.054,9.703,0.000,0.009,0.007,1012.220,14.950,8.574,45.0000000,-122.0000000,8.620,0.000,0.000,0.000,8,00:00:00,0.100,0.500,-0.210
118.265,6.880555200000001,118.265,7,6.127,-5.522,-50.162,3.152,-2.933,-51.597,0.732,-0.750,-19.703,174.538,68.266,-0.084,-0.024,9.948,-0.016,0.003,0.022,1012.280,14.950,8.074,45.0000000,-122.0000000,8.120,0.000,0.000,0.000,8,00:00:00,0.400,0.080,-0.340
118.474,6.027115200000001,118.474,7,6.200,-5.604,-50.746,3.183,-2.959,-51.664,0.767,-0.685,-19.482,174.482,68.475,-0.011,0.014,9.726,-0.001,-0.003,-0.002,1011.970,14.960,10.656,45.0000000,-122.0000000,10.660,0.000,0.000,0.000,8,00:00:00,0.090,-1.190,0.780
118.683,5.1715416,118.683,7,6.273,-5.688,-52.442,3.209,-2.999,-52.164,0.749,-0.757,-19.561,174.378,68.684,-0.051,-0.000,9.809,-0.000,-0.012,-0.009,1012.900,14.970,2.913,45.0000000,-122.0000000,2.930,0.000,0.000,0.000,8,00:00:00,0.480,-0.870,0.250
118.892,4.3171872,118.892,7,6.349,-5.772,-53.979,3.256,-3.021,-52.560,0.850,-0.678,-19.518,174.468,68.893,0.019,0.090,9.768,0.002,0.015,0.002,1012.880,14.970,3.079,45.0000000,-122.0000000,3.070,0.000,0.000,0.000,8,00:00:00,-0.490,0.670,-0.520
119.101,3.4631376,119.101,7,6.426,-5.854,-55.582,3.279,-3.050,-52.969,0.746,-0.711,-19.600,174.545,69.102,-0.043,-0.004,9.844,0.005,0.009,-0.004,1013.040,14.980,1.748,45.0000000,-122.0000000,1.750,0.000,0.000,0.000,8,00:00:00,-0.110,0.040,0.420
119.31,2.6087832,119.310,7,6.503,-5.937,-56.983,3.304,-3.082,-53.262,0.754,-0.736,-19.547,174.568,69.311,-0.042,0.034,9.794,0.011,-0.010,0.011,1012.990,14.980,2.164,45.0000000,-122.0000000,2.200,0.000,0.000,0.000,8,00:00:00,-0.100,0.870,-0.240
119.519,1.7544288000000001,119.519,7,6.579,-6.021,-59.380,3.323,-3.125,-53.937,0.736,-0.795,-19.695,174.313,69.520,-0.052,-0.010,9.944,-0.010,-0.018,-0.011,1013.910,14.990,-5.490,45.0000000,-122.0000000,-5.470,0.000,0.000,0.000,8,00:00:00,-0.320,-0.060,-0.330
119.948,0.0,119.948,7,7.307,-6.724,-70.323,3.484,-3.290,-57.034,0.758,-0.737,-19.568,174.177,69.949,-0.016,-0.027,9.815,-0.008,0.006,0.014,1013.330,15.000,-0.666,45.0000000,-122.0000000,-0.660,0.000,0.000,0.000,8,00:00:00,0.880,-0.180,0.000
