Sim_Time,Sim_Alt,State - Time (s),State - Flight Stage,State - PX (m),State - PY (m),State - PZ (m),State - VX (m/s),State - VY (m/s),State - VZ (m/s),State - AX (m/s/s),State - AY (m/s/s),State - AZ (m/s/s),State - Off-Vert Angle (deg),State - Time in Stage (s),HITL_Accelerometer - Acc X (m/s^2),HITL_Accelerometer - Acc Y (m/s^2),HITL_Accelerometer - Acc Z (m/s^2),HITL_Gyroscope - Gyro X (rad/s),HITL_Gyroscope - Gyro Y (rad/s),HITL_Gyroscope - Gyro Z (rad/s),HITL_Barometer - Pres (hPa),HITL_Barometer - Temp (C),HITL_Barometer - Alt ASL (m),HITL_GPS - Lat (deg),HITL_GPS - Lon (deg),HITL_GPS - Alt (m),HITL_GPS - vN (m/s),HITL_GPS - vE (m/s),HITL_GPS - vD (m/s),HITL_GPS - Fix Quality,HITL_GPS - Time of Day,HITL_Magnetometer - Mag X (uT),HITL_Magnetometer - Mag Y (uT),HITL_Magnetometer - Mag Z (uT)
0.0,0.0,0.000,0,0.000,0.000,0.000,0.000,0.000,0.000,0.000,0.000,0.000,0.000,0.000,0.000,0.000,9.810,0.000,0.000,0.000,1013.250,15.000,0.000,45.0000000,-122.0000000,0.000,0.000,0.000,0.000,8,00:00:00,0.000,0.000,0.000
0.02,0.0,0.020,0,0.000,0.000,0.000,0.000,0.000,0.000,0.000,0.000,0.000,0.000,0.020,0.000,0.000,9.810,0.000,0.000,0.000,1013.250,15.000,0.000,45.0000000,-122.0000000,0.000,0.000,0.000,0.000,8,00:00:00,0.000,0.000,0.000
0.04,0.0,0.040,0,0.000,0.000,0.000,0.000,0.000,0.000,0.000,0.000,0.000,0.000,0.040,0.000,0.000,9.810,0.000,0.000,0.000,1013.250,15.000,0.000,45.0000000,-122.0000000,0.000,0.000,0.000,0.000,8,00:00:00,0.000,0.000,0.000
0.06,0.0,0.060,0,0.000,0.000,0.000,0.000,0.000,0.000,0.000,0.000,0.000,0.000,0.060,0.000,0.000,9.810,0.000,0.000,0.000,1013.250,15.000,0.000,45.0000000,-122.0000000,0.000,0.000,0.000,0.000,8,00:00:00,0.000,0.000,0.000
0.08,0.0,0.080,0,0.000,0.000,0.000,0.000,0.000,0.000,0.000,0.000,0.000,0.000,0.080,0.000,0.000,9.810,0.000,0.000,0.000,1013.250,15.000,0.000,45.0000000,-122.0000000,0.000,0.000,0.000,0.000,8,00:00:00,0.000,0.000,0.000
0.1,0.0,0.100,0,0.000,0.000,0.000,0.000,0.000,0.000,0.000,0.000,0.000,0.000,0.100,0.000,0.000,9.810,0.000,0.000,0.000,1013.250,15.000,0.000,45.0000000,-122.0000000,0.000,0.000,0.000,0.000,8,00:00:00,0.000,0.000,0.000
0.12000000000000001,0.0,0.120,0,0.000,0.000,0.000,0.000,0.000,0.000,0.000,0.000,0.000,0.000,0.120,0.000,0.000,9.810,0.000,0.000,0.000,1013.250,15.000,0.000,45.0000000,-122.0000000,0.000,0.000,0.000,0.000,8,00:00:00,0.000,0.000,0.000
0.14,0.0,0.140,0,0.000,0.000,0.000,0.000,0.000,0.000,0.000,0.000,0.000,0.000,0.140,0.000,0.000,9.810,0.000,0.000,0.000,1013.250,15.000,0.000,45.0000000,-122.0000000,0.000,0.000,0.000,0.000,8,00:00:00,0.000,0.000,0.000
0.16,0.0,0.160,0,0.000,0.000,0.000,0.000,0.000,0.000,0.000,0.000,0.000,0.000,0.160,0.000,0.000,9.810,0.000,0.000,0.000,1013.250,15.000,0.000,45.0000000,-122.0000000,0.000,0.000,0.000,0.000,8,00:00:00,0.000,0.000,0.000
0.18,0.0,0.180,0,0.000,0.000,0.000,0.000,0.000,0.000,0.000,0.000,0.000,0.000,0.180,0.000,0.000,9.810,0.000,0.000,0.000,1013.250,15.000,0.000,45.0000000,-122.0000000,0.000,0.000,0.000,0.000,8,00:00:00,0.000,0.000,0.000
0.19999999999999998,0.0,0.200,0,0.000,0.000,0.000,0.000,0.000,0.000,0.000,0.000,0.000,0.000,0.200,0.000,0.000,9.810,0.000,0.000,0.000,1013.250,15.000,0.000,45.0000000,-122.0000000,0.000,0.000,0.000,0.000,8,00:00:00,0.000,0.000,0.000
0.21999999999999997,0.0,0.220,0,0.000,0.000,0.000,0.000,0.000,0.000,0.000,0.000,0.000,0.000,0.220,0.000,0.000,9.810,0.000,0.000,0.000,1013.250,15.000,0.000,45.0000000,-122.0000000,0.000,0.000,0.000,0.000,8,00:00:00,0.000,0.000,0.000
0.23999999999999996,0.0,0.240,0,0.000,0.000,0.000,0.000,0.000,0.000,0.000,0.000,0.000,0.000,0.240,0.000,0.000,9.810,0.000,0.000,0.000,1013.250,15.000,0.000,45.0000000,-122.0000000,0.000,0.000,0.000,0.000,8,00:00:00,0.000,0.000,0.000
0.25999999999999995,0.0,0.260,0,0.000,0.000,0.000,0.000,0.000,0.000,0.000,0.000,0.000,0.000,0.260,0.000,0.000,9.810,0.000,0.000,0.000,1013.250,15.000,0.000,45.0000000,-122.0000000,0.000,0.000,0.000,0.000,8,00:00:00,0.000,0.000,0.000
0.27999999999999997,0.0,0.280,0,0.000,0.000,0.000,0.000,0.000,0.000,0.000,0.000,0.000,0.000,0.280,0.000,0.000,9.810,0.000,0.000,0.000,1013.250,15.000,0.000,45.0000000,-122.0000000,0.000,0.000,0.000,0.000,8,00:00:00,0.000,0.000,0.000
0.3,0.0,0.300,0,0.000,0.000,0.000,0.000,0.000,0.000,0.000,0.000,0.000,0.000,0.300,0.000,0.000,9.810,0.000,0.000,0.000,1013.250,15.000,0.000,45.0000000,-122.0000000,0.000,0.000,0.000,0.000,8,00:00:00,0.000,0.000,0.000
0.32,0.0,0.320,0,0.000,0.000,0.000,0.000,0.000,0.000,0.000,0.000,0.000,0.000,0.320,0.000,0.000,9.810,0.000,0.000,0.000,1013.250,15.000,0.000,45.0000000,-122.0000000,0.000,0.000,0.000,0.000,8,00:00:00,0.000,0.000,0.000
0.34,0.0,0.340,0,0.000,0.000,0.000,0.000,0.000,0.000,0.000,0.000,0.000,0.000,0.340,0.000,0.000,9.810,0.000,0.000,0.000,1013.250,15.000,0.000,45.0000000,-122.0000000,0.000,0.000,0.000,0.000,8,00:00:00,0.000,0.000,0.000
0.36000000000000004,0.0,0.360,0,0.000,0.000,0.000,0.000,0.000,0.000,0.000,0.000,0.000,0.000,0.360,0.000,0.000,9.810,0.000,0.000,0.000,1013.250,15.000,0.000,45.0000000,-122.0000000,0.000,0.000,0.000,0.000,8,00:00:00,0.000,0.000,0.000
0.38000000000000006,0.0,0.380,0,0.000,0.000,0.000,0.000,0.000,0.000,0.000,0.000,0.000,0.000,0.380,0.000,0.000,9.810,0.000,0.000,0.000,1013.250,15.000,0.000,45.0000000,-122.0000000,0.000,0.000,0.000,0.000,8,00:00:00,0.000,0.000,0.000
0.4000000000000001,0.0,0.400,0,0.000,0.000,0.000,0.000,0.000,0.000,0.000,0.000,0.000,0.000,0.400,0.000,0.000,9.810,0.000,0.000,0.000,1013.250,15.000,0.000,45.0000000,-122.0000000,0.000,0.000,0.000,0.000,8,00:00:00,0.000,0.000,0.000
0.4200000000000001,0.0,0.420,0,0.000,0.000,0.000,0.000,0.000,0.000,0.000,0.000,0.000,0.000,0.420,0.000,0.000,9.810,0.000,0.000,0.000,1013.250,15.000,0.000,45.0000000,-122.0000000,0.000,0.000,0.000,0.000,8,00:00:00,0.000,0.000,0.000
0.4400000000000001,0.0,0.440,0,0.000,0.000,0.000,0.000,0.000,0.000,0.000,0.000,0.000,0.000,0.440,0.000,0.000,9.810,0.000,0.000,0.000,1013.250,15.000,0.000,45.0000000,-122.0000000,0.000,0.000,0.000,0.000,8,00:00:00,0.000,0.000,0.000
0.46000000000000013,0.0,0.460,0,0.000,0.000,0.000,0.000,0.000,0.000,0.000,0.000,0.000,0.000,0.460,0.000,0.000,9.810,0.000,0.000,0.000,1013.250,15.000,0.000,45.0000000,-122.0000000,0.000,0.000,0.000,0.000,8,00:00:00,0.000,0.000,0.000
0.48000000000000015,0.0,0.480,0,0.000,0.000,0.000,0.000,0.000,0.000,0.000,0.000,0.000,0.000,0.480,0.000,0.000,9.810,0.000,0.000,0.000,1013.250,15.000,0.000,45.0000000,-122.0000000,0.000,0.000,0.000,0.000,8,00:00:00,0.000,0.000,0.000
0.5000000000000001,0.0,0.500,0,0.000,0.000,0.000,0.000,0.000,0.000,0.000,0.000,0.000,0.000,0.500,0.000,0.000,9.810,0.000,0.000,0.000,1013.250,15.000,0.000,45.0000000,-122.0000000,0.000,0.000,0.000,0.000,8,00:00:00,0.000,0.000,0.000
0.5200000000000001,0.0,0.520,0,0.000,0.000,0.000,0.000,0.000,0.000,0.000,0.000,0.000,0.000,0.520,0.000,0.000,9.810,0.000,0.000,0.000,1013.250,15.000,0.000,45.0000000,-122.0000000,0.000,0.000,0.000,0.000,8,00:00:00,0.000,0.000,0.000
0.5400000000000001,0.0,0.540,0,0.000,0.000,0.000,0.000,0.000,0.000,0.000,0.000,0.000,0.000,0.540,0.000,0.000,9.810,0.000,0.000,0.000,1013.250,15.000,0.000,45.0000000,-122.0000000,0.000,0.000,0.000,0.000,8,00:00:00,0.000,0.000,0.000
0.5600000000000002,0.0,0.560,0,0.000,0.000,0.000,0.000,0.000,0.000,0.000,0.000,0.000,0.000,0.560,0.000,0.000,9.810,0.000,0.000,0.000,1013.250,15.000,0.000,45.0000000,-122.0000000,0.000,0.000,0.000,0.000,8,00:00:00,0.000,0.000,0.000
0.5800000000000002,0.0,0.580,0,0.000,0.000,0.000,0.000,0.000,0.000,0.000,0.000,0.000,0.000,0.580,0.000,0.000,9.810,0.000,0.000,0.000,1013.250,15.000,0.000,45.0000000,-122.0000000,0.000,0.000,0.000,0.000,8,00:00:00,0.000,0.000,0.000
0.6000000000000002,0.0,0.600,0,0.000,0.000,0.000,0.000,0.000,0.000,0.000,0.000,0.000,0.000,0.600,0.000,0.000,9.810,0.000,0.000,0.000,1013.250,15.000,0.000,45.0000000,-122.0000000,0.000,0.000,0.000,0.000,8,00:00:00,0.000,0.000,0.000
0.6200000000000002,0.0,0.620,0,0.000,0.000,0.000,0.000,0.000,0.000,0.000,0.000,0.000,0.000,0.620,0.000,0.000,9.810,0.000,0.000,0.000,1013.250,15.000,0.000,45.0000000,-122.0000000,0.000,0.000,0.000,0.000,8,00:00:00,0.000,0.000,0.000
0.6400000000000002,0.0,0.640,0,0.000,0.000,0.000,0.000,0.000,0.000,0.000,0.000,0.000,0.000,0.640,0.000,0.000,9.810,0.000,0.000,0.000,1013.250,15.000,0.000,45.0000000,-122.0000000,0.000,0.000,0.000,0.000,8,00:00:00,0.000,0.000,0.000
0.6600000000000003,0.0,0.660,0,0.000,0.000,0.000,0.000,0.000,0.000,0.000,0.000,0.000,0.000,0.660,0.000,0.000,9.810,0.000,0.000,0.000,1013.250,15.000,0.000,45.0000000,-122.0000000,0.000,0.000,0.000,0.000,8,00:00:00,0.000,0.000,0.000
0.6800000000000003,0.0,0.680,0,0.000,0.000,0.000,0.000,0.000,0.000,0.000,0.000,0.000,0.000,0.680,0.000,0.000,9.810,0.000,0.000,0.000,1013.250,15.000,0.000,45.0000000,-122.0000000,0.000,0.000,0.000,0.000,8,00:00:00,0.000,0.000,0.000
0.7000000000000003,0.0,0.700,0,0.000,0.000,0.000,0.000,0.000,0.000,0.000,0.000,0.000,0.000,0.700,0.000,0.000,9.810,0.000,0.000,0.000,1013.250,15.000,0.000,45.0000000,-122.0000000,0.000,0.000,0.000,0.000,8,00:00:00,0.000,0.000,0.000
0.7200000000000003,0.0,0.720,0,0.000,0.000,0.000,0.000,0.000,0.000,0.000,0.000,0.000,0.000,0.720,0.000,0.000,9.810,0.000,0.000,0.000,1013.250,15.000,0.000,45.0000000,-122.0000000,0.000,0.000,0.000,0.000,8,00:00:00,0.000,0.000,0.000
0.7400000000000003,0.0,0.740,0,0.000,0.000,0.000,0.000,0.000,0.000,0.000,0.000,0.000,0.000,0.740,0.000,0.000,9.810,0.000,0.000,0.000,1013.250,15.000,0.000,45.0000000,-122.0000000,0.000,0.000,0.000,0.000,8,00:00:00,0.000,0.000,0.000
0.7600000000000003,0.0,0.760,0,0.000,0.000,0.000,0.000,0.000,0.000,0.000,0.000,0.000,0.000,0.760,0.000,0.000,9.810,0.000,0.000,0.000,1013.250,15.000,0.000,45.0000000,-122.0000000,0.000,0.000,0.000,0.000,8,00:00:00,0.000,0.000,0.000
0.7800000000000004,0.0,0.780,0,0.000,0.000,0.000,0.000,0.000,0.000,0.000,0.000,0.000,0.000,0.780,0.000,0.000,9.810,0.000,0.000,0.000,1013.250,15.000,0.000,45.0000000,-122.0000000,0.000,0.000,0.000,0.000,8,00:00:00,0.000,0.000,0.000
0.8000000000000004,0.0,0.800,0,0.000,0.000,0.000,0.000,0.000,0.000,0.000,0.000,0.000,0.000,0.800,0.000,0.000,9.810,0.000,0.000,0.000,1013.250,15.000,0.000,45.0000000,-122.0000000,0.000,0.000,0.000,0.000,8,00:00:00,0.000,0.000,0.000
0.8200000000000004,0.0,0.820,0,0.000,0.000,0.000,0.000,0.000,0.000,0.000,0.000,0.000,0.000,0.820,0.000,0.000,9.810,0.000,0.000,0.000,1013.250,15.000,0.000,45.0000000,-122.0000000,0.000,0.000,0.000,0.000,8,00:00:00,0.000,0.000,0.000
0.8400000000000004,0.0,0.840,0,0.000,0.000,0.000,0.000,0.000,0.000,0.000,0.000,0.000,0.000,0.840,0.000,0.000,9.810,0.000,0.000,0.000,1013.250,15.000,0.000,45.0000000,-122.0000000,0.000,0.000,0.000,0.000,8,00:00:00,0.000,0.000,0.000
0.8600000000000004,0.0,0.860,0,0.000,0.000,0.000,0.000,0.000,0.000,0.000,0.000,0.000,0.000,0.860,0.000,0.000,9.810,0.000,0.000,0.000,1013.250,15.000,0.000,45.0000000,-122.0000000,0.000,0.000,0.000,0.000,8,00:00:00,0.000,0.000,0.000
0.8800000000000004,0.0,0.880,0,0.000,0.000,0.000,0.000,0.000,0.000,0.000,0.000,0.000,0.000,0.880,0.000,0.000,9.810,0.000,0.000,0.000,1013.250,15.000,0.000,45.0000000,-122.0000000,0.000,0.000,0.000,0.000,8,00:00:00,0.000,0.000,0.000
0.9000000000000005,0.0,0.900,0,0.000,0.000,0.000,0.000,0.000,0.000,0.000,0.000,0.000,0.000,0.900,0.000,0.000,9.810,0.000,0.000,0.000,1013.250,15.000,0.000,45.0000000,-122.0000000,0.000,0.000,0.000,0.000,8,00:00:00,0.000,0.000,0.000
0.9200000000000005,0.0,0.920,0,0.000,0.000,0.000,0.000,0.000,0.000,0.000,0.000,0.000,0.000,0.920,0.000,0.000,9.810,0.000,0.000,0.000,1013.250,15.000,0.000,45.0000000,-122.0000000,0.000,0.000,0.000,0.000,8,00:00:00,0.000,0.000,0.000
0.9400000000000005,0.0,0.940,0,0.000,0.000,0.000,0.000,0.000,0.000,0.000,0.000,0.000,0.000,0.940,0.000,0.000,9.810,0.000,0.000,0.000,1013.250,15.000,0.000,45.0000000,-122.0000000,0.000,0.000,0.000,0.000,8,00:00:00,0.000,0.000,0.000
0.9600000000000005,0.0,0.960,0,0.000,0.000,0.000,0.000,0.000,0.000,0.000,0.000,0.000,0.000,0.960,0.000,0.000,9.810,0.000,0.000,0.000,1013.250,15.000,0.000,45.0000000,-122.0000000,0.000,0.000,0.000,0.000,8,00:00:00,0.000,0.000,0.000
0.9800000000000005,0.0,0.980,0,0.000,0.000,0.000,0.000,0.000,0.000,0.000,0.000,0.000,0.000,0.980,0.000,0.000,9.810,0.000,0.000,0.000,1013.250,15.000,0.000,45.0000000,-122.0000000,0.000,0.000,0.000,0.000,8,00:00:00,0.000,0.000,0.000
1.0000000000000004,0.0,1.000,0,0.000,0.000,0.000,0.000,0.000,0.000,0.000,0.000,0.000,0.000,1.000,0.000,0.000,9.810,0.000,0.000,0.000,1013.250,15.000,0.000,45.0000000,-122.0000000,0.000,0.000,0.000,0.000,8,00:00:00,0.000,0.000,0.000
1.0200000000000005,0.0,1.020,0,0.000,0.000,0.000,0.000,0.000,0.000,0.000,0.000,0.000,0.000,1.020,0.000,0.000,9.810,0.000,0.000,0.000,1013.250,15.000,0.000,45.0000000,-122.0000000,0.000,0.000,0.000,0.000,8,00:00:00,0.000,0.000,0.000
1.0400000000000005,0.0,1.040,0,0.000,0.000,0.000,0.000,0.000,0.000,0.000,0.000,0.000,0.000,1.040,0.000,0.000,9.810,0.000,0.000,0.000,1013.250,15.000,0.000,45.0000000,-122.0000000,0.000,0.000,0.000,0.000,8,00:00:00,0.000,0.000,0.000
1.0600000000000005,0.0,1.060,0,0.000,0.000,0.000,0.000,0.000,0.000,0.000,0.000,0.000,0.000,1.060,0.000,0.000,9.810,0.000,0.000,0.000,1013.250,15.000,0.000,45.0000000,-122.0000000,0.000,0.000,0.000,0.000,8,00:00:00,0.000,0.000,0.000
1.0800000000000005,0.0,1.080,0,0.000,0.000,0.000,0.000,0.000,0.000,0.000,0.000,0.000,0.000,1.080,0.000,0.000,9.810,0.000,0.000,0.000,1013.250,15.000,0.000,45.0000000,-122.0000000,0.000,0.000,0.000,0.000,8,00:00:00,0.000,0.000,0.000
1.1000000000000005,0.0,1.100,0,0.000,0.000,0.000,0.000,0.000,0.000,0.000,0.000,0.000,0.000,1.100,0.000,0.000,9.810,0.000,0.000,0.000,1013.250,15.000,0.000,45.0000000,-122.0000000,0.000,0.000,0.000,0.000,8,00:00:00,0.000,0.000,0.000
1.1200000000000006,0.0,1.120,0,0.000,0.000,0.000,0.000,0.000,0.000,0.000,0.000,0.000,0.000,1.120,0.000,0.000,9.810,0.000,0.000,0.000,1013.250,15.000,0.000,45.0000000,-122.0000000,0.000,0.000,0.000,0.000,8,00:00:00,0.000,0.000,0.000
1.1400000000000006,0.0,1.140,0,0.000,0.000,0.000,0.000,0.000,0.000,0.000,0.000,0.000,0.000,1.140,0.000,0.000,9.810,0.000,0.000,0.000,1013.250,15.000,0.000,45.0000000,-122.0000000,0.000,0.000,0.000,0.000,8,00:00:00,0.000,0.000,0.000
1.1600000000000006,0.0,1.160,0,0.000,0.000,0.000,0.000,0.000,0.000,0.000,0.000,0.000,0.000,1.160,0.000,0.000,9.810,0.000,0.000,0.000,1013.250,15.000,0.000,45.0000000,-122.0000000,0.000,0.000,0.000,0.000,8,00:00:00,0.000,0.000,0.000
1.1800000000000006,0.0,1.180,0,0.000,0.000,0.000,0.000,0.000,0.000,0.000,0.000,0.000,0.000,1.180,0.000,0.000,9.810,0.000,0.000,0.000,1013.250,15.000,0.000,45.0000000,-122.0000000,0.000,0.000,0.000,0.000,8,00:00:00,0.000,0.000,0.000
1.2000000000000006,0.0,1.200,0,0.000,0.000,0.000,0.000,0.000,0.000,0.000,0.000,0.000,0.000,1.200,0.000,0.000,9.810,0.000,0.000,0.000,1013.250,15.000,0.000,45.0000000,-122.0000000,0.000,0.000,0.000,0.000,8,00:00:00,0.000,0.000,0.000
1.2200000000000006,0.0,1.220,0,0.000,0.000,0.000,0.000,0.000,0.000,0.000,0.000,0.000,0.000,1.220,0.000,0.000,9.810,0.000,0.000,0.000,1013.250,15.000,0.000,45.0000000,-122.0000000,0.000,0.000,0.000,0.000,8,00:00:00,0.000,0.000,0.000
1.2400000000000007,0.0,1.240,0,0.000,0.000,0.000,0.000,0.000,0.000,0.000,0.000,0.000,0.000,1.240,0.000,0.000,9.810,0.000,0.000,0.000,1013.250,15.000,0.000,45.0000000,-122.0000000,0.000,0.000,0.000,0.000,8,00:00:00,0.000,0.000,0.000
1.2600000000000007,0.0,1.260,0,0.000,0.000,0.000,0.000,0.000,0.000,0.000,0.000,0.000,0.000,1.260,0.000,0.000,9.810,0.000,0.000,0.000,1013.250,15.000,0.000,45.0000000,-122.0000000,0.000,0.000,0.000,0.000,8,00:00:00,0.000,0.000,0.000
1.2800000000000007,0.0,1.280,0,0.000,0.000,0.000,0.000,0.000,0.000,0.000,0.000,0.000,0.000,1.280,0.000,0.000,9.810,0.000,0.000,0.000,1013.250,15.000,0.000,45.0000000,-122.0000000,0.000,0.000,0.000,0.000,8,00:00:00,0.000,0.000,0.000
1.3000000000000007,0.0,1.300,0,0.000,0.000,0.000,0.000,0.000,0.000,0.000,0.000,0.000,0.000,1.300,0.000,0.000,9.810,0.000,0.000,0.000,1013.250,15.000,0.000,45.0000000,-122.0000000,0.000,0.000,0.000,0.000,8,00:00:00,0.000,0.000,0.000
1.3200000000000007,0.0,1.320,0,0.000,0.000,0.000,0.000,0.000,0.000,0.000,0.000,0.000,0.000,1.320,0.000,0.000,9.810,0.000,0.000,0.000,1013.250,15.000,0.000,45.0000000,-122.0000000,0.000,0.000,0.000,0.000,8,00:00:00,0.000,0.000,0.000
1.3400000000000007,0.0,1.340,0,0.000,0.000,0.000,0.000,0.000,0.000,0.000,0.000,0.000,0.000,1.340,0.000,0.000,9.810,0.000,0.000,0.000,1013.250,15.000,0.000,45.0000000,-122.0000000,0.000,0.000,0.000,0.000,8,00:00:00,0.000,0.000,0.000
1.3600000000000008,0.0,1.360,0,0.000,0.000,0.000,0.000,0.000,0.000,0.000,0.000,0.000,0.000,1.360,0.000,0.000,9.810,0.000,0.000,0.000,1013.250,15.000,0.000,45.0000000,-122.0000000,0.000,0.000,0.000,0.000,8,00:00:00,0.000,0.000,0.000
1.3800000000000008,0.0,1.380,0,0.000,0.000,0.000,0.000,0.000,0.000,0.000,0.000,0.000,0.000,1.380,0.000,0.000,9.810,0.000,0.000,0.000,1013.250,15.000,0.000,45.0000000,-122.0000000,0.000,0.000,0.000,0.000,8,00:00:00,0.000,0.000,0.000
1.4000000000000008,0.0,1.400,0,0.000,0.000,0.000,0.000,0.000,0.000,0.000,0.000,0.000,0.000,1.400,0.000,0.000,9.810,0.000,0.000,0.000,1013.250,15.000,0.000,45.0000000,-122.0000000,0.000,0.000,0.000,0.000,8,00:00:00,0.000,0.000,0.000
1.4200000000000008,0.0,1.420,0,0.000,0.000,0.000,0.000,0.000,0.000,0.000,0.000,0.000,0.000,1.420,0.000,0.000,9.810,0.000,0.000,0.000,1013.250,15.000,0.000,45.0000000,-122.0000000,0.000,0.000,0.000,0.000,8,00:00:00,0.000,0.000,0.000
1.4400000000000008,0.0,1.440,0,0.000,0.000,0.000,0.000,0.000,0.000,0.000,0.000,0.000,0.000,1.440,0.000,0.000,9.810,0.000,0.000,0.000,1013.250,15.000,0.000,45.0000000,-122.0000000,0.000,0.000,0.000,0.000,8,00:00:00,0.000,0.000,0.000
1.4600000000000009,0.0,1.460,0,0.000,0.000,0.000,0.000,0.000,0.000,0.000,0.000,0.000,0.000,1.460,0.000,0.000,9.810,0.000,0.000,0.000,1013.250,15.000,0.000,45.0000000,-122.0000000,0.000,0.000,0.000,0.000,8,00:00:00,0.000,0.000,0.000
1.4800000000000009,0.0,1.480,0,0.000,0.000,0.000,0.000,0.000,0.000,0.000,0.000,0.000,0.000,1.480,0.000,0.000,9.810,0.000,0.000,0.000,1013.250,15.000,0.000,45.0000000,-122.0000000,0.000,0.000,0.000,0.000,8,00:00:00,0.000,0.000,0.000
1.5000000000000009,0.0,1.500,0,0.000,0.000,0.000,0.000,0.000,0.000,0.000,0.000,0.000,0.000,1.500,0.000,0.000,9.810,0.000,0.000,0.000,1013.250,15.000,0.000,45.0000000,-122.0000000,0.000,0.000,0.000,0.000,8,00:00:00,0.000,0.000,0.000
1.520000000000001,0.0,1.520,0,0.000,0.000,0.000,0.000,0.000,0.000,0.000,0.000,0.000,0.000,1.520,0.000,0.000,9.810,0.000,0.000,0.000,1013.250,15.000,0.000,45.0000000,-122.0000000,0.000,0.000,0.000,0.000,8,00:00:00,0.000,0.000,0.000
1.540000000000001,0.0,1.540,0,0.000,0.000,0.000,0.000,0.000,0.000,0.000,0.000,0.000,0.000,1.540,0.000,0.000,9.810,0.000,0.000,0.000,1013.250,15.000,0.000,45.0000000,-122.0000000,0.000,0.000,0.000,0.000,8,00:00:00,0.000,0.000,0.000
1.560000000000001,0.0,1.560,0,0.000,0.000,0.000,0.000,0.000,0.000,0.000,0.000,0.000,0.000,1.560,0.000,0.000,9.810,0.000,0.000,0.000,1013.250,15.000,0.000,45.0000000,-122.0000000,0.000,0.000,0.000,0.000,8,00:00:00,0.000,0.000,0.000
1.580000000000001,0.0,1.580,0,0.000,0.000,0.000,0.000,0.000,0.000,0.000,0.000,0.000,0.000,1.580,0.000,0.000,9.810,0.000,0.000,0.000,1013.250,15.000,0.000,45.0000000,-122.0000000,0.000,0.000,0.000,0.000,8,00:00:00,0.000,0.000,0.000
1.600000000000001,0.0,1.600,0,0.000,0.000,0.000,0.000,0.000,0.000,0.000,0.000,0.000,0.000,1.600,0.000,0.000,9.810,0.000,0.000,0.000,1013.250,15.000,0.000,45.0000000,-122.0000000,0.000,0.000,0.000,0.000,8,00:00:00,0.000,0.000,0.000
1.620000000000001,0.0,1.620,0,0.000,0.000,0.000,0.000,0.000,0.000,0.000,0.000,0.000,0.000,1.620,0.000,0.000,9.810,0.000,0.000,0.000,1013.250,15.000,0.000,45.0000000,-122.0000000,0.000,0.000,0.000,0.000,8,00:00:00,0.000,0.000,0.000
1.640000000000001,0.0,1.640,0,0.000,0.000,0.000,0.000,0.000,0.000,0.000,0.000,0.000,0.000,1.640,0.000,0.000,9.810,0.000,0.000,0.000,1013.250,15.000,0.000,45.0000000,-122.0000000,0.000,0.000,0.000,0.000,8,00:00:00,0.000,0.000,0.000
1.660000000000001,0.0,1.660,0,0.000,0.000,0.000,0.000,0.000,0.000,0.000,0.000,0.000,0.000,1.660,0.000,0.000,9.810,0.000,0.000,0.000,1013.250,15.000,0.000,45.0000000,-122.0000000,0.000,0.000,0.000,0.000,8,00:00:00,0.000,0.000,0.000
1.680000000000001,0.0,1.680,0,0.000,0.000,0.000,0.000,0.000,0.000,0.000,0.000,0.000,0.000,1.680,0.000,0.000,9.810,0.000,0.000,0.000,1013.250,15.000,0.000,45.0000000,-122.0000000,0.000,0.000,0.000,0.000,8,00:00:00,0.000,0.000,0.000
1.700000000000001,0.0,1.700,0,0.000,0.000,0.000,0.000,0.000,0.000,0.000,0.000,0.000,0.000,1.700,0.000,0.000,9.810,0.000,0.000,0.000,1013.250,15.000,0.000,45.0000000,-122.0000000,0.000,0.000,0.000,0.000,8,00:00:00,0.000,0.000,0.000
1.720000000000001,0.0,1.720,0,0.000,0.000,0.000,0.000,0.000,0.000,0.000,0.000,0.000,0.000,1.720,0.000,0.000,9.810,0.000,0.000,0.000,1013.250,15.000,0.000,45.0000000,-122.0000000,0.000,0.000,0.000,0.000,8,00:00:00,0.000,0.000,0.000
1.740000000000001,0.0,1.740,0,0.000,0.000,0.000,0.000,0.000,0.000,0.000,0.000,0.000,0.000,1.740,0.000,0.000,9.810,0.000,0.000,0.000,1013.250,15.000,0.000,45.0000000,-122.0000000,0.000,0.000,0.000,0.000,8,00:00:00,0.000,0.000,0.000
1.7600000000000011,0.0,1.760,0,0.000,0.000,0.000,0.000,0.000,0.000,0.000,0.000,0.000,0.000,1.760,0.000,0.000,9.810,0.000,0.000,0.000,1013.250,15.000,0.000,45.0000000,-122.0000000,0.000,0.000,0.000,0.000,8,00:00:00,0.000,0.000,0.000
1.7800000000000011,0.0,1.780,0,0.000,0.000,0.000,0.000,0.000,0.000,0.000,0.000,0.000,0.000,1.780,0.000,0.000,9.810,0.000,0.000,0.000,1013.250,15.000,0.000,45.0000000,-122.0000000,0.000,0.000,0.000,0.000,8,00:00:00,0.000,0.000,0.000
1.8000000000000012,0.0,1.800,0,0.000,0.000,0.000,0.000,0.000,0.000,0.000,0.000,0.000,0.000,1.800,0.000,0.000,9.810,0.000,0.000,0.000,1013.250,15.000,0.000,45.0000000,-122.0000000,0.000,0.000,0.000,0.000,8,00:00:00,0.000,0.000,0.000
1.8200000000000012,0.0,1.820,0,0.000,0.000,0.000,0.000,0.000,0.000,0.000,0.000,0.000,0.000,1.820,0.000,0.000,9.810,0.000,0.000,0.000,1013.250,15.000,0.000,45.0000000,-122.0000000,0.000,0.000,0.000,0.000,8,00:00:00,0.000,0.000,0.000
1.8400000000000012,0.0,1.840,0,0.000,0.000,0.000,0.000,0.000,0.000,0.000,0.000,0.000,0.000,1.840,0.000,0.000,9.810,0.000,0.000,0.000,1013.250,15.000,0.000,45.0000000,-122.0000000,0.000,0.000,0.000,0.000,8,00:00:00,0.000,0.000,0.000
1.8600000000000012,0.0,1.860,0,0.000,0.000,0.000,0.000,0.000,0.000,0.000,0.000,0.000,0.000,1.860,0.000,0.000,9.810,0.000,0.000,0.000,1013.250,15.000,0.000,45.0000000,-122.0000000,0.000,0.000,0.000,0.000,8,00:00:00,0.000,0.000,0.000
1.8800000000000012,0.0,1.880,0,0.000,0.000,0.000,0.000,0.000,0.000,0.000,0.000,0.000,0.000,1.880,0.000,0.000,9.810,0.000,0.000,0.000,1013.250,15.000,0.000,45.0000000,-122.0000000,0.000,0.000,0.000,0.000,8,00:00:00,0.000,0.000,0.000
1.9000000000000012,0.0,1.900,0,0.000,0.000,0.000,0.000,0.000,0.000,0.000,0.000,0.000,0.000,1.900,0.000,0.000,9.810,0.000,0.000,0.000,1013.250,15.000,0.000,45.0000000,-122.0000000,0.000,0.000,0.000,0.000,8,00:00:00,0.000,0.000,0.000
1.9200000000000013,0.0,1.920,0,0.000,0.000,0.000,0.000,0.000,0.000,0.000,0.000,0.000,0.000,1.920,0.000,0.000,9.810,0.000,0.000,0.000,1013.250,15.000,0.000,45.0000000,-122.0000000,0.000,0.000,0.000,0.000,8,00:00:00,0.000,0.000,0.000
1.9400000000000013,0.0,1.940,0,0.000,0.000,0.000,0.000,0.000,0.000,0.000,0.000,0.000,0.000,1.940,0.000,0.000,9.810,0.000,0.000,0.000,1013.250,15.000,0.000,45.0000000,-122.0000000,0.000,0.000,0.000,0.000,8,00:00:00,0.000,0.000,0.000
1.9600000000000013,0.0,1.960,0,0.000,0.000,0.000,0.000,0.000,0.000,0.000,0.000,0.000,0.000,1.960,0.000,0.000,9.810,0.000,0.000,0.000,1013.250,15.000,0.000,45.0000000,-122.0000000,0.000,0.000,0.000,0.000,8,00:00:00,0.000,0.000,0.000
1.9800000000000013,0.0,1.980,0,0.000,0.000,0.000,0.000,0.000,0.000,0.000,0.000,0.000,0.000,1.980,0.000,0.000,9.810,0.000,0.000,0.000,1013.250,15.000,0.000,45.0000000,-122.0000000,0.000,0.000,0.000,0.000,8,00:00:00,0.000,0.000,0.000
2.0000000000000013,0.0,2.000,0,0.000,0.000,0.000,0.000,0.000,0.000,0.000,0.000,0.000,0.000,2.000,0.000,0.000,9.810,0.000,0.000,0.000,1013.250,15.000,0.000,45.0000000,-122.0000000,0.000,0.000,0.000,0.000,8,00:00:00,0.000,0.000,0.000
2.0200000000000014,0.0,2.020,0,0.000,0.000,0.000,0.000,0.000,0.000,0.000,0.000,0.000,0.000,2.020,0.000,0.000,9.810,0.000,0.000,0.000,1013.250,15.000,0.000,45.0000000,-122.0000000,0.000,0.000,0.000,0.000,8,00:00:00,0.000,0.000,0.000
2.0400000000000014,0.0,2.040,0,0.000,0.000,0.000,0.000,0.000,0.000,0.000,0.000,0.000,0.000,2.040,0.000,0.000,9.810,0.000,0.000,0.000,1013.250,15.000,0.000,45.0000000,-122.0000000,0.000,0.000,0.000,0.000,8,00:00:00,0.000,0.000,0.000
2.0600000000000014,0.0,2.060,0,0.000,0.000,0.000,0.000,0.000,0.000,0.000,0.000,0.000,0.000,2.060,0.000,0.000,9.810,0.000,0.000,0.000,1013.250,15.000,0.000,45.0000000,-122.0000000,0.000,0.000,0.000,0.000,8,00:00:00,0.000,0.000,0.000
2.0800000000000014,0.0,2.080,0,0.000,0.000,0.000,0.000,0.000,0.000,0.000,0.000,0.000,0.000,2.080,0.000,0.000,9.810,0.000,0.000,0.000,1013.250,15.000,0.000,45.0000000,-122.0000000,0.000,0.000,0.000,0.000,8,00:00:00,0.000,0.000,0.000
2.1000000000000014,0.0,2.100,0,0.000,0.000,0.000,0.000,0.000,0.000,0.000,0.000,0.000,0.000,2.100,0.000,0.000,9.810,0.000,0.000,0.000,1013.250,15.000,0.000,45.0000000,-122.0000000,0.000,0.000,0.000,0.000,8,00:00:00,0.000,0.000,0.000
2.1200000000000014,0.0,2.120,0,0.000,0.000,0.000,0.000,0.000,0.000,0.000,0.000,0.000,0.000,2.120,0.000,0.000,9.810,0.000,0.000,0.000,1013.250,15.000,0.000,45.0000000,-122.0000000,0.000,0.000,0.000,0.000,8,00:00:00,0.000,0.000,0.000
2.1400000000000015,0.0,2.140,0,0.000,0.000,0.000,0.000,0.000,0.000,0.000,0.000,0.000,0.000,2.140,0.000,0.000,9.810,0.000,0.000,0.000,1013.250,15.000,0.000,45.0000000,-122.0000000,0.000,0.000,0.000,0.000,8,00:00:00,0.000,0.000,0.000
2.1600000000000015,0.0,2.160,0,0.000,0.000,0.000,0.000,0.000,0.000,0.000,0.000,0.000,0.000,2.160,0.000,0.000,9.810,0.000,0.000,0.000,1013.250,15.000,0.000,45.0000000,-122.0000000,0.000,0.000,0.000,0.000,8,00:00:00,0.000,0.000,0.000
2.1800000000000015,0.0,2.180,0,0.000,0.000,0.000,0.000,0.000,0.000,0.000,0.000,0.000,0.000,2.180,0.000,0.000,9.810,0.000,0.000,0.000,1013.250,15.000,0.000,45.0000000,-122.0000000,0.000,0.000,0.000,0.000,8,00:00:00,0.000,0.000,0.000
2.2000000000000015,0.0,2.200,0,0.000,0.000,0.000,0.000,0.000,0.000,0.000,0.000,0.000,0.000,2.200,0.000,0.000,9.810,0.000,0.000,0.000,1013.250,15.000,0.000,45.0000000,-122.0000000,0.000,0.000,0.000,0.000,8,00:00:00,0.000,0.000,0.000
2.2200000000000015,0.0,2.220,0,0.000,0.000,0.000,0.000,0.000,0.000,0.000,0.000,0.000,0.000,2.220,0.000,0.000,9.810,0.000,0.000,0.000,1013.250,15.000,0.000,45.0000000,-122.0000000,0.000,0.000,0.000,0.000,8,00:00:00,0.000,0.000,0.000
2.2400000000000015,0.0,2.240,0,0.000,0.000,0.000,0.000,0.000,0.000,0.000,0.000,0.000,0.000,2.240,0.000,0.000,9.810,0.000,0.000,0.000,1013.250,15.000,0.000,45.0000000,-122.0000000,0.000,0.000,0.000,0.000,8,00:00:00,0.000,0.000,0.000
2.2600000000000016,0.0,2.260,0,0.000,0.000,0.000,0.000,0.000,0.000,0.000,0.000,0.000,0.000,2.260,0.000,0.000,9.810,0.000,0.000,0.000,1013.250,15.000,0.000,45.0000000,-122.0000000,0.000,0.000,0.000,0.000,8,00:00:00,0.000,0.000,0.000
2.2800000000000016,0.0,2.280,0,0.000,0.000,0.000,0.000,0.000,0.000,0.000,0.000,0.000,0.000,2.280,0.000,0.000,9.810,0.000,0.000,0.000,1013.250,15.000,0.000,45.0000000,-122.0000000,0.000,0.000,0.000,0.000,8,00:00:00,0.000,0.000,0.000
2.3000000000000016,0.0,2.300,0,0.000,0.000,0.000,0.000,0.000,0.000,0.000,0.000,0.000,0.000,2.300,0.000,0.000,9.810,0.000,0.000,0.000,1013.250,15.000,0.000,45.0000000,-122.0000000,0.000,0.000,0.000,0.000,8,00:00:00,0.000,0.000,0.000
2.3200000000000016,0.0,2.320,0,0.000,0.000,0.000,0.000,0.000,0.000,0.000,0.000,0.000,0.000,2.320,0.000,0.000,9.810,0.000,0.000,0.000,1013.250,15.000,0.000,45.0000000,-122.0000000,0.000,0.000,0.000,0.000,8,00:00:00,0.000,0.000,0.000
2.3400000000000016,0.0,2.340,0,0.000,0.000,0.000,0.000,0.000,0.000,0.000,0.000,0.000,0.000,2.340,0.000,0.000,9.810,0.000,0.000,0.000,1013.250,15.000,0.000,45.0000000,-122.0000000,0.000,0.000,0.000,0.000,8,00:00:00,0.000,0.000,0.000
2.3600000000000017,0.0,2.360,0,0.000,0.000,0.000,0.000,0.000,0.000,0.000,0.000,0.000,0.000,2.360,0.000,0.000,9.810,0.000,0.000,0.000,1013.250,15.000,0.000,45.0000000,-122.0000000,0.000,0.000,0.000,0.000,8,00:00:00,0.000,0.000,0.000
2.3800000000000017,0.0,2.380,0,0.000,0.000,0.000,0.000,0.000,0.000,0.000,0.000,0.000,0.000,2.380,0.000,0.000,9.810,0.000,0.000,0.000,1013.250,15.000,0.000,45.0000000,-122.0000000,0.000,0.000,0.000,0.000,8,00:00:00,0.000,0.000,0.000
2.4000000000000017,0.0,2.400,0,0.000,0.000,0.000,0.000,0.000,0.000,0.000,0.000,0.000,0.000,2.400,0.000,0.000,9.810,0.000,0.000,0.000,1013.250,15.000,0.000,45.0000000,-122.0000000,0.000,0.000,0.000,0.000,8,00:00:00,0.000,0.000,0.000
2.4200000000000017,0.0,2.420,0,0.000,0.000,0.000,0.000,0.000,0.000,0.000,0.000,0.000,0.000,2.420,0.000,0.000,9.810,0.000,0.000,0.000,1013.250,15.000,0.000,45.0000000,-122.0000000,0.000,0.000,0.000,0.000,8,00:00:00,0.000,0.000,0.000
2.4400000000000017,0.0,2.440,0,0.000,0.000,0.000,0.000,0.000,0.000,0.000,0.000,0.000,0.000,2.440,0.000,0.000,9.810,0.000,0.000,0.000,1013.250,15.000,0.000,45.0000000,-122.0000000,0.000,0.000,0.000,0.000,8,00:00:00,0.000,0.000,0.000
2.4600000000000017,0.0,2.460,0,0.000,0.000,0.000,0.000,0.000,0.000,0.000,0.000,0.000,0.000,2.460,0.000,0.000,9.810,0.000,0.000,0.000,1013.250,15.000,0.000,45.0000000,-122.0000000,0.000,0.000,0.000,0.000,8,00:00:00,0.000,0.000,0.000
2.4800000000000018,0.0,2.480,0,0.000,0.000,0.000,0.000,0.000,0.000,0.000,0.000,0.000,0.000,2.480,0.000,0.000,9.810,0.000,0.000,0.000,1013.250,15.000,0.000,45.0000000,-122.0000000,0.000,0.000,0.000,0.000,8,00:00:00,0.000,0.000,0.000
2.5000000000000018,0.0,2.500,0,0.000,0.000,0.000,0.000,0.000,0.000,0.000,0.000,0.000,0.000,2.500,0.000,0.000,9.810,0.000,0.000,0.000,1013.250,15.000,0.000,45.0000000,-122.0000000,0.000,0.000,0.000,0.000,8,00:00:00,0.000,0.000,0.000
2.520000000000002,0.0,2.520,0,0.000,0.000,0.000,0.000,0.000,0.000,0.000,0.000,0.000,0.000,2.520,0.000,0.000,9.810,0.000,0.000,0.000,1013.250,15.000,0.000,45.0000000,-122.0000000,0.000,0.000,0.000,0.000,8,00:00:00,0.000,0.000,0.000
2.540000000000002,0.0,2.540,0,0.000,0.000,0.000,0.000,0.000,0.000,0.000,0.000,0.000,0.000,2.540,0.000,0.000,9.810,0.000,0.000,0.000,1013.250,15.000,0.000,45.0000000,-122.0000000,0.000,0.000,0.000,0.000,8,00:00:00,0.000,0.000,0.000
2.560000000000002,0.0,2.560,0,0.000,0.000,0.000,0.000,0.000,0.000,0.000,0.000,0.000,0.000,2.560,0.000,0.000,9.810,0.000,0.000,0.000,1013.250,15.000,0.000,45.0000000,-122.0000000,0.000,0.000,0.000,0.000,8,00:00:00,0.000,0.000,0.000
2.580000000000002,0.0,2.580,0,0.000,0.000,0.000,0.000,0.000,0.000,0.000,0.000,0.000,0.000,2.580,0.000,0.000,9.810,0.000,0.000,0.000,1013.250,15.000,0.000,45.0000000,-122.0000000,0.000,0.000,0.000,0.000,8,00:00:00,0.000,0.000,0.000
2.600000000000002,0.0,2.600,0,0.000,0.000,0.000,0.000,0.000,0.000,0.000,0.000,0.000,0.000,2.600,0.000,0.000,9.810,0.000,0.000,0.000,1013.250,15.000,0.000,45.0000000,-122.0000000,0.000,0.000,0.000,0.000,8,00:00:00,0.000,0.000,0.000
2.620000000000002,0.0,2.620,0,0.000,0.000,0.000,0.000,0.000,0.000,0.000,0.000,0.000,0.000,2.620,0.000,0.000,9.810,0.000,0.000,0.000,1013.250,15.000,0.000,45.0000000,-122.0000000,0.000,0.000,0.000,0.000,8,00:00:00,0.000,0.000,0.000
2.640000000000002,0.0,2.640,0,0.000,0.000,0.000,0.000,0.000,0.000,0.000,0.000,0.000,0.000,2.640,0.000,0.000,9.810,0.000,0.000,0.000,1013.250,15.000,0.000,45.0000000,-122.0000000,0.000,0.000,0.000,0.000,8,00:00:00,0.000,0.000,0.000
2.660000000000002,0.0,2.660,0,0.000,0.000,0.000,0.000,0.000,0.000,0.000,0.000,0.000,0.000,2.660,0.000,0.000,9.810,0.000,0.000,0.000,1013.250,15.000,0.000,45.0000000,-122.0000000,0.000,0.000,0.000,0.000,8,00:00:00,0.000,0.000,0.000
2.680000000000002,0.0,2.680,0,0.000,0.000,0.000,0.000,0.000,0.000,0.000,0.000,0.000,0.000,2.680,0.000,0.000,9.810,0.000,0.000,0.000,1013.250,15.000,0.000,45.0000000,-122.0000000,0.000,0.000,0.000,0.000,8,00:00:00,0.000,0.000,0.000
2.700000000000002,0.0,2.700,0,0.000,0.000,0.000,0.000,0.000,0.000,0.000,0.000,0.000,0.000,2.700,0.000,0.000,9.810,0.000,0.000,0.000,1013.250,15.000,0.000,45.0000000,-122.0000000,0.000,0.000,0.000,0.000,8,00:00:00,0.000,0.000,0.000
2.720000000000002,0.0,2.720,0,0.000,0.000,0.000,0.000,0.000,0.000,0.000,0.000,0.000,0.000,2.720,0.000,0.000,9.810,0.000,0.000,0.000,1013.250,15.000,0.000,45.0000000,-122.0000000,0.000,0.000,0.000,0.000,8,00:00:00,0.000,0.000,0.000
2.740000000000002,0.0,2.740,0,0.000,0.000,0.000,0.000,0.000,0.000,0.000,0.000,0.000,0.000,2.740,0.000,0.000,9.810,0.000,0.000,0.000,1013.250,15.000,0.000,45.0000000,-122.0000000,0.000,0.000,0.000,0.000,8,00:00:00,0.000,0.000,0.000
2.760000000000002,0.0,2.760,0,0.000,0.000,0.000,0.000,0.000,0.000,0.000,0.000,0.000,0.000,2.760,0.000,0.000,9.810,0.000,0.000,0.000,1013.250,15.000,0.000,45.0000000,-122.0000000,0.000,0.000,0.000,0.000,8,00:00:00,0.000,0.000,0.000
2.780000000000002,0.0,2.780,0,0.000,0.000,0.000,0.000,0.000,0.000,0.000,0.000,0.000,0.000,2.780,0.000,0.000,9.810,0.000,0.000,0.000,1013.250,15.000,0.000,45.0000000,-122.0000000,0.000,0.000,0.000,0.000,8,00:00:00,0.000,0.000,0.000
2.800000000000002,0.0,2.800,0,0.000,0.000,0.000,0.000,0.000,0.000,0.000,0.000,0.000,0.000,2.800,0.000,0.000,9.810,0.000,0.000,0.000,1013.250,15.000,0.000,45.0000000,-122.0000000,0.000,0.000,0.000,0.000,8,00:00:00,0.000,0.000,0.000
2.820000000000002,0.0,2.820,0,0.000,0.000,0.000,0.000,0.000,0.000,0.000,0.000,0.000,0.000,2.820,0.000,0.000,9.810,0.000,0.000,0.000,1013.250,15.000,0.000,45.0000000,-122.0000000,0.000,0.000,0.000,0.000,8,00:00:00,0.000,0.000,0.000
2.840000000000002,0.0,2.840,0,0.000,0.000,0.000,0.000,0.000,0.000,0.000,0.000,0.000,0.000,2.840,0.000,0.000,9.810,0.000,0.000,0.000,1013.250,15.000,0.000,45.0000000,-122.0000000,0.000,0.000,0.000,0.000,8,00:00:00,0.000,0.000,0.000
2.860000000000002,0.0,2.860,0,0.000,0.000,0.000,0.000,0.000,0.000,0.000,0.000,0.000,0.000,2.860,0.000,0.000,9.810,0.000,0.000,0.000,1013.250,15.000,0.000,45.0000000,-122.0000000,0.000,0.000,0.000,0.000,8,00:00:00,0.000,0.000,0.000
2.880000000000002,0.0,2.880,0,0.000,0.000,0.000,0.000,0.000,0.000,0.000,0.000,0.000,0.000,2.880,0.000,0.000,9.810,0.000,0.000,0.000,1013.250,15.000,0.000,45.0000000,-122.0000000,0.000,0.000,0.000,0.000,8,00:00:00,0.000,0.000,0.000
2.900000000000002,0.0,2.900,0,0.000,0.000,0.000,0.000,0.000,0.000,0.000,0.000,0.000,0.000,2.900,0.000,0.000,9.810,0.000,0.000,0.000,1013.250,15.000,0.000,45.0000000,-122.0000000,0.000,0.000,0.000,0.000,8,00:00:00,0.000,0.000,0.000
2.920000000000002,0.0,2.920,0,0.000,0.000,0.000,0.000,0.000,0.000,0.000,0.000,0.000,0.000,2.920,0.000,0.000,9.810,0.000,0.000,0.000,1013.250,15.000,0.000,45.0000000,-122.0000000,0.000,0.000,0.000,0.000,8,00:00:00,0.000,0.000,0.000
2.940000000000002,0.0,2.940,0,0.000,0.000,0.000,0.000,0.000,0.000,0.000,0.000,0.000,0.000,2.940,0.000,0.000,9.810,0.000,0.000,0.000,1013.250,15.000,0.000,45.0000000,-122.0000000,0.000,0.000,0.000,0.000,8,00:00:00,0.000,0.000,0.000
2.960000000000002,0.0,2.960,0,0.000,0.000,0.000,0.000,0.000,0.000,0.000,0.000,0.000,0.000,2.960,0.000,0.000,9.810,0.000,0.000,0.000,1013.250,15.000,0.000,45.0000000,-122.0000000,0.000,0.000,0.000,0.000,8,00:00:00,0.000,0.000,0.000
2.980000000000002,0.0,2.980,0,0.000,0.000,0.000,0.000,0.000,0.000,0.000,0.000,0.000,0.000,2.980,0.000,0.000,9.810,0.000,0.000,0.000,1013.250,15.000,0.000,45.0000000,-122.0000000,0.000,0.000,0.000,0.000,8,00:00:00,0.000,0.000,0.000
3.000000000000002,0.0,3.000,0,0.000,0.000,0.000,0.000,0.000,0.000,0.000,0.000,0.000,0.000,3.000,0.000,0.000,9.810,0.000,0.000,0.000,1013.250,15.000,0.000,45.0000000,-122.0000000,0.000,0.000,0.000,0.000,8,00:00:00,0.000,0.000,0.000
3.0200000000000022,0.0,3.020,0,0.000,0.000,0.000,0.000,0.000,0.000,0.000,0.000,0.000,0.000,3.020,0.000,0.000,9.810,0.000,0.000,0.000,1013.250,15.000,0.000,45.0000000,-122.0000000,0.000,0.000,0.000,0.000,8,00:00:00,0.000,0.000,0.000
3.0400000000000023,0.0,3.040,0,0.000,0.000,0.000,0.000,0.000,0.000,0.000,0.000,0.000,0.000,3.040,0.000,0.000,9.810,0.000,0.000,0.000,1013.250,15.000,0.000,45.0000000,-122.0000000,0.000,0.000,0.000,0.000,8,00:00:00,0.000,0.000,0.000
3.0600000000000023,0.0,3.060,0,0.000,0.000,0.000,0.000,0.000,0.000,0.000,0.000,0.000,0.000,3.060,0.000,0.000,9.810,0.000,0.000,0.000,1013.250,15.000,0.000,45.0000000,-122.0000000,0.000,0.000,0.000,0.000,8,00:00:00,0.000,0.000,0.000
3.0800000000000023,0.0,3.080,0,0.000,0.000,0.000,0.000,0.000,0.000,0.000,0.000,0.000,0.000,3.080,0.000,0.000,9.810,0.000,0.000,0.000,1013.250,15.000,0.000,45.0000000,-122.0000000,0.000,0.000,0.000,0.000,8,00:00:00,0.000,0.000,0.000
3.1000000000000023,0.0,3.100,0,0.000,0.000,0.000,0.000,0.000,0.000,0.000,0.000,0.000,0.000,3.100,0.000,0.000,9.810,0.000,0.000,0.000,1013.250,15.000,0.000,45.0000000,-122.0000000,0.000,0.000,0.000,0.000,8,00:00:00,0.000,0.000,0.000
3.1200000000000023,0.0,3.120,0,0.000,0.000,0.000,0.000,0.000,0.000,0.000,0.000,0.000,0.000,3.120,0.000,0.000,9.810,0.000,0.000,0.000,1013.250,15.000,0.000,45.0000000,-122.0000000,0.000,0.000,0.000,0.000,8,00:00:00,0.000,0.000,0.000
3.1400000000000023,0.0,3.140,0,0.000,0.000,0.000,0.000,0.000,0.000,0.000,0.000,0.000,0.000,3.140,0.000,0.000,9.810,0.000,0.000,0.000,1013.250,15.000,0.000,45.0000000,-122.0000000,0.000,0.000,0.000,0.000,8,00:00:00,0.000,0.000,0.000
3.1600000000000024,0.0,3.160,0,0.000,0.000,0.000,0.000,0.000,0.000,0.000,0.000,0.000,0.000,3.160,0.000,0.000,9.810,0.000,0.000,0.000,1013.250,15.000,0.000,45.0000000,-122.0000000,0.000,0.000,0.000,0.000,8,00:00:00,0.000,0.000,0.000
3.1800000000000024,0.0,3.180,0,0.000,0.000,0.000,0.000,0.000,0.000,0.000,0.000,0.000,0.000,3.180,0.000,0.000,9.810,0.000,0.000,0.000,1013.250,15.000,0.000,45.0000000,-122.0000000,0.000,0.000,0.000,0.000,8,00:00:00,0.000,0.000,0.000
3.2000000000000024,0.0,3.200,0,0.000,0.000,0.000,0.000,0.000,0.000,0.000,0.000,0.000,0.000,3.200,0.000,0.000,9.810,0.000,0.000,0.000,1013.250,15.000,0.000,45.0000000,-122.0000000,0.000,0.000,0.000,0.000,8,00:00:00,0.000,0.000,0.000
3.2200000000000024,0.0,3.220,0,0.000,0.000,0.000,0.000,0.000,0.000,0.000,0.000,0.000,0.000,3.220,0.000,0.000,9.810,0.000,0.000,0.000,1013.250,15.000,0.000,45.0000000,-122.0000000,0.000,0.000,0.000,0.000,8,00:00:00,0.000,0.000,0.000
3.2400000000000024,0.0,3.240,0,0.000,0.000,0.000,0.000,0.000,0.000,0.000,0.000,0.000,0.000,3.240,0.000,0.000,9.810,0.000,0.000,0.000,1013.250,15.000,0.000,45.0000000,-122.0000000,0.000,0.000,0.000,0.000,8,00:00:00,0.000,0.000,0.000
3.2600000000000025,0.0,3.260,0,0.000,0.000,0.000,0.000,0.000,0.000,0.000,0.000,0.000,0.000,3.260,0.000,0.000,9.810,0.000,0.000,0.000,1013.250,15.000,0.000,45.0000000,-122.0000000,0.000,0.000,0.000,0.000,8,00:00:00,0.000,0.000,0.000
3.2800000000000025,0.0,3.280,0,0.000,0.000,0.000,0.000,0.000,0.000,0.000,0.000,0.000,0.000,3.280,0.000,0.000,9.810,0.000,0.000,0.000,1013.250,15.000,0.000,45.0000000,-122.0000000,0.000,0.000,0.000,0.000,8,00:00:00,0.000,0.000,0.000
3.3000000000000025,0.0,3.300,0,0.000,0.000,0.000,0.000,0.000,0.000,0.000,0.000,0.000,0.000,3.300,0.000,0.000,9.810,0.000,0.000,0.000,1013.250,15.000,0.000,45.0000000,-122.0000000,0.000,0.000,0.000,0.000,8,00:00:00,0.000,0.000,0.000
3.3200000000000025,0.0,3.320,0,0.000,0.000,0.000,0.000,0.000,0.000,0.000,0.000,0.000,0.000,3.320,0.000,0.000,9.810,0.000,0.000,0.000,1013.250,15.000,0.000,45.0000000,-122.0000000,0.000,0.000,0.000,0.000,8,00:00:00,0.000,0.000,0.000
3.3400000000000025,0.0,3.340,0,0.000,0.000,0.000,0.000,0.000,0.000,0.000,0.000,0.000,0.000,3.340,0.000,0.000,9.810,0.000,0.000,0.000,1013.250,15.000,0.000,45.0000000,-122.0000000,0.000,0.000,0.000,0.000,8,00:00:00,0.000,0.000,0.000
3.3600000000000025,0.0,3.360,0,0.000,0.000,0.000,0.000,0.000,0.000,0.000,0.000,0.000,0.000,3.360,0.000,0.000,9.810,0.000,0.000,0.000,1013.250,15.000,0.000,45.0000000,-122.0000000,0.000,0.000,0.000,0.000,8,00:00:00,0.000,0.000,0.000
3.3800000000000026,0.0,3.380,0,0.000,0.000,0.000,0.000,0.000,0.000,0.000,0.000,0.000,0.000,3.380,0.000,0.000,9.810,0.000,0.000,0.000,1013.250,15.000,0.000,45.0000000,-122.0000000,0.000,0.000,0.000,0.000,8,00:00:00,0.000,0.000,0.000
3.4000000000000026,0.0,3.400,0,0.000,0.000,0.000,0.000,0.000,0.000,0.000,0.000,0.000,0.000,3.400,0.000,0.000,9.810,0.000,0.000,0.000,1013.250,15.000,0.000,45.0000000,-122.0000000,0.000,0.000,0.000,0.000,8,00:00:00,0.000,0.000,0.000
3.4200000000000026,0.0,3.420,0,0.000,0.000,0.000,0.000,0.000,0.000,0.000,0.000,0.000,0.000,3.420,0.000,0.000,9.810,0.000,0.000,0.000,1013.250,15.000,0.000,45.0000000,-122.0000000,0.000,0.000,0.000,0.000,8,00:00:00,0.000,0.000,0.000
3.4400000000000026,0.0,3.440,0,0.000,0.000,0.000,0.000,0.000,0.000,0.000,0.000,0.000,0.000,3.440,0.000,0.000,9.810,0.000,0.000,0.000,1013.250,15.000,0.000,45.0000000,-122.0000000,0.000,0.000,0.000,0.000,8,00:00:00,0.000,0.000,0.000
3.4600000000000026,0.0,3.460,0,0.000,0.000,0.000,0.000,0.000,0.000,0.000,0.000,0.000,0.000,3.460,0.000,0.000,9.810,0.000,0.000,0.000,1013.250,15.000,0.000,45.0000000,-122.0000000,0.000,0.000,0.000,0.000,8,00:00:00,0.000,0.000,0.000
3.4800000000000026,0.0,3.480,0,0.000,0.000,0.000,0.000,0.000,0.000,0.000,0.000,0.000,0.000,3.480,0.000,0.000,9.810,0.000,0.000,0.000,1013.250,15.000,0.000,45.0000000,-122.0000000,0.000,0.000,0.000,0.000,8,00:00:00,0.000,0.000,0.000
3.5000000000000027,0.0,3.500,0,0.000,0.000,0.000,0.000,0.000,0.000,0.000,0.000,0.000,0.000,3.500,0.000,0.000,9.810,0.000,0.000,0.000,1013.250,15.000,0.000,45.0000000,-122.0000000,0.000,0.000,0.000,0.000,8,00:00:00,0.000,0.000,0.000
3.5200000000000027,0.0,3.520,0,0.000,0.000,0.000,0.000,0.000,0.000,0.000,0.000,0.000,0.000,3.520,0.000,0.000,9.810,0.000,0.000,0.000,1013.250,15.000,0.000,45.0000000,-122.0000000,0.000,0.000,0.000,0.000,8,00:00:00,0.000,0.000,0.000
3.5400000000000027,0.0,3.540,0,0.000,0.000,0.000,0.000,0.000,0.000,0.000,0.000,0.000,0.000,3.540,0.000,0.000,9.810,0.000,0.000,0.000,1013.250,15.000,0.000,45.0000000,-122.0000000,0.000,0.000,0.000,0.000,8,00:00:00,0.000,0.000,0.000
3.5600000000000027,0.0,3.560,0,0.000,0.000,0.000,0.000,0.000,0.000,0.000,0.000,0.000,0.000,3.560,0.000,0.000,9.810,0.000,0.000,0.000,1013.250,15.000,0.000,45.0000000,-122.0000000,0.000,0.000,0.000,0.000,8,00:00:00,0.000,0.000,0.000
3.5800000000000027,0.0,3.580,0,0.000,0.000,0.000,0.000,0.000,0.000,0.000,0.000,0.000,0.000,3.580,0.000,0.000,9.810,0.000,0.000,0.000,1013.250,15.000,0.000,45.0000000,-122.0000000,0.000,0.000,0.000,0.000,8,00:00:00,0.000,0.000,0.000
3.6000000000000028,0.0,3.600,0,0.000,0.000,0.000,0.000,0.000,0.000,0.000,0.000,0.000,0.000,3.600,0.000,0.000,9.810,0.000,0.000,0.000,1013.250,15.000,0.000,45.0000000,-122.0000000,0.000,0.000,0.000,0.000,8,00:00:00,0.000,0.000,0.000
3.6200000000000028,0.0,3.620,0,0.000,0.000,0.000,0.000,0.000,0.000,0.000,0.000,0.000,0.000,3.620,0.000,0.000,9.810,0.000,0.000,0.000,1013.250,15.000,0.000,45.0000000,-122.0000000,0.000,0.000,0.000,0.000,8,00:00:00,0.000,0.000,0.000
3.640000000000003,0.0,3.640,0,0.000,0.000,0.000,0.000,0.000,0.000,0.000,0.000,0.000,0.000,3.640,0.000,0.000,9.810,0.000,0.000,0.000,1013.250,15.000,0.000,45.0000000,-122.0000000,0.000,0.000,0.000,0.000,8,00:00:00,0.000,0.000,0.000
3.660000000000003,0.0,3.660,0,0.000,0.000,0.000,0.000,0.000,0.000,0.000,0.000,0.000,0.000,3.660,0.000,0.000,9.810,0.000,0.000,0.000,1013.250,15.000,0.000,45.0000000,-122.0000000,0.000,0.000,0.000,0.000,8,00:00:00,0.000,0.000,0.000
3.680000000000003,0.0,3.680,0,0.000,0.000,0.000,0.000,0.000,0.000,0.000,0.000,0.000,0.000,3.680,0.000,0.000,9.810,0.000,0.000,0.000,1013.250,15.000,0.000,45.0000000,-122.0000000,0.000,0.000,0.000,0.000,8,00:00:00,0.000,0.000,0.000
3.700000000000003,0.0,3.700,0,0.000,0.000,0.000,0.000,0.000,0.000,0.000,0.000,0.000,0.000,3.700,0.000,0.000,9.810,0.000,0.000,0.000,1013.250,15.000,0.000,45.0000000,-122.0000000,0.000,0.000,0.000,0.000,8,00:00:00,0.000,0.000,0.000
3.720000000000003,0.0,3.720,0,0.000,0.000,0.000,0.000,0.000,0.000,0.000,0.000,0.000,0.000,3.720,0.000,0.000,9.810,0.000,0.000,0.000,1013.250,15.000,0.000,45.0000000,-122.0000000,0.000,0.000,0.000,0.000,8,00:00:00,0.000,0.000,0.000
3.740000000000003,0.0,3.740,0,0.000,0.000,0.000,0.000,0.000,0.000,0.000,0.000,0.000,0.000,3.740,0.000,0.000,9.810,0.000,0.000,0.000,1013.250,15.000,0.000,45.0000000,-122.0000000,0.000,0.000,0.000,0.000,8,00:00:00,0.000,0.000,0.000
3.760000000000003,0.0,3.760,0,0.000,0.000,0.000,0.000,0.000,0.000,0.000,0.000,0.000,0.000,3.760,0.000,0.000,9.810,0.000,0.000,0.000,1013.250,15.000,0.000,45.0000000,-122.0000000,0.000,0.000,0.000,0.000,8,00:00:00,0.000,0.000,0.000
3.780000000000003,0.0,3.780,0,0.000,0.000,0.000,0.000,0.000,0.000,0.000,0.000,0.000,0.000,3.780,0.000,0.000,9.810,0.000,0.000,0.000,1013.250,15.000,0.000,45.0000000,-122.0000000,0.000,0.000,0.000,0.000,8,00:00:00,0.000,0.000,0.000
3.800000000000003,0.0,3.800,0,0.000,0.000,0.000,0.000,0.000,0.000,0.000,0.000,0.000,0.000,3.800,0.000,0.000,9.810,0.000,0.000,0.000,1013.250,15.000,0.000,45.0000000,-122.0000000,0.000,0.000,0.000,0.000,8,00:00:00,0.000,0.000,0.000
3.820000000000003,0.0,3.820,0,0.000,0.000,0.000,0.000,0.000,0.000,0.000,0.000,0.000,0.000,3.820,0.000,0.000,9.810,0.000,0.000,0.000,1013.250,15.000,0.000,45.0000000,-122.0000000,0.000,0.000,0.000,0.000,8,00:00:00,0.000,0.000,0.000
3.840000000000003,0.0,3.840,0,0.000,0.000,0.000,0.000,0.000,0.000,0.000,0.000,0.000,0.000,3.840,0.000,0.000,9.810,0.000,0.000,0.000,1013.250,15.000,0.000,45.0000000,-122.0000000,0.000,0.000,0.000,0.000,8,00:00:00,0.000,0.000,0.000
3.860000000000003,0.0,3.860,0,0.000,0.000,0.000,0.000,0.000,0.000,0.000,0.000,0.000,0.000,3.860,0.000,0.000,9.810,0.000,0.000,0.000,1013.250,15.000,0.000,45.0000000,-122.0000000,0.000,0.000,0.000,0.000,8,00:00:00,0.000,0.000,0.000
3.880000000000003,0.0,3.880,0,0.000,0.000,0.000,0.000,0.000,0.000,0.000,0.000,0.000,0.000,3.880,0.000,0.000,9.810,0.000,0.000,0.000,1013.250,15.000,0.000,45.0000000,-122.0000000,0.000,0.000,0.000,0.000,8,00:00:00,0.000,0.000,0.000
3.900000000000003,0.0,3.900,0,0.000,0.000,0.000,0.000,0.000,0.000,0.000,0.000,0.000,0.000,3.900,0.000,0.000,9.810,0.000,0.000,0.000,1013.250,15.000,0.000,45.0000000,-122.0000000,0.000,0.000,0.000,0.000,8,00:00:00,0.000,0.000,0.000
3.920000000000003,0.0,3.920,0,0.000,0.000,0.000,0.000,0.000,0.000,0.000,0.000,0.000,0.000,3.920,0.000,0.000,9.810,0.000,0.000,0.000,1013.250,15.000,0.000,45.0000000,-122.0000000,0.000,0.000,0.000,0.000,8,00:00:00,0.000,0.000,0.000
3.940000000000003,0.0,3.940,0,0.000,0.000,0.000,0.000,0.000,0.000,0.000,0.000,0.000,0.000,3.940,0.000,0.000,9.810,0.000,0.000,0.000,1013.250,15.000,0.000,45.0000000,-122.0000000,0.000,0.000,0.000,0.000,8,00:00:00,0.000,0.000,0.000
3.960000000000003,0.0,3.960,0,0.000,0.000,0.000,0.000,0.000,0.000,0.000,0.000,0.000,0.000,3.960,0.000,0.000,9.810,0.000,0.000,0.000,1013.250,15.000,0.000,45.0000000,-122.0000000,0.000,0.000,0.000,0.000,8,00:00:00,0.000,0.000,0.000
3.980000000000003,0.0,3.980,0,0.000,0.000,0.000,0.000,0.000,0.000,0.000,0.000,0.000,0.000,3.980,0.000,0.000,9.810,0.000,0.000,0.000,1013.250,15.000,0.000,45.0000000,-122.0000000,0.000,0.000,0.000,0.000,8,00:00:00,0.000,0.000,0.000
4.000000000000003,0.0,4.000,0,0.000,0.000,0.000,0.000,0.000,0.000,0.000,0.000,0.000,0.000,4.000,0.000,0.000,9.810,0.000,0.000,0.000,1013.250,15.000,0.000,45.0000000,-122.0000000,0.000,0.000,0.000,0.000,8,00:00:00,0.000,0.000,0.000
4.020000000000002,0.0,4.020,0,0.000,0.000,0.000,0.000,0.000,0.000,0.000,0.000,0.000,0.000,4.019,0.000,0.000,9.810,0.000,0.000,0.000,1013.250,15.000,0.000,45.0000000,-122.0000000,0.000,0.000,0.000,0.000,8,00:00:00,0.000,0.000,0.000
4.040000000000002,0.0,4.040,0,0.000,0.000,0.000,0.000,0.000,0.000,0.000,0.000,0.000,0.000,4.040,0.000,0.000,9.810,0.000,0.000,0.000,1013.250,15.000,0.000,45.0000000,-122.0000000,0.000,0.000,0.000,0.000,8,00:00:00,0.000,0.000,0.000
4.060000000000001,0.0,4.060,0,0.000,0.000,0.000,0.000,0.000,0.000,0.000,0.000,0.000,0.000,4.059,0.000,0.000,9.810,0.000,0.000,0.000,1013.250,15.000,0.000,45.0000000,-122.0000000,0.000,0.000,0.000,0.000,8,00:00:00,0.000,0.000,0.000
4.080000000000001,0.0,4.080,0,0.000,0.000,0.000,0.000,0.000,0.000,0.000,0.000,0.000,0.000,4.080,0.000,0.000,9.810,0.000,0.000,0.000,1013.250,15.000,0.000,45.0000000,-122.0000000,0.000,0.000,0.000,0.000,8,00:00:00,0.000,0.000,0.000
4.1000000000000005,0.0,4.100,0,0.000,0.000,0.000,0.000,0.000,0.000,0.000,0.000,0.000,0.000,4.100,0.000,0.000,9.810,0.000,0.000,0.000,1013.250,15.000,0.000,45.0000000,-122.0000000,0.000,0.000,0.000,0.000,8,00:00:00,0.000,0.000,0.000
4.12,0.0,4.120,0,0.000,0.000,0.000,0.000,0.000,0.000,0.000,0.000,0.000,0.000,4.120,0.000,0.000,9.810,0.000,0.000,0.000,1013.250,15.000,0.000,45.0000000,-122.0000000,0.000,0.000,0.000,0.000,8,00:00:00,0.000,0.000,0.000
4.14,0.0,4.140,0,0.000,0.000,0.000,0.000,0.000,0.000,0.000,0.000,0.000,0.000,4.140,0.000,0.000,9.810,0.000,0.000,0.000,1013.250,15.000,0.000,45.0000000,-122.0000000,0.000,0.000,0.000,0.000,8,00:00:00,0.000,0.000,0.000
4.159999999999999,0.0,4.160,0,0.000,0.000,0.000,0.000,0.000,0.000,0.000,0.000,0.000,0.000,4.160,0.000,0.000,9.810,0.000,0.000,0.000,1013.250,15.000,0.000,45.0000000,-122.0000000,0.000,0.000,0.000,0.000,8,00:00:00,0.000,0.000,0.000
4.179999999999999,0.0,4.180,0,0.000,0.000,0.000,0.000,0.000,0.000,0.000,0.000,0.000,0.000,4.180,0.000,0.000,9.810,0.000,0.000,0.000,1013.250,15.000,0.000,45.0000000,-122.0000000,0.000,0.000,0.000,0.000,8,00:00:00,0.000,0.000,0.000
4.199999999999998,0.0,4.200,0,0.000,0.000,0.000,0.000,0.000,0.000,0.000,0.000,0.000,0.000,4.200,0.000,0.000,9.810,0.000,0.000,0.000,1013.250,15.000,0.000,45.0000000,-122.0000000,0.000,0.000,0.000,0.000,8,00:00:00,0.000,0.000,0.000
4.219999999999998,0.0,4.220,0,0.000,0.000,0.000,0.000,0.000,0.000,0.000,0.000,0.000,0.000,4.220,0.000,0.000,9.810,0.000,0.000,0.000,1013.250,15.000,0.000,45.0000000,-122.0000000,0.000,0.000,0.000,0.000,8,00:00:00,0.000,0.000,0.000
4.2399999999999975,0.0,4.240,0,0.000,0.000,0.000,0.000,0.000,0.000,0.000,0.000,0.000,0.000,4.240,0.000,0.000,9.810,0.000,0.000,0.000,1013.250,15.000,0.000,45.0000000,-122.0000000,0.000,0.000,0.000,0.000,8,00:00:00,0.000,0.000,0.000
4.259999999999997,0.0,4.260,0,0.000,0.000,0.000,0.000,0.000,0.000,0.000,0.000,0.000,0.000,4.260,0.000,0.000,9.810,0.000,0.000,0.000,1013.250,15.000,0.000,45.0000000,-122.0000000,0.000,0.000,0.000,0.000,8,00:00:00,0.000,0.000,0.000
4.279999999999997,0.0,4.280,0,0.000,0.000,0.000,0.000,0.000,0.000,0.000,0.000,0.000,0.000,4.280,0.000,0.000,9.810,0.000,0.000,0.000,1013.250,15.000,0.000,45.0000000,-122.0000000,0.000,0.000,0.000,0.000,8,00:00:00,0.000,0.000,0.000
4.299999999999996,0.0,4.300,0,0.000,0.000,0.000,0.000,0.000,0.000,0.000,0.000,0.000,0.000,4.300,0.000,0.000,9.810,0.000,0.000,0.000,1013.250,15.000,0.000,45.0000000,-122.0000000,0.000,0.000,0.000,0.000,8,00:00:00,0.000,0.000,0.000
4.319999999999996,0.0,4.320,0,0.000,0.000,0.000,0.000,0.000,0.000,0.000,0.000,0.000,0.000,4.320,0.000,0.000,9.810,0.000,0.000,0.000,1013.250,15.000,0.000,45.0000000,-122.0000000,0.000,0.000,0.000,0.000,8,00:00:00,0.000,0.000,0.000
4.339999999999995,0.0,4.340,0,0.000,0.000,0.000,0.000,0.000,0.000,0.000,0.000,0.000,0.000,4.340,0.000,0.000,9.810,0.000,0.000,0.000,1013.250,15.000,0.000,45.0000000,-122.0000000,0.000,0.000,0.000,0.000,8,00:00:00,0.000,0.000,0.000
4.359999999999995,0.0,4.360,0,0.000,0.000,0.000,0.000,0.000,0.000,0.000,0.000,0.000,0.000,4.360,0.000,0.000,9.810,0.000,0.000,0.000,1013.250,15.000,0.000,45.0000000,-122.0000000,0.000,0.000,0.000,0.000,8,00:00:00,0.000,0.000,0.000
4.379999999999995,0.0,4.380,0,0.000,0.000,0.000,0.000,0.000,0.000,0.000,0.000,0.000,0.000,4.380,0.000,0.000,9.810,0.000,0.000,0.000,1013.250,15.000,0.000,45.0000000,-122.0000000,0.000,0.000,0.000,0.000,8,00:00:00,0.000,0.000,0.000
4.399999999999994,0.0,4.400,0,0.000,0.000,0.000,0.000,0.000,0.000,0.000,0.000,0.000,0.000,4.400,0.000,0.000,9.810,0.000,0.000,0.000,1013.250,15.000,0.000,45.0000000,-122.0000000,0.000,0.000,0.000,0.000,8,00:00:00,0.000,0.000,0.000
4.419999999999994,0.0,4.420,0,0.000,0.000,0.000,0.000,0.000,0.000,0.000,0.000,0.000,0.000,4.420,0.000,0.000,9.810,0.000,0.000,0.000,1013.250,15.000,0.000,45.0000000,-122.0000000,0.000,0.000,0.000,0.000,8,00:00:00,0.000,0.000,0.000
4.439999999999993,0.0,4.440,0,0.000,0.000,0.000,0.000,0.000,0.000,0.000,0.000,0.000,0.000,4.440,0.000,0.000,9.810,0.000,0.000,0.000,1013.250,15.000,0.000,45.0000000,-122.0000000,0.000,0.000,0.000,0.000,8,00:00:00,0.000,0.000,0.000
4.459999999999993,0.0,4.460,0,0.000,0.000,0.000,0.000,0.000,0.000,0.000,0.000,0.000,0.000,4.460,0.000,0.000,9.810,0.000,0.000,0.000,1013.250,15.000,0.000,45.0000000,-122.0000000,0.000,0.000,0.000,0.000,8,00:00:00,0.000,0.000,0.000
4.479999999999992,0.0,4.480,0,0.000,0.000,0.000,0.000,0.000,0.000,0.000,0.000,0.000,0.000,4.480,0.000,0.000,9.810,0.000,0.000,0.000,1013.250,15.000,0.000,45.0000000,-122.0000000,0.000,0.000,0.000,0.000,8,00:00:00,0.000,0.000,0.000
4.499999999999992,0.0,4.500,0,0.000,0.000,0.000,0.000,0.000,0.000,0.000,0.000,0.000,0.000,4.500,0.000,0.000,9.810,0.000,0.000,0.000,1013.250,15.000,0.000,45.0000000,-122.0000000,0.000,0.000,0.000,0.000,8,00:00:00,0.000,0.000,0.000
4.519999999999992,0.0,4.520,0,0.000,0.000,0.000,0.000,0.000,0.000,0.000,0.000,0.000,0.000,4.520,0.000,0.000,9.810,0.000,0.000,0.000,1013.250,15.000,0.000,45.0000000,-122.0000000,0.000,0.000,0.000,0.000,8,00:00:00,0.000,0.000,0.000
4.539999999999991,0.0,4.540,0,0.000,0.000,0.000,0.000,0.000,0.000,0.000,0.000,0.000,0.000,4.540,0.000,0.000,9.810,0.000,0.000,0.000,1013.250,15.000,0.000,45.0000000,-122.0000000,0.000,0.000,0.000,0.000,8,00:00:00,0.000,0.000,0.000
4.559999999999991,0.0,4.560,0,0.000,0.000,0.000,0.000,0.000,0.000,0.000,0.000,0.000,0.000,4.560,0.000,0.000,9.810,0.000,0.000,0.000,1013.250,15.000,0.000,45.0000000,-122.0000000,0.000,0.000,0.000,0.000,8,00:00:00,0.000,0.000,0.000
4.57999999999999,0.0,4.580,0,0.000,0.000,0.000,0.000,0.000,0.000,0.000,0.000,0.000,0.000,4.580,0.000,0.000,9.810,0.000,0.000,0.000,1013.250,15.000,0.000,45.0000000,-122.0000000,0.000,0.000,0.000,0.000,8,00:00:00,0.000,0.000,0.000
4.59999999999999,0.0,4.600,0,0.000,0.000,0.000,0.000,0.000,0.000,0.000,0.000,0.000,0.000,4.600,0.000,0.000,9.810,0.000,0.000,0.000,1013.250,15.000,0.000,45.0000000,-122.0000000,0.000,0.000,0.000,0.000,8,00:00:00,0.000,0.000,0.000
4.6199999999999894,0.0,4.620,0,0.000,0.000,0.000,0.000,0.000,0.000,0.000,0.000,0.000,0.000,4.620,0.000,0.000,9.810,0.000,0.000,0.000,1013.250,15.000,0.000,45.0000000,-122.0000000,0.000,0.000,0.000,0.000,8,00:00:00,0.000,0.000,0.000
4.639999999999989,0.0,4.640,0,0.000,0.000,0.000,0.000,0.000,0.000,0.000,0.000,0.000,0.000,4.640,0.000,0.000,9.810,0.000,0.000,0.000,1013.250,15.000,0.000,45.0000000,-122.0000000,0.000,0.000,0.000,0.000,8,00:00:00,0.000,0.000,0.000
4.659999999999989,0.0,4.660,0,0.000,0.000,0.000,0.000,0.000,0.000,0.000,0.000,0.000,0.000,4.660,0.000,0.000,9.810,0.000,0.000,0.000,1013.250,15.000,0.000,45.0000000,-122.0000000,0.000,0.000,0.000,0.000,8,00:00:00,0.000,0.000,0.000
4.679999999999988,0.0,4.680,0,0.000,0.000,0.000,0.000,0.000,0.000,0.000,0.000,0.000,0.000,4.680,0.000,0.000,9.810,0.000,0.000,0.000,1013.250,15.000,0.000,45.0000000,-122.0000000,0.000,0.000,0.000,0.000,8,00:00:00,0.000,0.000,0.000
4.699999999999988,0.0,4.700,0,0.000,0.000,0.000,0.000,0.000,0.000,0.000,0.000,0.000,0.000,4.700,0.000,0.000,9.810,0.000,0.000,0.000,1013.250,15.000,0.000,45.0000000,-122.0000000,0.000,0.000,0.000,0.000,8,00:00:00,0.000,0.000,0.000
4.719999999999987,0.0,4.720,0,0.000,0.000,0.000,0.000,0.000,0.000,0.000,0.000,0.000,0.000,4.720,0.000,0.000,9.810,0.000,0.000,0.000,1013.250,15.000,0.000,45.0000000,-122.0000000,0.000,0.000,0.000,0.000,8,00:00:00,0.000,0.000,0.000
4.739999999999987,0.0,4.740,0,0.000,0.000,0.000,0.000,0.000,0.000,0.000,0.000,0.000,0.000,4.740,0.000,0.000,9.810,0.000,0.000,0.000,1013.250,15.000,0.000,45.0000000,-122.0000000,0.000,0.000,0.000,0.000,8,00:00:00,0.000,0.000,0.000
4.7599999999999865,0.0,4.760,0,0.000,0.000,0.000,0.000,0.000,0.000,0.000,0.000,0.000,0.000,4.760,0.000,0.000,9.810,0.000,0.000,0.000,1013.250,15.000,0.000,45.0000000,-122.0000000,0.000,0.000,0.000,0.000,8,00:00:00,0.000,0.000,0.000
4.779999999999986,0.0,4.780,0,0.000,0.000,0.000,0.000,0.000,0.000,0.000,0.000,0.000,0.000,4.780,0.000,0.000,9.810,0.000,0.000,0.000,1013.250,15.000,0.000,45.0000000,-122.0000000,0.000,0.000,0.000,0.000,8,00:00:00,0.000,0.000,0.000
4.799999999999986,0.0,4.800,0,0.000,0.000,0.000,0.000,0.000,0.000,0.000,0.000,0.000,0.000,4.800,0.000,0.000,9.810,0.000,0.000,0.000,1013.250,15.000,0.000,45.0000000,-122.0000000,0.000,0.000,0.000,0.000,8,00:00:00,0.000,0.000,0.000
4.819999999999985,0.0,4.820,0,0.000,0.000,0.000,0.000,0.000,0.000,0.000,0.000,0.000,0.000,4.820,0.000,0.000,9.810,0.000,0.000,0.000,1013.250,15.000,0.000,45.0000000,-122.0000000,0.000,0.000,0.000,0.000,8,00:00:00,0.000,0.000,0.000
4.839999999999985,0.0,4.840,0,0.000,0.000,0.000,0.000,0.000,0.000,0.000,0.000,0.000,0.000,4.840,0.000,0.000,9.810,0.000,0.000,0.000,1013.250,15.000,0.000,45.0000000,-122.0000000,0.000,0.000,0.000,0.000,8,00:00:00,0.000,0.000,0.000
4.859999999999984,0.0,4.860,0,0.000,0.000,0.000,0.000,0.000,0.000,0.000,0.000,0.000,0.000,4.860,0.000,0.000,9.810,0.000,0.000,0.000,1013.250,15.000,0.000,45.0000000,-122.0000000,0.000,0.000,0.000,0.000,8,00:00:00,0.000,0.000,0.000
4.879999999999984,0.0,4.880,0,0.000,0.000,0.000,0.000,0.000,0.000,0.000,0.000,0.000,0.000,4.880,0.000,0.000,9.810,0.000,0.000,0.000,1013.250,15.000,0.000,45.0000000,-122.0000000,0.000,0.000,0.000,0.000,8,00:00:00,0.000,0.000,0.000
4.8999999999999835,0.0,4.900,0,0.000,0.000,0.000,0.000,0.000,0.000,0.000,0.000,0.000,0.000,4.900,0.000,0.000,9.810,0.000,0.000,0.000,1013.250,15.000,0.000,45.0000000,-122.0000000,0.000,0.000,0.000,0.000,8,00:00:00,0.000,0.000,0.000
4.919999999999983,0.0,4.920,0,0.000,0.000,0.000,0.000,0.000,0.000,0.000,0.000,0.000,0.000,4.920,0.000,0.000,9.810,0.000,0.000,0.000,1013.250,15.000,0.000,45.0000000,-122.0000000,0.000,0.000,0.000,0.000,8,00:00:00,0.000,0.000,0.000
4.939999999999983,0.0,4.940,0,0.000,0.000,0.000,0.000,0.000,0.000,0.000,0.000,0.000,0.000,4.940,0.000,0.000,9.810,0.000,0.000,0.000,1013.250,15.000,0.000,45.0000000,-122.0000000,0.000,0.000,0.000,0.000,8,00:00:00,0.000,0.000,0.000
4.959999999999982,0.0,4.960,0,0.000,0.000,0.000,0.000,0.000,0.000,0.000,0.000,0.000,0.000,4.960,0.000,0.000,9.810,0.000,0.000,0.000,1013.250,15.000,0.000,45.0000000,-122.0000000,0.000,0.000,0.000,0.000,8,00:00:00,0.000,0.000,0.000
4.979999999999982,0.0,4.980,0,0.000,0.000,0.000,0.000,0.000,0.000,0.000,0.000,0.000,0.000,4.980,0.000,0.000,9.810,0.000,0.000,0.000,1013.250,15.000,0.000,45.0000000,-122.0000000,0.000,0.000,0.000,0.000,8,00:00:00,0.000,0.000,0.000
4.999999999999981,0.0,5.000,0,0.000,0.000,0.000,0.000,0.000,0.000,0.000,0.000,0.000,0.000,5.000,0.000,0.000,9.810,0.000,0.000,0.000,1013.250,15.000,0.000,45.0000000,-122.0000000,0.000,0.000,0.000,0.000,8,00:00:00,0.000,0.000,0.000
5.011,0.0009144000000000001,5.011,0,0.000,0.000,0.003,0.000,0.000,0.545,0.000,0.000,49.576,0.000,5.011,0.000,0.000,59.386,0.000,0.000,0.000,1013.250,15.000,0.000,45.0000000,-122.0000000,0.000,0.000,0.000,0.000,8,00:00:00,0.000,0.000,0.000
5.021,0.0057912,5.021,0,0.000,0.000,0.011,0.000,0.000,1.043,0.000,0.000,49.790,0.000,5.021,0.000,0.000,59.600,0.000,0.000,0.000,1013.250,15.000,0.000,45.0000000,-122.0000000,0.010,0.000,0.000,0.000,8,00:00:00,0.000,0.000,0.000
5.031,0.0155448,5.031,0,0.000,0.000,0.023,0.000,0.000,1.543,0.000,0.000,50.005,0.000,5.031,0.000,0.000,59.815,0.000,0.000,0.000,1013.250,15.000,0.000,45.0000000,-122.0000000,0.020,0.000,0.000,0.000,8,00:00:00,0.000,0.000,0.000
5.041,0.030175200000000003,5.041,0,0.000,0.000,0.040,0.000,0.000,2.045,0.000,0.000,50.219,0.000,5.041,0.000,0.000,60.029,0.000,0.000,0.000,1013.250,15.000,0.000,45.0000000,-122.0000000,0.030,0.000,0.000,0.000,8,00:00:00,0.000,0.000,0.000
5.051,0.050292,5.051,0,0.000,0.000,0.064,0.000,0.000,2.549,0.000,0.000,50.432,0.000,5.051,0.000,0.000,60.242,0.000,0.000,0.000,1013.240,15.000,0.083,45.0000000,-122.0000000,0.050,0.000,0.000,0.000,8,00:00:00,0.000,0.000,0.000
5.055,0.059436,5.055,0,0.000,0.000,0.075,0.000,0.000,2.752,0.000,0.000,50.518,0.000,5.055,0.000,0.000,60.328,0.000,0.000,0.000,1013.240,15.000,0.083,45.0000000,-122.0000000,0.060,0.000,0.000,0.000,8,00:00:00,0.000,0.000,0.000
5.061,0.0749808,5.061,0,0.000,0.000,0.092,0.000,0.000,3.053,0.000,0.000,50.258,0.000,5.061,0.000,0.000,60.068,0.000,0.000,0.000,1013.240,15.000,0.083,45.0000000,-122.0000000,0.070,0.000,0.000,0.000,8,00:00:00,0.000,0.000,0.000
5.07,0.10180320000000001,5.070,0,0.000,0.000,0.121,0.000,0.000,3.502,0.000,0.000,49.869,0.000,5.070,0.000,0.000,59.679,0.000,0.000,0.000,1013.240,15.000,0.083,45.0000000,-122.0000000,0.100,0.000,0.000,0.000,8,00:00:00,0.000,0.000,0.000
5.08,0.13624560000000002,5.080,0,0.000,0.000,0.158,0.000,0.000,3.996,0.000,0.000,49.435,0.000,5.080,0.000,0.000,59.245,0.000,0.000,0.000,1013.230,15.000,0.166,45.0000000,-122.0000000,0.140,0.000,0.000,0.000,8,00:00:00,0.000,0.000,0.000
5.089,0.17129760000000002,5.089,0,0.000,0.000,0.196,0.000,0.000,4.437,0.000,0.000,49.045,0.000,5.089,0.000,0.000,58.855,0.000,0.000,0.000,1013.230,15.000,0.166,45.0000000,-122.0000000,0.170,0.000,0.000,0.000,8,00:00:00,0.000,0.000,0.000
5.099,0.21518879999999999,5.099,0,0.000,0.000,0.241,0.000,0.000,4.933,0.000,0.000,49.622,0.000,5.099,0.000,0.000,59.432,0.000,0.000,0.000,1013.230,15.000,0.166,45.0000000,-122.0000000,0.220,0.000,0.000,0.000,8,00:00:00,0.000,0.000,0.000
5.109,0.2639568,5.109,0,0.000,0.000,0.293,0.000,0.000,5.435,0.000,0.000,50.199,0.000,5.109,0.000,0.000,60.009,0.000,0.000,0.000,1013.220,15.000,0.250,45.0000000,-122.0000000,0.260,0.000,0.000,0.000,8,00:00:00,0.000,0.000,0.000
5.119,0.31760160000000004,5.119,1,0.000,0.000,0.349,0.000,0.000,5.942,0.000,0.000,50.776,0.000,0.000,0.000,0.000,60.586,0.000,0.000,0.000,1013.210,15.000,0.333,45.0000000,-122.0000000,0.320,0.000,0.000,0.000,8,00:00:00,0.000,0.000,0.000
5.129,0.37642800000000004,5.129,1,0.000,0.000,0.410,0.000,0.000,6.455,0.000,0.000,51.353,0.000,0.010,0.000,0.000,61.163,0.000,0.000,0.000,1013.210,15.000,0.333,45.0000000,-122.0000000,0.380,0.000,0.000,0.000,8,00:00:00,0.000,0.000,0.000
5.139,0.44043600000000005,5.139,1,0.000,0.000,0.476,0.000,0.000,6.974,0.000,0.000,51.930,0.000,0.020,0.000,0.000,61.740,0.000,0.000,0.000,1013.200,15.000,0.416,45.0000000,-122.0000000,0.440,0.000,0.000,0.000,8,00:00:00,0.000,0.000,0.000
5.149,0.5096256,5.149,1,0.000,0.000,0.548,0.000,0.000,7.499,0.000,0.000,52.508,0.000,0.030,0.000,0.000,62.318,0.000,0.000,0.000,1013.190,15.000,0.499,45.0000000,-122.0000000,0.510,0.000,0.000,0.000,8,00:00:00,0.000,0.000,0.000
5.155,0.5535168,5.155,1,0.000,0.000,0.594,0.000,0.000,7.816,0.000,0.000,52.855,0.000,0.036,0.000,0.000,62.665,0.000,0.000,0.000,1013.180,15.000,0.582,45.0000000,-122.0000000,0.550,0.000,0.000,0.000,8,00:00:00,0.000,0.000,0.000
5.164,0.623316,5.164,1,0.000,0.000,0.665,0.000,0.000,8.292,0.000,0.000,52.957,0.000,0.045,0.000,0.000,62.767,0.000,0.000,0.000,1013.180,15.000,0.582,45.0000000,-122.0000000,0.620,0.000,0.000,0.000,8,00:00:00,0.000,0.000,0.000
5.174,0.705612,5.174,1,0.000,0.000,0.749,0.000,0.000,8.823,0.000,0.000,53.070,0.000,0.055,0.000,0.000,62.880,0.000,0.000,0.000,1013.170,15.000,0.666,45.0000000,-122.0000000,0.710,0.000,0.000,0.000,8,00:00:00,0.000,0.000,0.000
5.184,0.7930896,5.184,1,0.000,0.000,0.839,0.000,0.000,9.354,0.000,0.000,53.183,0.000,0.065,0.000,0.000,62.993,0.000,0.000,0.000,1013.160,14.990,0.749,45.0000000,-122.0000000,0.790,0.000,0.000,0.000,8,00:00:00,0.000,0.000,0.000
5.194,0.8860536000000001,5.194,1,0.000,0.000,0.933,0.000,0.000,9.886,0.000,0.000,53.296,0.000,0.075,0.000,0.000,63.106,0.000,0.000,0.000,1013.150,14.990,0.832,45.0000000,-122.0000000,0.890,0.000,0.000,0.000,8,00:00:00,0.000,0.000,0.000
5.2,0.9445752000000001,5.200,1,0.000,0.000,0.993,0.000,0.000,10.206,0.000,0.000,53.363,0.000,0.081,0.000,0.000,63.173,0.000,0.000,0.000,1013.140,14.990,0.915,45.0000000,-122.0000000,0.940,0.000,0.000,0.000,8,00:00:00,0.000,0.000,0.000
5.209,1.0357104000000001,5.209,1,0.000,0.000,1.085,0.000,0.000,10.686,0.000,0.000,53.417,0.000,0.090,0.000,0.000,63.227,0.000,0.000,0.000,1013.130,14.990,0.999,45.0000000,-122.0000000,1.040,0.000,0.000,0.000,8,00:00:00,0.000,0.000,0.000
5.219,1.1420856,5.219,1,0.000,0.000,1.193,0.000,0.000,11.221,0.000,0.000,53.477,0.000,0.100,0.000,0.000,63.287,0.000,0.000,0.000,1013.120,14.990,1.082,45.0000000,-122.0000000,1.140,0.000,0.000,0.000,8,00:00:00,0.000,0.000,0.000
5.229,1.2536424000000002,5.229,1,0.000,0.000,1.307,0.000,0.000,11.756,0.000,0.000,53.536,0.000,0.110,0.000,0.000,63.346,0.000,0.000,0.000,1013.100,14.990,1.248,45.0000000,-122.0000000,1.250,0.000,0.000,0.000,8,00:00:00,0.000,0.000,0.000
5.239,1.3706856,5.239,1,0.000,0.000,1.426,0.000,0.000,12.291,0.000,0.000,53.596,0.000,0.120,0.000,0.000,63.406,0.000,0.000,0.000,1013.090,14.990,1.331,45.0000000,-122.0000000,1.370,0.000,0.000,0.000,8,00:00:00,0.000,0.000,0.000
5.249,1.4929104,5.249,1,0.000,0.000,1.550,0.000,0.000,12.827,0.000,0.000,53.655,0.000,0.130,0.000,0.000,63.465,0.000,0.000,0.000,1013.080,14.990,1.415,45.0000000,-122.0000000,1.490,0.000,0.000,0.000,8,00:00:00,0.000,0.000,0.000
5.259,1.6206216000000002,5.259,1,0.000,0.000,1.679,0.000,0.000,13.364,0.000,0.000,53.714,0.000,0.140,0.000,0.000,63.524,0.000,0.000,0.000,1013.060,14.990,1.581,45.0000000,-122.0000000,1.620,0.000,0.000,0.000,8,00:00:00,0.000,0.000,0.000
5.269,1.7538192,5.269,1,0.000,0.000,1.815,0.000,0.000,13.901,0.000,0.000,53.773,0.000,0.150,0.000,0.000,63.583,0.000,0.000,0.000,1013.040,14.990,1.748,45.0000000,-122.0000000,1.750,0.000,0.000,0.000,8,00:00:00,0.000,0.000,0.000
5.279,1.8925032,5.279,1,0.000,0.000,1.955,0.000,0.000,14.439,0.000,0.000,53.832,0.000,0.160,0.000,0.000,63.642,0.000,0.000,0.000,1013.030,14.990,1.831,45.0000000,-122.0000000,1.890,0.000,0.000,0.000,8,00:00:00,0.000,0.000,0.000
5.289,2.0363688,5.289,1,0.000,0.000,2.100,0.000,0.000,14.977,0.000,0.000,53.891,0.000,0.170,0.000,0.000,63.701,0.000,0.000,0.000,1013.010,14.990,1.997,45.0000000,-122.0000000,2.040,0.000,0.000,0.000,8,00:00:00,0.000,0.000,0.000
5.3,2.200656,5.300,1,0.000,0.000,2.267,0.000,0.000,15.570,0.000,0.000,53.955,0.000,0.181,0.000,0.000,63.765,0.000,0.000,0.000,1012.990,14.990,2.164,45.0000000,-122.0000000,2.200,0.000,0.000,0.000,8,00:00:00,0.000,0.000,0.000
5.31,2.3557992000000003,5.310,1,0.000,0.000,2.424,0.000,0.000,16.110,0.000,0.000,54.036,0.000,0.191,0.000,0.000,63.846,0.000,0.000,0.000,1012.970,14.980,2.330,45.0000000,-122.0000000,2.360,0.000,0.000,0.000,8,00:00:00,0.000,0.000,0.000
5.32,2.5164288000000004,5.320,1,0.000,0.000,2.586,0.000,0.000,16.650,0.000,0.000,54.116,0.000,0.201,0.000,0.000,63.926,0.000,0.000,0.000,1012.960,14.980,2.413,45.0000000,-122.0000000,2.520,0.000,0.000,0.000,8,00:00:00,0.000,0.000,0.000
5.33,2.6825448,5.330,1,0.000,0.000,2.754,0.000,0.000,17.192,0.000,0.000,54.197,0.000,0.211,0.000,0.000,64.007,0.000,0.000,0.000,1012.930,14.980,2.663,45.0000000,-122.0000000,2.680,0.000,0.000,0.000,8,00:00:00,0.000,0.000,0.000
5.34,2.8538424,5.340,1,0.000,0.000,2.927,0.000,0.000,17.734,0.000,0.000,54.277,0.000,0.221,0.000,0.000,64.087,0.000,0.000,0.000,1012.910,14.980,2.829,45.0000000,-122.0000000,2.850,0.000,0.000,0.000,8,00:00:00,0.000,0.000,0.000
5.35,3.0309312000000004,5.350,1,0.000,0.000,3.106,0.000,0.000,18.277,0.000,0.000,54.357,0.000,0.231,0.000,0.000,64.167,0.000,0.000,0.000,1012.890,14.980,2.996,45.0000000,-122.0000000,3.030,0.000,0.000,0.000,8,00:00:00,0.000,0.000,0.000
5.36,3.2132016,5.360,1,0.000,0.000,3.289,0.000,0.000,18.821,0.000,0.000,54.437,0.000,0.241,0.000,0.000,64.247,0.000,0.000,0.000,1012.870,14.980,3.162,45.0000000,-122.0000000,3.210,0.000,0.000,0.000,8,00:00:00,0.000,0.000,0.000
5.37,3.4009584,5.370,1,0.000,0.000,3.478,0.000,0.000,19.365,0.000,0.000,54.517,0.000,0.251,0.000,0.000,64.327,0.000,0.000,0.000,1012.850,14.980,3.329,45.0000000,-122.0000000,3.400,0.000,0.000,0.000,8,00:00:00,0.000,0.000,0.000
5.38,3.5942016000000003,5.380,1,0.000,0.000,3.672,0.000,0.000,19.910,0.000,0.000,54.597,0.000,0.261,0.000,0.000,64.407,0.000,0.000,0.000,1012.830,14.980,3.495,45.0000000,-122.0000000,3.590,0.000,0.000,0.000,8,00:00:00,0.000,0.000,0.000
5.39,3.7926264,5.390,1,0.000,0.000,3.873,0.000,0.000,20.456,0.000,0.000,54.677,0.000,0.271,0.000,0.000,64.487,0.000,0.000,0.000,1012.800,14.980,3.745,45.0000000,-122.0000000,3.790,0.000,0.000,0.000,8,00:00:00,0.000,0.000,0.000
5.4,3.9968424000000002,5.400,1,0.000,0.000,4.078,0.000,0.000,21.003,0.000,0.000,54.757,0.000,0.281,0.000,0.000,64.567,0.000,0.000,0.000,1012.780,14.970,3.912,45.0000000,-122.0000000,4.000,0.000,0.000,0.000,8,00:00:00,0.000,0.000,0.000
5.41,4.2065448000000005,5.410,1,0.000,0.000,4.288,0.000,0.000,21.551,0.000,0.000,54.859,0.000,0.291,0.000,0.000,64.669,0.000,0.000,0.000,1012.760,14.970,4.078,45.0000000,-122.0000000,4.210,0.000,0.000,0.000,8,00:00:00,0.000,0.000,0.000
5.42,4.4214288,5.420,1,0.000,0.000,4.504,0.000,0.000,22.099,0.000,0.000,54.961,0.000,0.301,0.000,0.000,64.771,0.000,0.000,0.000,1012.730,14.970,4.328,45.0000000,-122.0000000,4.420,0.000,0.000,0.000,8,00:00:00,0.000,0.000,0.000
5.43,4.642104000000001,5.430,1,0.000,0.000,4.725,0.000,0.000,22.649,0.000,0.000,55.063,0.000,0.311,0.000,0.000,64.873,0.000,0.000,0.000,1012.710,14.970,4.494,45.0000000,-122.0000000,4.640,0.000,0.000,0.000,8,00:00:00,0.000,0.000,0.000
5.445,4.983175200000001,5.445,1,0.000,0.000,5.068,0.000,0.000,23.476,0.000,0.000,55.216,0.000,0.326,0.000,0.000,65.026,0.000,0.000,0.000,1012.670,14.970,4.827,45.0000000,-122.0000000,4.980,0.000,0.000,0.000,8,00:00:00,0.000,0.000,0.000
5.468,5.518404,5.468,1,0.000,0.000,5.619,0.000,0.000,24.750,0.000,0.000,55.444,0.000,0.349,0.000,0.000,65.254,0.000,0.000,0.000,1012.600,14.960,5.410,45.0000000,-122.0000000,5.520,0.000,0.000,0.000,8,00:00:00,0.000,0.000,0.000
5.5,6.340754400000001,5.500,1,0.000,0.000,6.436,0.000,0.000,26.534,0.000,0.000,55.774,0.000,0.381,0.000,0.000,65.584,0.000,0.000,0.000,1012.510,14.960,6.159,45.0000000,-122.0000000,6.340,0.000,0.000,0.000,8,00:00:00,0.000,0.000,0.000
5.549,7.6852272,5.549,1,0.000,0.000,7.800,0.000,0.000,29.289,0.000,0.000,56.267,0.000,0.430,0.000,0.000,66.077,0.000,0.000,0.000,1012.350,14.950,7.491,45.0000000,-122.0000000,7.690,0.000,0.000,0.000,8,00:00:00,0.000,0.000,0.000
5.6,9.242755200000001,5.600,1,0.000,0.000,9.363,0.000,0.000,32.183,0.000,0.000,56.784,0.000,0.481,0.000,0.000,66.594,0.000,0.000,0.000,1012.170,14.940,8.990,45.0000000,-122.0000000,9.240,0.000,0.000,0.000,8,00:00:00,0.000,0.000,0.000
5.65,10.905744,5.650,1,0.000,0.000,11.038,0.000,0.000,35.034,0.000,0.000,57.065,0.000,0.531,0.000,0.000,66.875,0.000,0.000,0.000,1011.970,14.930,10.656,45.0000000,-122.0000000,10.910,0.000,0.000,0.000,8,00:00:00,0.000,0.000,0.000
5.7,12.711684,5.700,1,0.000,0.000,12.855,0.000,0.000,37.899,0.000,0.000,57.344,0.000,0.581,0.000,0.000,67.154,0.000,0.000,0.000,1011.760,14.920,12.405,45.0000000,-122.0000000,12.710,0.000,0.000,0.000,8,00:00:00,0.000,0.000,0.000
5.75,14.66088,5.750,1,0.000,0.000,14.815,0.000,0.000,40.788,0.000,0.000,57.841,0.000,0.631,0.000,0.000,67.651,0.000,0.000,0.000,1011.530,14.900,14.322,45.0000000,-122.0000000,14.660,0.000,0.000,0.000,8,00:00:00,0.000,0.000,0.000
5.8,16.7545512,5.800,1,0.000,0.000,16.919,0.000,0.000,43.702,0.000,0.000,58.333,0.000,0.681,0.000,0.000,68.143,0.000,0.000,0.000,1011.280,14.890,16.405,45.0000000,-122.0000000,16.750,0.000,0.000,0.000,8,00:00:00,0.000,0.000,0.000
5.85,18.9942216,5.850,1,0.000,0.000,19.169,0.000,0.000,46.634,0.000,0.000,58.710,0.000,0.731,0.000,0.000,68.520,0.000,0.000,0.000,1011.020,14.880,18.572,45.0000000,-122.0000000,18.990,0.000,0.000,0.000,8,00:00:00,0.000,0.000,0.000
5.9,21.3805008,5.900,1,0.000,0.000,21.564,0.000,0.000,49.584,0.000,0.000,59.079,0.000,0.781,0.000,0.000,68.889,0.000,0.000,0.000,1010.740,14.860,20.906,45.0000000,-122.0000000,21.380,0.000,0.000,0.000,8,00:00:00,0.000,0.000,0.000
5.95,23.914607999999998,5.950,1,0.000,0.000,24.104,0.000,0.000,52.529,0.000,0.000,58.991,0.000,0.831,0.000,0.000,68.801,0.000,0.000,0.000,1010.450,14.840,23.324,45.0000000,-122.0000000,23.910,0.000,0.000,0.000,8,00:00:00,0.000,0.000,0.000
6.0,26.595933600000002,6.000,1,0.000,0.000,26.791,0.000,0.000,55.468,0.000,0.000,58.894,0.000,0.881,0.000,0.000,68.704,0.000,0.000,0.000,1010.130,14.830,25.993,45.0000000,-122.0000000,26.600,0.000,0.000,0.000,8,00:00:00,0.000,0.000,0.000
6.05,29.424477600000003,6.050,1,0.000,0.000,29.624,0.000,0.000,58.419,0.000,0.000,59.121,0.000,0.931,0.000,0.000,68.931,0.000,0.000,0.000,1009.800,14.810,28.746,45.0000000,-122.0000000,29.420,0.000,0.000,0.000,8,00:00:00,0.000,0.000,0.000
6.1,32.4011544,6.100,1,0.000,0.000,32.603,0.000,0.000,61.379,0.000,0.000,59.340,0.000,0.981,0.000,0.000,69.150,0.000,0.000,0.000,1009.450,14.790,31.667,45.0000000,-122.0000000,32.400,0.000,0.000,0.000,8,00:00:00,0.000,0.000,0.000
6.15,35.525964,6.150,1,0.000,0.000,35.729,0.000,0.000,64.333,0.000,0.000,59.199,0.000,1.031,0.000,0.000,69.009,0.000,0.000,0.000,1009.080,14.770,34.756,45.0000000,-122.0000000,35.530,0.000,0.000,0.000,8,00:00:00,0.000,0.000,0.000
6.2,38.798601600000005,6.200,1,0.000,0.000,39.000,0.000,0.000,67.278,0.000,0.000,59.065,0.000,1.081,0.000,0.000,68.875,0.000,0.000,0.000,1008.700,14.750,37.929,45.0000000,-122.0000000,38.800,0.000,0.000,0.000,8,00:00:00,0.000,0.000,0.000
6.25,42.219067200000005,6.250,1,0.000,0.000,42.417,0.000,0.000,70.222,0.000,0.000,59.038,0.000,1.131,0.000,0.000,68.848,0.000,0.000,0.000,1008.300,14.730,41.270,45.0000000,-122.0000000,42.220,0.000,0.000,0.000,8,00:00:00,0.000,0.000,0.000
6.3,45.787056,6.300,1,0.000,0.000,45.979,0.000,0.000,73.164,0.000,0.000,59.016,0.000,1.181,0.000,0.000,68.826,0.000,0.000,0.000,1007.880,14.700,44.779,45.0000000,-122.0000000,45.790,0.000,0.000,0.000,8,00:00:00,0.000,0.000,0.000
6.35,49.502568000000004,6.350,1,0.000,0.000,49.687,0.000,0.000,76.093,0.000,0.000,58.781,0.000,1.231,0.000,0.000,68.591,0.000,0.000,0.000,1007.440,14.680,48.456,45.0000000,-122.0000000,49.500,0.000,0.000,0.000,8,00:00:00,0.000,0.000,0.000
6.4,53.3649936,6.400,1,0.000,0.000,53.539,0.000,0.000,79.011,0.000,0.000,58.562,0.000,1.281,0.000,0.000,68.372,0.000,0.000,0.000,1006.990,14.650,52.219,45.0000000,-122.0000000,53.360,0.000,0.000,0.000,8,00:00:00,0.000,0.000,0.000
6.45,57.37402800000001,6.450,1,0.000,0.000,57.535,0.000,0.000,81.911,0.000,0.000,58.231,0.000,1.331,0.000,0.000,68.041,0.000,0.000,0.000,1006.520,14.630,56.150,45.0000000,-122.0000000,57.370,0.000,0.000,0.000,8,00:00:00,0.000,0.000,0.000
6.5,61.52845200000001,6.500,1,0.000,0.000,61.674,0.000,0.000,84.795,0.000,0.000,57.915,0.000,1.381,0.000,0.000,67.725,0.000,0.000,0.000,1006.030,14.600,60.250,45.0000000,-122.0000000,61.530,0.000,0.000,0.000,8,00:00:00,0.000,0.000,0.000
6.55,65.8273512,6.550,1,0.000,0.000,65.954,0.000,0.000,87.651,0.000,0.000,57.368,0.000,1.431,0.000,0.000,67.178,0.000,0.000,0.000,1005.530,14.570,64.436,45.0000000,-122.0000000,65.830,0.000,0.000,0.000,8,00:00:00,0.000,0.000,0.000
6.6,70.2698112,6.600,1,0.000,0.000,70.374,0.000,0.000,90.479,0.000,0.000,56.822,0.000,1.481,0.000,0.000,66.632,0.000,0.000,0.000,1005.010,14.540,68.790,45.0000000,-122.0000000,70.270,0.000,0.000,0.000,8,00:00:00,0.000,0.000,0.000
6.65,74.85461280000001,6.650,1,0.000,0.000,74.933,0.000,0.000,93.289,0.000,0.000,56.500,0.000,1.531,0.000,0.000,66.310,0.000,0.000,0.000,1004.470,14.510,73.314,45.0000000,-122.0000000,74.850,0.000,0.000,0.000,8,00:00:00,0.000,0.000,0.000
6.7,79.5805368,6.700,1,0.000,0.000,79.630,0.000,0.000,96.082,0.000,0.000,56.162,0.000,1.581,0.000,0.000,65.972,0.000,0.000,0.000,1003.920,14.480,77.924,45.0000000,-122.0000000,79.580,0.000,0.000,0.000,8,00:00:00,0.000,0.000,0.000
6.75,84.4466688,6.750,1,0.000,0.000,84.464,0.000,0.000,98.857,0.000,0.000,55.812,0.000,1.631,0.000,0.000,65.622,0.000,0.000,0.000,1003.350,14.450,82.704,45.0000000,-122.0000000,84.450,0.000,0.000,0.000,8,00:00:00,0.000,0.000,0.000
6.8,89.45270400000001,6.800,1,0.000,0.000,89.436,0.000,0.000,101.612,0.000,0.000,55.443,0.000,1.681,0.000,0.000,65.253,0.000,0.000,0.000,1002.760,14.420,87.653,45.0000000,-122.0000000,89.450,0.000,0.000,0.000,8,00:00:00,0.000,0.000,0.000
6.85,94.59681360000002,6.850,1,0.000,0.000,94.544,0.000,0.000,104.337,0.000,0.000,54.832,0.000,1.731,0.000,0.000,64.642,0.000,0.000,0.000,1002.150,14.380,92.773,45.0000000,-122.0000000,94.600,0.000,0.000,0.000,8,00:00:00,0.000,0.000,0.000
6.9,99.878388,6.900,1,0.000,0.000,99.783,0.000,0.000,107.029,0.000,0.000,54.209,0.000,1.781,0.000,0.000,64.019,0.000,0.000,0.000,1001.540,14.350,97.896,45.0000000,-122.0000000,99.880,0.000,0.000,0.000,8,00:00:00,0.000,0.000,0.000
6.95,105.29529360000001,6.950,1,0.000,0.000,105.157,0.000,0.000,109.701,0.000,0.000,53.803,0.000,1.831,0.000,0.000,63.613,0.000,0.000,0.000,1000.900,14.320,103.273,45.0000000,-122.0000000,105.300,0.000,0.000,0.000,8,00:00:00,0.000,0.000,0.000
7.0,110.8469208,7.000,1,0.000,0.000,110.661,0.000,0.000,112.351,0.000,0.000,53.383,0.000,1.881,0.000,0.000,63.193,0.000,0.000,0.000,1000.250,14.280,108.737,45.0000000,-122.0000000,110.850,0.000,0.000,0.000,8,00:00:00,0.000,0.000,0.000
7.05,116.53174560000001,7.050,1,0.000,0.000,116.297,0.000,0.000,114.973,0.000,0.000,52.824,0.000,1.931,0.000,0.000,62.634,0.000,0.000,0.000,999.580,14.240,114.372,45.0000000,-122.0000000,116.530,0.000,0.000,0.000,8,00:00:00,0.000,0.000,0.000
7.1,122.3488536,7.100,1,0.000,0.000,122.061,0.000,0.000,117.564,0.000,0.000,52.246,0.000,1.981,0.000,0.000,62.056,0.000,0.000,0.000,998.900,14.210,120.094,45.0000000,-122.0000000,122.350,0.000,0.000,0.000,8,00:00:00,0.000,0.000,0.000
7.15,128.29641600000002,7.150,1,0.000,0.000,127.953,0.000,0.000,120.110,0.000,0.000,51.323,0.000,2.031,0.000,0.000,61.133,0.000,0.000,0.000,998.200,14.170,125.988,45.0000000,-122.0000000,128.300,0.000,0.000,0.000,8,00:00:00,0.000,0.000,0.000
7.2,134.3719944,7.200,1,0.000,0.000,133.969,0.000,0.000,122.608,0.000,0.000,50.394,0.000,2.081,0.000,0.000,60.204,0.000,0.000,0.000,997.490,14.130,131.969,45.0000000,-122.0000000,134.370,0.000,0.000,0.000,8,00:00:00,0.000,0.000,0.000
7.227,137.70528720000001,7.227,1,0.000,0.000,137.245,0.000,0.000,123.871,0.000,0.000,47.551,0.000,2.108,0.000,0.000,57.361,0.000,0.000,0.000,997.100,14.110,135.256,45.0000000,-122.0000000,137.710,0.000,0.000,0.000,8,00:00:00,0.000,0.000,0.000
7.25,140.5710168,7.250,1,0.000,0.000,140.053,0.000,0.000,124.639,0.000,0.000,34.247,0.000,2.131,0.000,0.000,44.057,0.000,0.000,0.000,996.760,14.090,138.123,45.0000000,-122.0000000,140.570,0.000,0.000,0.000,8,00:00:00,0.000,0.000,0.000
7.285,144.903444,7.285,1,0.000,0.000,144.379,0.000,0.000,125.436,0.000,0.000,23.368,0.000,2.166,0.000,0.000,33.178,0.000,0.000,0.000,996.250,14.060,142.424,45.0000000,-122.0000000,144.900,0.000,0.000,0.000,8,00:00:00,0.000,0.000,0.000
7.29,145.596864,7.290,1,0.000,0.000,144.959,0.000,0.000,125.525,0.000,0.000,21.635,0.000,2.171,0.000,0.000,31.445,0.000,0.000,0.000,996.170,14.050,143.099,45.0000000,-122.0000000,145.600,0.000,0.000,0.000,8,00:00:00,0.000,0.000,0.000
7.298,146.63867040000002,7.298,1,0.000,0.000,145.919,0.000,0.000,125.673,0.000,0.000,20.772,0.000,2.179,0.000,0.000,30.582,0.000,0.000,0.000,996.050,14.050,144.111,45.0000000,-122.0000000,146.640,0.000,0.000,0.000,8,00:00:00,0.000,0.000,0.000
7.311,148.2035136,7.311,1,0.000,0.000,147.508,0.000,0.000,125.907,0.000,0.000,19.478,0.000,2.192,0.000,0.000,29.288,0.000,0.000,0.000,995.870,14.040,145.630,45.0000000,-122.0000000,148.200,0.000,0.000,0.000,8,00:00:00,0.000,0.000,0.000
7.329000000000001,150.55656960000002,7.329,1,0.000,0.000,149.735,0.000,0.000,126.205,0.000,0.000,17.539,0.000,2.210,0.000,0.000,27.349,0.000,0.000,0.000,995.590,14.020,147.993,45.0000000,-122.0000000,150.560,0.000,0.000,0.000,8,00:00:00,0.000,0.000,0.000
7.357,154.0971264,7.357,1,0.000,0.000,153.231,0.000,0.000,126.598,0.000,0.000,14.637,0.000,2.238,0.000,0.000,24.447,0.000,0.000,0.000,995.180,14.000,151.454,45.0000000,-122.0000000,154.100,0.000,0.000,0.000,8,00:00:00,0.000,0.000,0.000
7.366,155.2401264,7.366,1,0.000,0.000,154.330,0.000,0.000,126.705,0.000,0.000,13.704,0.000,2.247,0.000,0.000,23.514,0.000,0.000,0.000,995.040,13.990,152.636,45.0000000,-122.0000000,155.240,0.000,0.000,0.000,8,00:00:00,0.000,0.000,0.000
7.379,156.95676000000003,7.379,1,0.000,0.000,155.940,0.000,0.000,126.825,0.000,0.000,10.477,0.000,2.260,0.000,0.000,20.287,0.000,0.000,0.000,994.840,13.980,154.325,45.0000000,-122.0000000,156.960,0.000,0.000,0.000,8,00:00:00,0.000,0.000,0.000
7.4,159.5816976,7.400,1,0.000,0.000,158.567,0.000,0.000,126.926,0.000,0.000,5.551,0.000,2.281,0.000,0.000,15.361,0.000,0.000,0.000,994.530,13.960,156.944,45.0000000,-122.0000000,159.580,0.000,0.000,0.000,8,00:00:00,0.000,0.000,0.000
7.431,163.52306640000003,7.431,1,0.000,0.000,162.462,0.000,0.000,126.866,0.000,0.000,-1.447,0.000,2.312,0.000,0.000,8.363,0.000,0.000,0.000,994.070,13.940,160.830,45.0000000,-122.0000000,163.520,0.000,0.000,0.000,8,00:00:00,0.000,0.000,0.000
7.4399999999999995,164.697156,7.440,1,0.000,0.000,163.568,0.000,0.000,126.819,0.000,0.000,-3.529,0.000,2.321,0.000,0.000,6.281,0.000,0.000,0.000,993.930,13.930,162.013,45.0000000,-122.0000000,164.700,0.000,0.000,0.000,8,00:00:00,0.000,0.000,0.000
7.454000000000001,166.457376,7.454,1,0.000,0.000,165.306,0.000,0.000,126.730,0.000,0.000,-5.339,0.000,2.335,0.000,0.000,4.471,0.000,0.000,0.000,993.730,13.920,163.704,45.0000000,-122.0000000,166.460,0.000,0.000,0.000,8,00:00:00,0.000,0.000,0.000
7.474,169.0960296,7.474,1,0.000,0.000,167.806,0.000,0.000,126.555,0.000,0.000,-8.052,0.000,2.355,0.000,0.000,1.758,0.000,0.000,0.000,993.420,13.900,166.324,45.0000000,-122.0000000,169.100,0.000,0.000,0.000,8,00:00:00,0.000,0.000,0.000
7.5,172.3586088,7.500,1,0.000,0.000,171.060,0.000,0.000,126.245,0.000,0.000,-11.410,0.000,2.381,0.000,0.000,-1.600,0.000,0.000,0.000,993.030,13.880,169.622,45.0000000,-122.0000000,172.360,0.000,0.000,0.000,8,00:00:00,0.000,0.000,0.000
7.538,177.2384568,7.538,1,0.000,0.000,175.817,0.000,0.000,125.763,0.000,0.000,-12.359,0.000,2.419,0.000,0.000,-2.549,0.000,0.000,0.000,992.460,13.850,174.444,45.0000000,-122.0000000,177.240,0.000,0.000,0.000,8,00:00:00,0.000,0.000,0.000
7.588,183.57098160000004,7.588,2,0.000,0.000,182.056,0.000,0.000,125.070,0.000,0.000,-13.594,0.000,0.000,0.000,0.000,-3.784,0.000,0.000,0.000,991.720,13.810,180.708,45.0000000,-122.0000000,183.570,0.000,0.000,0.000,8,00:00:00,0.000,0.000,0.000
7.6,185.03981280000002,7.600,2,0.000,0.000,183.524,0.000,0.000,124.891,0.000,0.000,-13.882,0.000,0.012,0.000,0.000,-4.072,0.000,0.000,0.000,991.550,13.800,182.147,45.0000000,-122.0000000,185.040,0.000,0.000,0.000,8,00:00:00,0.000,0.000,0.000
7.617,187.2395544,7.617,2,0.000,0.000,185.617,0.000,0.000,124.643,0.000,0.000,-13.865,0.000,0.029,0.000,0.000,-4.055,0.000,0.000,0.000,991.290,13.780,184.349,45.0000000,-122.0000000,187.240,0.000,0.000,0.000,8,00:00:00,0.000,0.000,0.000
7.644,190.53139439999998,7.644,2,0.000,0.000,188.948,0.000,0.000,124.257,0.000,0.000,-13.841,0.000,0.056,0.000,0.000,-4.031,0.000,0.000,0.000,990.900,13.760,187.653,45.0000000,-122.0000000,190.530,0.000,0.000,0.000,8,00:00:00,0.000,0.000,0.000
7.683,195.451476,7.683,2,0.000,0.000,193.754,0.000,0.000,123.707,0.000,0.000,-13.812,0.000,0.095,0.000,0.000,-4.002,0.000,0.000,0.000,990.330,13.730,192.483,45.0000000,-122.0000000,195.450,0.000,0.000,0.000,8,00:00:00,0.000,0.000,0.000
7.7330000000000005,201.68494080000002,7.733,2,0.000,0.000,199.893,0.000,0.000,123.006,0.000,0.000,-13.775,0.000,0.145,0.000,0.000,-3.965,0.000,0.000,0.000,989.600,13.690,198.673,45.0000000,-122.0000000,201.680,0.000,0.000,0.000,8,00:00:00,0.000,0.000,0.000
7.7829999999999995,207.8839632,7.783,2,0.000,0.000,206.000,0.000,0.000,122.308,0.000,0.000,-13.752,0.000,0.195,0.000,0.000,-3.942,0.000,0.000,0.000,988.870,13.650,204.866,45.0000000,-122.0000000,207.880,0.000,0.000,0.000,8,00:00:00,0.000,0.000,0.000
7.833,214.0485432,7.833,2,0.000,0.000,212.071,0.000,0.000,121.611,0.000,0.000,-13.729,0.000,0.245,0.000,0.000,-3.919,0.000,0.000,0.000,988.150,13.610,210.978,45.0000000,-122.0000000,214.050,0.000,0.000,0.000,8,00:00:00,0.000,0.000,0.000
7.883,220.1786808,7.883,2,0.000,0.000,218.110,0.000,0.000,120.915,0.000,0.000,-13.704,0.000,0.295,0.000,0.000,-3.894,0.000,0.000,0.000,987.430,13.570,217.094,45.0000000,-122.0000000,220.180,0.000,0.000,0.000,8,00:00:00,0.000,0.000,0.000
7.933,226.2746808,7.933,2,0.000,0.000,224.116,0.000,0.000,120.223,0.000,0.000,-13.669,0.000,0.345,0.000,0.000,-3.859,0.000,0.000,0.000,986.710,13.530,223.213,45.0000000,-122.0000000,226.270,0.000,0.000,0.000,8,00:00:00,0.000,0.000,0.000
7.9830000000000005,232.33654320000002,7.983,2,0.000,0.000,230.088,0.000,0.000,119.533,0.000,0.000,-13.623,0.000,0.395,0.000,0.000,-3.813,0.000,0.000,0.000,986.000,13.490,229.251,45.0000000,-122.0000000,232.340,0.000,0.000,0.000,8,00:00:00,0.000,0.000,0.000
8.033,238.364268,8.033,2,0.000,0.000,236.029,0.000,0.000,118.847,0.000,0.000,-13.571,0.000,0.444,0.000,0.000,-3.761,0.000,0.000,0.000,985.290,13.450,235.293,45.0000000,-122.0000000,238.360,0.000,0.000,0.000,8,00:00:00,0.000,0.000,0.000
8.083,244.35816000000003,8.083,2,0.000,0.000,241.937,0.000,0.000,118.164,0.000,0.000,-13.511,0.000,0.495,0.000,0.000,-3.701,0.000,0.000,0.000,984.590,13.410,241.252,45.0000000,-122.0000000,244.360,0.000,0.000,0.000,8,00:00:00,0.000,0.000,0.000
8.133,250.31821920000002,8.133,2,0.000,0.000,247.812,0.000,0.000,117.485,0.000,0.000,-13.452,0.000,0.544,0.000,0.000,-3.642,0.000,0.000,0.000,983.890,13.370,247.216,45.0000000,-122.0000000,250.320,0.000,0.000,0.000,8,00:00:00,0.000,0.000,0.000
8.183,256.2447504,8.183,2,0.000,0.000,253.655,0.000,0.000,116.809,0.000,0.000,-13.398,0.000,0.595,0.000,0.000,-3.588,0.000,0.000,0.000,983.200,13.330,253.097,45.0000000,-122.0000000,256.240,0.000,0.000,0.000,8,00:00:00,0.000,0.000,0.000
8.233,262.13775360000005,8.233,2,0.000,0.000,259.465,0.000,0.000,116.137,0.000,0.000,-13.335,0.000,0.645,0.000,0.000,-3.525,0.000,0.000,0.000,982.510,13.300,258.982,45.0000000,-122.0000000,262.140,0.000,0.000,0.000,8,00:00:00,0.000,0.000,0.000
8.283,267.9972288,8.283,2,0.000,0.000,265.245,0.000,0.000,115.469,0.000,0.000,-13.276,0.000,0.695,0.000,0.000,-3.466,0.000,0.000,0.000,981.820,13.260,264.870,45.0000000,-122.0000000,268.000,0.000,0.000,0.000,8,00:00:00,0.000,0.000,0.000
8.333,273.8237856,8.333,2,0.000,0.000,270.995,0.000,0.000,114.805,0.000,0.000,-13.228,0.000,0.745,0.000,0.000,-3.418,0.000,0.000,0.000,981.130,13.220,270.761,45.0000000,-122.0000000,273.820,0.000,0.000,0.000,8,00:00:00,0.000,0.000,0.000
8.383,279.61711920000005,8.383,2,0.000,0.000,276.712,0.000,0.000,114.143,0.000,0.000,-13.186,0.000,0.795,0.000,0.000,-3.376,0.000,0.000,0.000,980.460,13.180,276.485,45.0000000,-122.0000000,279.620,0.000,0.000,0.000,8,00:00:00,0.000,0.000,0.000
8.433,285.3775344,8.433,2,0.000,0.000,282.400,0.000,0.000,113.484,0.000,0.000,-13.148,0.000,0.845,0.000,0.000,-3.338,0.000,0.000,0.000,979.780,13.150,282.297,45.0000000,-122.0000000,285.380,0.000,0.000,0.000,8,00:00:00,0.000,0.000,0.000
8.483,291.1050312,8.483,2,0.000,0.000,288.057,0.000,0.000,112.828,0.000,0.000,-13.117,0.000,0.895,0.000,0.000,-3.307,0.000,0.000,0.000,979.110,13.110,288.028,45.0000000,-122.0000000,291.110,0.000,0.000,0.000,8,00:00:00,0.000,0.000,0.000
8.533,296.7996096,8.533,2,0.000,0.000,293.684,0.000,0.000,112.174,0.000,0.000,-13.088,0.000,0.945,0.000,0.000,-3.278,0.000,0.000,0.000,978.440,13.070,293.761,45.0000000,-122.0000000,296.800,0.000,0.000,0.000,8,00:00:00,0.000,0.000,0.000
8.583,302.4615744,8.583,2,0.000,0.000,299.281,0.000,0.000,111.523,0.000,0.000,-13.060,0.000,0.995,0.000,0.000,-3.250,0.000,0.000,0.000,977.780,13.030,299.412,45.0000000,-122.0000000,302.460,0.000,0.000,0.000,8,00:00:00,0.000,0.000,0.000
8.633,308.09092560000005,8.633,2,0.000,0.000,304.847,0.000,0.000,110.874,0.000,0.000,-13.032,0.000,1.045,0.000,0.000,-3.222,0.000,0.000,0.000,977.120,13.000,305.066,45.0000000,-122.0000000,308.090,0.000,0.000,0.000,8,00:00:00,0.000,0.000,0.000
8.683,313.68766320000003,8.683,2,0.000,0.000,310.385,0.000,0.000,110.228,0.000,0.000,-13.004,0.000,1.095,0.000,0.000,-3.194,0.000,0.000,0.000,976.460,12.960,310.723,45.0000000,-122.0000000,313.690,0.000,0.000,0.000,8,00:00:00,0.000,0.000,0.000
8.733,319.252092,8.733,2,0.000,0.000,315.893,0.000,0.000,109.584,0.000,0.000,-12.967,0.000,1.145,0.000,0.000,-3.157,0.000,0.000,0.000,975.810,12.930,316.298,45.0000000,-122.0000000,319.250,0.000,0.000,0.000,8,00:00:00,0.000,0.000,0.000
8.783,324.78390720000004,8.783,2,0.000,0.000,321.371,0.000,0.000,108.944,0.000,0.000,-12.928,0.000,1.195,0.000,0.000,-3.118,0.000,0.000,0.000,975.160,12.890,321.875,45.0000000,-122.0000000,324.780,0.000,0.000,0.000,8,00:00:00,0.000,0.000,0.000
8.833,330.2834136,8.833,2,0.000,0.000,326.822,0.000,0.000,108.308,0.000,0.000,-12.890,0.000,1.245,0.000,0.000,-3.080,0.000,0.000,0.000,974.510,12.850,327.455,45.0000000,-122.0000000,330.280,0.000,0.000,0.000,8,00:00:00,0.000,0.000,0.000
8.883,335.75061120000004,8.883,2,0.000,0.000,332.244,0.000,0.000,107.674,0.000,0.000,-12.845,0.000,1.295,0.000,0.000,-3.035,0.000,0.000,0.000,973.870,12.820,332.953,45.0000000,-122.0000000,335.750,0.000,0.000,0.000,8,00:00:00,0.000,0.000,0.000
8.933,341.1858048,8.933,2,0.000,0.000,337.635,0.000,0.000,107.044,0.000,0.000,-12.798,0.000,1.345,0.000,0.000,-2.988,0.000,0.000,0.000,973.240,12.780,338.368,45.0000000,-122.0000000,341.190,0.000,0.000,0.000,8,00:00:00,0.000,0.000,0.000
8.983,346.58899440000005,8.983,2,0.000,0.000,342.999,0.000,0.000,106.417,0.000,0.000,-12.750,0.000,1.395,0.000,0.000,-2.940,0.000,0.000,0.000,972.600,12.750,343.871,45.0000000,-122.0000000,346.590,0.000,0.000,0.000,8,00:00:00,0.000,0.000,0.000
9.033000000000001,351.9604848000001,9.033,2,0.000,0.000,348.335,0.000,0.000,105.794,0.000,0.000,-12.703,0.000,1.445,0.000,0.000,-2.893,0.000,0.000,0.000,971.970,12.710,349.291,45.0000000,-122.0000000,351.960,0.000,0.000,0.000,8,00:00:00,0.000,0.000,0.000
9.083,357.2999712,9.083,2,0.000,0.000,353.641,0.000,0.000,105.174,0.000,0.000,-12.658,0.000,1.495,0.000,0.000,-2.848,0.000,0.000,0.000,971.350,12.680,354.628,45.0000000,-122.0000000,357.300,0.000,0.000,0.000,8,00:00:00,0.000,0.000,0.000
9.133,362.60806320000006,9.133,2,0.000,0.000,358.922,0.000,0.000,104.558,0.000,0.000,-12.617,0.000,1.545,0.000,0.000,-2.807,0.000,0.000,0.000,970.720,12.640,360.054,45.0000000,-122.0000000,362.610,0.000,0.000,0.000,8,00:00:00,0.000,0.000,0.000
9.183,367.884456,9.183,2,0.000,0.000,364.174,0.000,0.000,103.945,0.000,0.000,-12.580,0.000,1.595,0.000,0.000,-2.770,0.000,0.000,0.000,970.100,12.610,365.397,45.0000000,-122.0000000,367.880,0.000,0.000,0.000,8,00:00:00,0.000,0.000,0.000
9.233,373.1291496,9.233,2,0.000,0.000,369.398,0.000,0.000,103.334,0.000,0.000,-12.547,0.000,1.645,0.000,0.000,-2.737,0.000,0.000,0.000,969.490,12.570,370.656,45.0000000,-122.0000000,373.130,0.000,0.000,0.000,8,00:00:00,0.000,0.000,0.000
9.283000000000001,378.3427536,9.283,2,0.000,0.000,374.593,0.000,0.000,102.726,0.000,0.000,-12.516,0.000,1.695,0.000,0.000,-2.706,0.000,0.000,0.000,968.880,12.540,375.917,45.0000000,-122.0000000,378.340,0.000,0.000,0.000,8,00:00:00,0.000,0.000,0.000
9.333,383.52496320000006,9.333,2,0.000,0.000,379.762,0.000,0.000,102.120,0.000,0.000,-12.485,0.000,1.745,0.000,0.000,-2.675,0.000,0.000,0.000,968.270,12.510,381.182,45.0000000,-122.0000000,383.520,0.000,0.000,0.000,8,00:00:00,0.000,0.000,0.000
9.383,388.6760832,9.383,2,0.000,0.000,384.905,0.000,0.000,101.518,0.000,0.000,-12.460,0.000,1.795,0.000,0.000,-2.650,0.000,0.000,0.000,967.660,12.470,386.449,45.0000000,-122.0000000,388.680,0.000,0.000,0.000,8,00:00:00,0.000,0.000,0.000
9.433,393.7961136,9.433,2,0.000,0.000,390.020,0.000,0.000,100.917,0.000,0.000,-12.438,0.000,1.845,0.000,0.000,-2.628,0.000,0.000,0.000,967.060,12.440,391.632,45.0000000,-122.0000000,393.800,0.000,0.000,0.000,8,00:00:00,0.000,0.000,0.000
9.483,398.88474959999996,9.483,2,0.000,0.000,395.106,0.000,0.000,100.318,0.000,0.000,-12.413,0.000,1.895,0.000,0.000,-2.603,0.000,0.000,0.000,966.470,12.410,396.732,45.0000000,-122.0000000,398.880,0.000,0.000,0.000,8,00:00:00,0.000,0.000,0.000
9.533000000000001,403.9426008,9.533,2,0.000,0.000,400.167,0.000,0.000,99.722,0.000,0.000,-12.385,0.000,1.945,0.000,0.000,-2.575,0.000,0.000,0.000,965.870,12.370,401.920,45.0000000,-122.0000000,403.940,0.000,0.000,0.000,8,00:00:00,0.000,0.000,0.000
9.583,408.9693624,9.583,2,0.000,0.000,405.201,0.000,0.000,99.129,0.000,0.000,-12.359,0.000,1.995,0.000,0.000,-2.549,0.000,0.000,0.000,965.280,12.340,407.025,45.0000000,-122.0000000,408.970,0.000,0.000,0.000,8,00:00:00,0.000,0.000,0.000
9.633,413.9653392,9.633,2,0.000,0.000,410.206,0.000,0.000,98.537,0.000,0.000,-12.329,0.000,2.045,0.000,0.000,-2.519,0.000,0.000,0.000,964.700,12.310,412.046,45.0000000,-122.0000000,413.970,0.000,0.000,0.000,8,00:00:00,0.000,0.000,0.000
9.683,418.9305312,9.683,2,0.000,0.000,415.184,0.000,0.000,97.948,0.000,0.000,-12.292,0.000,2.095,0.000,0.000,-2.482,0.000,0.000,0.000,964.120,12.280,417.069,45.0000000,-122.0000000,418.930,0.000,0.000,0.000,8,00:00:00,0.000,0.000,0.000
9.733,423.86463360000005,9.733,2,0.000,0.000,420.135,0.000,0.000,97.362,0.000,0.000,-12.252,0.000,2.145,0.000,0.000,-2.442,0.000,0.000,0.000,963.540,12.240,422.094,45.0000000,-122.0000000,423.860,0.000,0.000,0.000,8,00:00:00,0.000,0.000,0.000
9.783000000000001,428.76856080000005,9.783,2,0.000,0.000,425.060,0.000,0.000,96.780,0.000,0.000,-12.213,0.000,2.195,0.000,0.000,-2.403,0.000,0.000,0.000,962.960,12.210,427.122,45.0000000,-122.0000000,428.770,0.000,0.000,0.000,8,00:00:00,0.000,0.000,0.000
9.833,433.64170320000005,9.833,2,0.000,0.000,429.959,0.000,0.000,96.200,0.000,0.000,-12.172,0.000,2.245,0.000,0.000,-2.362,0.000,0.000,0.000,962.390,12.180,432.066,45.0000000,-122.0000000,433.640,0.000,0.000,0.000,8,00:00:00,0.000,0.000,0.000
9.883,438.4843656,9.883,2,0.000,0.000,434.831,0.000,0.000,95.623,0.000,0.000,-12.135,0.000,2.295,0.000,0.000,-2.325,0.000,0.000,0.000,961.820,12.150,437.012,45.0000000,-122.0000000,438.480,0.000,0.000,0.000,8,00:00:00,0.000,0.000,0.000
9.933,443.2968528,9.933,2,0.000,0.000,439.676,0.000,0.000,95.049,0.000,0.000,-12.096,0.000,2.345,0.000,0.000,-2.286,0.000,0.000,0.000,961.260,12.120,441.873,45.0000000,-122.0000000,443.300,0.000,0.000,0.000,8,00:00:00,0.000,0.000,0.000
9.983,448.0791648,9.983,2,0.000,0.000,444.493,0.000,0.000,94.477,0.000,0.000,-12.055,0.000,2.395,0.000,0.000,-2.245,0.000,0.000,0.000,960.700,12.090,446.737,45.0000000,-122.0000000,448.080,0.000,0.000,0.000,8,00:00:00,0.000,0.000,0.000
10.033000000000001,452.8309968,10.033,2,0.000,0.000,449.285,0.000,0.000,93.908,0.000,0.000,-12.020,0.000,2.445,0.000,0.000,-2.210,0.000,0.000,0.000,960.140,12.060,451.603,45.0000000,-122.0000000,452.830,0.000,0.000,0.000,8,00:00:00,0.000,0.000,0.000
10.083,457.55326320000006,10.083,2,0.000,0.000,454.050,0.000,0.000,93.340,0.000,0.000,-11.991,0.000,2.495,0.000,0.000,-2.181,0.000,0.000,0.000,959.590,12.030,456.385,45.0000000,-122.0000000,457.550,0.000,0.000,0.000,8,00:00:00,0.000,0.000,0.000
10.133,462.2450496,10.133,2,0.000,0.000,458.788,0.000,0.000,92.775,0.000,0.000,-11.964,0.000,2.545,0.000,0.000,-2.154,0.000,0.000,0.000,959.040,12.000,461.168,45.0000000,-122.0000000,462.250,0.000,0.000,0.000,8,00:00:00,0.000,0.000,0.000
10.183,466.9072704,10.183,2,0.000,0.000,463.501,0.000,0.000,92.212,0.000,0.000,-11.944,0.000,2.595,0.000,0.000,-2.134,0.000,0.000,0.000,958.490,11.960,465.954,45.0000000,-122.0000000,466.910,0.000,0.000,0.000,8,00:00:00,0.000,0.000,0.000
10.233,471.5396208,10.233,2,0.000,0.000,468.186,0.000,0.000,91.650,0.000,0.000,-11.926,0.000,2.645,0.000,0.000,-2.116,0.000,0.000,0.000,957.950,11.930,470.655,45.0000000,-122.0000000,471.540,0.000,0.000,0.000,8,00:00:00,0.000,0.000,0.000
10.283000000000001,476.14210080000004,10.283,2,0.000,0.000,472.845,0.000,0.000,91.089,0.000,0.000,-11.906,0.000,2.695,0.000,0.000,-2.096,0.000,0.000,0.000,957.410,11.910,475.358,45.0000000,-122.0000000,476.140,0.000,0.000,0.000,8,00:00:00,0.000,0.000,0.000
10.333,480.7147104,10.333,2,0.000,0.000,477.479,0.000,0.000,90.531,0.000,0.000,-11.886,0.000,2.745,0.000,0.000,-2.076,0.000,0.000,0.000,956.870,11.880,480.064,45.0000000,-122.0000000,480.710,0.000,0.000,0.000,8,00:00:00,0.000,0.000,0.000
10.383,485.2574496,10.383,2,0.000,0.000,482.086,0.000,0.000,89.974,0.000,0.000,-11.870,0.000,2.795,0.000,0.000,-2.060,0.000,0.000,0.000,956.340,11.850,484.684,45.0000000,-122.0000000,485.260,0.000,0.000,0.000,8,00:00:00,0.000,0.000,0.000
10.433,489.77092799999997,10.433,2,0.000,0.000,486.667,0.000,0.000,89.418,0.000,0.000,-11.849,0.000,2.845,0.000,0.000,-2.039,0.000,0.000,0.000,955.810,11.820,489.306,45.0000000,-122.0000000,489.770,0.000,0.000,0.000,8,00:00:00,0.000,0.000,0.000
10.483,494.25453600000003,10.483,2,0.000,0.000,491.222,0.000,0.000,88.865,0.000,0.000,-11.829,0.000,2.895,0.000,0.000,-2.019,0.000,0.000,0.000,955.280,11.790,493.931,45.0000000,-122.0000000,494.250,0.000,0.000,0.000,8,00:00:00,0.000,0.000,0.000
10.533000000000001,498.7085784,10.533,2,0.000,0.000,495.751,0.000,0.000,88.312,0.000,0.000,-11.807,0.000,2.945,0.000,0.000,-1.997,0.000,0.000,0.000,954.760,11.760,498.470,45.0000000,-122.0000000,498.710,0.000,0.000,0.000,8,00:00:00,0.000,0.000,0.000
10.583,503.13305520000006,10.583,2,0.000,0.000,500.247,0.000,0.000,87.760,0.000,0.000,-11.779,0.000,2.995,0.000,0.000,-1.969,0.000,0.000,0.000,954.260,11.730,502.837,45.0000000,-122.0000000,503.130,0.000,0.000,0.000,8,00:00:00,0.000,0.000,0.000
10.633,507.5282712,10.633,2,0.000,0.000,504.710,0.000,0.000,87.206,0.000,0.000,-11.744,0.000,3.045,0.000,0.000,-1.934,0.000,0.000,0.000,953.770,11.700,507.118,45.0000000,-122.0000000,507.530,0.000,0.000,0.000,8,00:00:00,0.000,0.000,0.000
10.683,511.89392160000006,10.683,2,0.000,0.000,509.139,0.000,0.000,86.653,0.000,0.000,-11.705,0.000,3.095,0.000,0.000,-1.895,0.000,0.000,0.000,953.280,11.670,511.400,45.0000000,-122.0000000,511.890,0.000,0.000,0.000,8,00:00:00,0.000,0.000,0.000
10.733,516.230616,10.733,2,0.000,0.000,513.537,0.000,0.000,86.100,0.000,0.000,-11.664,0.000,3.145,0.000,0.000,-1.854,0.000,0.000,0.000,952.790,11.640,515.685,45.0000000,-122.0000000,516.230,0.000,0.000,0.000,8,00:00:00,0.000,0.000,0.000
10.783000000000001,520.5377448,10.783,2,0.000,0.000,517.901,0.000,0.000,85.546,0.000,0.000,-11.625,0.000,3.195,0.000,0.000,-1.815,0.000,0.000,0.000,952.310,11.620,519.884,45.0000000,-122.0000000,520.540,0.000,0.000,0.000,8,00:00:00,0.000,0.000,0.000
10.833,524.8162224,10.833,2,0.000,0.000,522.229,0.000,0.000,84.992,0.000,0.000,-11.589,0.000,3.245,0.000,0.000,-1.779,0.000,0.000,0.000,951.840,11.590,523.997,45.0000000,-122.0000000,524.820,0.000,0.000,0.000,8,00:00:00,0.000,0.000,0.000
10.883,529.0654392,10.883,2,0.000,0.000,526.527,0.000,0.000,84.438,0.000,0.000,-11.551,0.000,3.295,0.000,0.000,-1.741,0.000,0.000,0.000,951.360,11.560,528.199,45.0000000,-122.0000000,529.070,0.000,0.000,0.000,8,00:00:00,0.000,0.000,0.000
10.933,533.2860048,10.933,2,0.000,0.000,530.791,0.000,0.000,83.883,0.000,0.000,-11.526,0.000,3.345,0.000,0.000,-1.716,0.000,0.000,0.000,950.890,11.530,532.315,45.0000000,-122.0000000,533.290,0.000,0.000,0.000,8,00:00:00,0.000,0.000,0.000
10.983,537.4776144,10.983,2,0.000,0.000,535.023,0.000,0.000,83.327,0.000,0.000,-11.506,0.000,3.395,0.000,0.000,-1.696,0.000,0.000,0.000,950.420,11.510,536.433,45.0000000,-122.0000000,537.480,0.000,0.000,0.000,8,00:00:00,0.000,0.000,0.000
11.033000000000001,541.6402680000001,11.033,2,0.000,0.000,539.222,0.000,0.000,82.770,0.000,0.000,-11.487,0.000,3.445,0.000,0.000,-1.677,0.000,0.000,0.000,949.960,11.480,540.465,45.0000000,-122.0000000,541.640,0.000,0.000,0.000,8,00:00:00,0.000,0.000,0.000
11.083,545.7745752,11.083,2,0.000,0.000,543.391,0.000,0.000,82.214,0.000,0.000,-11.473,0.000,3.495,0.000,0.000,-1.663,0.000,0.000,0.000,949.490,11.450,544.587,45.0000000,-122.0000000,545.770,0.000,0.000,0.000,8,00:00:00,0.000,0.000,0.000
11.133,549.8799264,11.133,2,0.000,0.000,547.525,0.000,0.000,81.655,0.000,0.000,-11.458,0.000,3.545,0.000,0.000,-1.648,0.000,0.000,0.000,949.040,11.430,548.534,45.0000000,-122.0000000,549.880,0.000,0.000,0.000,8,00:00:00,0.000,0.000,0.000
11.183,553.9566264,11.183,2,0.000,0.000,551.629,0.000,0.000,81.096,0.000,0.000,-11.438,0.000,3.595,0.000,0.000,-1.628,0.000,0.000,0.000,948.580,11.400,552.571,45.0000000,-122.0000000,553.960,0.000,0.000,0.000,8,00:00:00,0.000,0.000,0.000
11.233,558.00498,11.233,2,0.000,0.000,555.700,0.000,0.000,80.537,0.000,0.000,-11.418,0.000,3.645,0.000,0.000,-1.608,0.000,0.000,0.000,948.130,11.370,556.521,45.0000000,-122.0000000,558.000,0.000,0.000,0.000,8,00:00:00,0.000,0.000,0.000
11.283000000000001,562.0246824000001,11.283,2,0.000,0.000,559.740,0.000,0.000,79.977,0.000,0.000,-11.404,0.000,3.695,0.000,0.000,-1.594,0.000,0.000,0.000,947.680,11.350,560.473,45.0000000,-122.0000000,562.020,0.000,0.000,0.000,8,00:00:00,0.000,0.000,0.000
11.333,566.0157336000001,11.333,2,0.000,0.000,563.750,0.000,0.000,79.418,0.000,0.000,-11.385,0.000,3.745,0.000,0.000,-1.575,0.000,0.000,0.000,947.230,11.320,564.427,45.0000000,-122.0000000,566.020,0.000,0.000,0.000,8,00:00:00,0.000,0.000,0.000
11.383,569.9784384000001,11.383,2,0.000,0.000,567.728,0.000,0.000,78.857,0.000,0.000,-11.366,0.000,3.795,0.000,0.000,-1.556,0.000,0.000,0.000,946.790,11.300,568.294,45.0000000,-122.0000000,569.980,0.000,0.000,0.000,8,00:00:00,0.000,0.000,0.000
11.433,573.9127968,11.433,2,0.000,0.000,571.675,0.000,0.000,78.297,0.000,0.000,-11.345,0.000,3.845,0.000,0.000,-1.535,0.000,0.000,0.000,946.350,11.270,572.163,45.0000000,-122.0000000,573.910,0.000,0.000,0.000,8,00:00:00,0.000,0.000,0.000
11.483,577.8185040000001,11.483,2,0.000,0.000,575.592,0.000,0.000,77.737,0.000,0.000,-11.316,0.000,3.895,0.000,0.000,-1.506,0.000,0.000,0.000,945.910,11.240,576.033,45.0000000,-122.0000000,577.820,0.000,0.000,0.000,8,00:00:00,0.000,0.000,0.000
11.533000000000001,581.6961696000001,11.533,2,0.000,0.000,579.478,0.000,0.000,77.178,0.000,0.000,-11.293,0.000,3.945,0.000,0.000,-1.483,0.000,0.000,0.000,945.480,11.220,579.816,45.0000000,-122.0000000,581.700,0.000,0.000,0.000,8,00:00:00,0.000,0.000,0.000
11.583,585.5454888,11.583,2,0.000,0.000,583.333,0.000,0.000,76.618,0.000,0.000,-11.272,0.000,3.995,0.000,0.000,-1.462,0.000,0.000,0.000,945.050,11.190,583.601,45.0000000,-122.0000000,585.550,0.000,0.000,0.000,8,00:00:00,0.000,0.000,0.000
11.633,589.3667664,11.633,2,0.000,0.000,587.158,0.000,0.000,76.059,0.000,0.000,-11.248,0.000,4.045,0.000,0.000,-1.438,0.000,0.000,0.000,944.620,11.170,587.388,45.0000000,-122.0000000,589.370,0.000,0.000,0.000,8,00:00:00,0.000,0.000,0.000
11.683,593.1600024,11.683,2,0.000,0.000,590.952,0.000,0.000,75.499,0.000,0.000,-11.222,0.000,4.095,0.000,0.000,-1.412,0.000,0.000,0.000,944.200,11.140,591.087,45.0000000,-122.0000000,593.160,0.000,0.000,0.000,8,00:00:00,0.000,0.000,0.000
11.733,596.924892,11.733,2,0.000,0.000,594.716,0.000,0.000,74.941,0.000,0.000,-11.192,0.000,4.145,0.000,0.000,-1.382,0.000,0.000,0.000,943.780,11.120,594.788,45.0000000,-122.0000000,596.920,0.000,0.000,0.000,8,00:00:00,0.000,0.000,0.000
11.783000000000001,600.6620448,11.783,2,0.000,0.000,598.451,0.000,0.000,74.383,0.000,0.000,-11.165,0.000,4.195,0.000,0.000,-1.355,0.000,0.000,0.000,943.360,11.100,598.490,45.0000000,-122.0000000,600.660,0.000,0.000,0.000,8,00:00:00,0.000,0.000,0.000
11.833,604.371156,11.833,2,0.000,0.000,602.154,0.000,0.000,73.825,0.000,0.000,-11.141,0.000,4.245,0.000,0.000,-1.331,0.000,0.000,0.000,942.950,11.070,602.106,45.0000000,-122.0000000,604.370,0.000,0.000,0.000,8,00:00:00,0.000,0.000,0.000
11.883,608.0525304,11.883,2,0.000,0.000,605.827,0.000,0.000,73.268,0.000,0.000,-11.119,0.000,4.295,0.000,0.000,-1.309,0.000,0.000,0.000,942.540,11.050,605.722,45.0000000,-122.0000000,608.050,0.000,0.000,0.000,8,00:00:00,0.000,0.000,0.000
11.933,611.7058632000001,11.933,2,0.000,0.000,609.472,0.000,0.000,72.712,0.000,0.000,-11.091,0.000,4.345,0.000,0.000,-1.281,0.000,0.000,0.000,942.130,11.020,609.340,45.0000000,-122.0000000,611.710,0.000,0.000,0.000,8,00:00:00,0.000,0.000,0.000
11.983,615.331764,11.983,2,0.000,0.000,613.089,0.000,0.000,72.157,0.000,0.000,-11.064,0.000,4.395,0.000,0.000,-1.254,0.000,0.000,0.000,941.720,11.000,612.960,45.0000000,-122.0000000,615.330,0.000,0.000,0.000,8,00:00:00,0.000,0.000,0.000
12.033000000000001,618.9296232,12.033,2,0.000,0.000,616.676,0.000,0.000,71.602,0.000,0.000,-11.047,0.000,4.445,0.000,0.000,-1.237,0.000,0.000,0.000,941.320,10.980,616.492,45.0000000,-122.0000000,618.930,0.000,0.000,0.000,8,00:00:00,0.000,0.000,0.000
12.083,622.5003552000001,12.083,2,0.000,0.000,620.234,0.000,0.000,71.047,0.000,0.000,-11.032,0.000,4.495,0.000,0.000,-1.222,0.000,0.000,0.000,940.920,10.950,620.025,45.0000000,-122.0000000,622.500,0.000,0.000,0.000,8,00:00:00,0.000,0.000,0.000
12.133,626.0430456,12.133,2,0.000,0.000,623.762,0.000,0.000,70.492,0.000,0.000,-11.013,0.000,4.545,0.000,0.000,-1.203,0.000,0.000,0.000,940.530,10.930,623.472,45.0000000,-122.0000000,626.040,0.000,0.000,0.000,8,00:00:00,0.000,0.000,0.000
12.183,629.5586088000001,12.183,2,0.000,0.000,627.263,0.000,0.000,69.939,0.000,0.000,-10.994,0.000,4.595,0.000,0.000,-1.184,0.000,0.000,0.000,940.130,10.910,627.007,45.0000000,-122.0000000,629.560,0.000,0.000,0.000,8,00:00:00,0.000,0.000,0.000
12.233,633.0464352,12.233,2,0.000,0.000,630.736,0.000,0.000,69.386,0.000,0.000,-10.979,0.000,4.645,0.000,0.000,-1.169,0.000,0.000,0.000,939.740,10.890,630.456,45.0000000,-122.0000000,633.050,0.000,0.000,0.000,8,00:00:00,0.000,0.000,0.000
12.283000000000001,636.5068296000001,12.283,2,0.000,0.000,634.178,0.000,0.000,68.833,0.000,0.000,-10.965,0.000,4.695,0.000,0.000,-1.155,0.000,0.000,0.000,939.360,10.860,633.817,45.0000000,-122.0000000,636.510,0.000,0.000,0.000,8,00:00:00,0.000,0.000,0.000
12.333,639.939792,12.333,2,0.000,0.000,637.593,0.000,0.000,68.280,0.000,0.000,-10.950,0.000,4.745,0.000,0.000,-1.140,0.000,0.000,0.000,938.970,10.840,637.268,45.0000000,-122.0000000,639.940,0.000,0.000,0.000,8,00:00:00,0.000,0.000,0.000
12.383,643.3456272,12.383,2,0.000,0.000,640.980,0.000,0.000,67.729,0.000,0.000,-10.932,0.000,4.795,0.000,0.000,-1.122,0.000,0.000,0.000,938.590,10.820,640.632,45.0000000,-122.0000000,643.350,0.000,0.000,0.000,8,00:00:00,0.000,0.000,0.000
12.433,646.7237256000001,12.433,2,0.000,0.000,644.337,0.000,0.000,67.177,0.000,0.000,-10.908,0.000,4.845,0.000,0.000,-1.098,0.000,0.000,0.000,938.220,10.800,643.908,45.0000000,-122.0000000,646.720,0.000,0.000,0.000,8,00:00:00,0.000,0.000,0.000
12.483,650.0750016,12.483,2,0.000,0.000,647.667,0.000,0.000,66.627,0.000,0.000,-10.891,0.000,4.895,0.000,0.000,-1.081,0.000,0.000,0.000,937.840,10.770,647.273,45.0000000,-122.0000000,650.080,0.000,0.000,0.000,8,00:00:00,0.000,0.000,0.000
12.533000000000001,653.3985408,12.533,2,0.000,0.000,650.969,0.000,0.000,66.077,0.000,0.000,-10.880,0.000,4.945,0.000,0.000,-1.070,0.000,0.000,0.000,937.470,10.750,650.552,45.0000000,-122.0000000,653.400,0.000,0.000,0.000,8,00:00:00,0.000,0.000,0.000
12.583,656.6952576000001,12.583,2,0.000,0.000,654.244,0.000,0.000,65.528,0.000,0.000,-10.863,0.000,4.995,0.000,0.000,-1.053,0.000,0.000,0.000,937.100,10.730,653.831,45.0000000,-122.0000000,656.700,0.000,0.000,0.000,8,00:00:00,0.000,0.000,0.000
12.633,659.9648472,12.633,2,0.000,0.000,657.489,0.000,0.000,64.979,0.000,0.000,-10.852,0.000,5.045,0.000,0.000,-1.042,0.000,0.000,0.000,936.740,10.710,657.022,45.0000000,-122.0000000,659.960,0.000,0.000,0.000,8,00:00:00,0.000,0.000,0.000
12.683,663.2070048,12.683,2,0.000,0.000,660.709,0.000,0.000,64.431,0.000,0.000,-10.836,0.000,5.095,0.000,0.000,-1.026,0.000,0.000,0.000,936.370,10.690,660.304,45.0000000,-122.0000000,663.210,0.000,0.000,0.000,8,00:00:00,0.000,0.000,0.000
12.733,666.4223400000001,12.733,2,0.000,0.000,663.901,0.000,0.000,63.885,0.000,0.000,-10.814,0.000,5.145,0.000,0.000,-1.004,0.000,0.000,0.000,936.010,10.670,663.497,45.0000000,-122.0000000,666.420,0.000,0.000,0.000,8,00:00:00,0.000,0.000,0.000
12.783000000000001,669.6105480000001,12.783,2,0.000,0.000,667.065,0.000,0.000,63.339,0.000,0.000,-10.794,0.000,5.195,0.000,0.000,-0.984,0.000,0.000,0.000,935.660,10.650,666.603,45.0000000,-122.0000000,669.610,0.000,0.000,0.000,8,00:00:00,0.000,0.000,0.000
12.833,672.7719336,12.833,2,0.000,0.000,670.203,0.000,0.000,62.794,0.000,0.000,-10.779,0.000,5.245,0.000,0.000,-0.969,0.000,0.000,0.000,935.300,10.630,669.799,45.0000000,-122.0000000,672.770,0.000,0.000,0.000,8,00:00:00,0.000,0.000,0.000
12.883,675.906192,12.883,2,0.000,0.000,673.310,0.000,0.000,62.249,0.000,0.000,-10.768,0.000,5.295,0.000,0.000,-0.958,0.000,0.000,0.000,934.960,10.610,672.818,45.0000000,-122.0000000,675.910,0.000,0.000,0.000,8,00:00:00,0.000,0.000,0.000
12.933,679.0133232000001,12.933,2,0.000,0.000,676.391,0.000,0.000,61.704,0.000,0.000,-10.752,0.000,5.345,0.000,0.000,-0.942,0.000,0.000,0.000,934.610,10.590,675.926,45.0000000,-122.0000000,679.010,0.000,0.000,0.000,8,00:00:00,0.000,0.000,0.000
12.983,682.0939368,12.983,2,0.000,0.000,679.448,0.000,0.000,61.162,0.000,0.000,-10.726,0.000,5.395,0.000,0.000,-0.916,0.000,0.000,0.000,934.260,10.570,679.036,45.0000000,-122.0000000,682.090,0.000,0.000,0.000,8,00:00:00,0.000,0.000,0.000
13.033,685.1474232,13.033,2,0.000,0.000,682.476,0.000,0.000,60.621,0.000,0.000,-10.708,0.000,5.445,0.000,0.000,-0.898,0.000,0.000,0.000,933.920,10.550,682.058,45.0000000,-122.0000000,685.150,0.000,0.000,0.000,8,00:00:00,0.000,0.000,0.000
13.083,688.174392,13.083,2,0.000,0.000,685.476,0.000,0.000,60.079,0.000,0.000,-10.691,0.000,5.495,0.000,0.000,-0.881,0.000,0.000,0.000,933.590,10.530,684.991,45.0000000,-122.0000000,688.170,0.000,0.000,0.000,8,00:00:00,0.000,0.000,0.000
13.133,691.1745384,13.133,2,0.000,0.000,688.450,0.000,0.000,59.539,0.000,0.000,-10.678,0.000,5.545,0.000,0.000,-0.868,0.000,0.000,0.000,933.250,10.510,688.015,45.0000000,-122.0000000,691.170,0.000,0.000,0.000,8,00:00:00,0.000,0.000,0.000
13.183,694.1481672000001,13.183,2,0.000,0.000,691.396,0.000,0.000,59.000,0.000,0.000,-10.656,0.000,5.595,0.000,0.000,-0.846,0.000,0.000,0.000,932.920,10.490,690.950,45.0000000,-122.0000000,694.150,0.000,0.000,0.000,8,00:00:00,0.000,0.000,0.000
13.233,697.0949736,13.233,2,0.000,0.000,694.317,0.000,0.000,58.462,0.000,0.000,-10.631,0.000,5.645,0.000,0.000,-0.821,0.000,0.000,0.000,932.590,10.470,693.886,45.0000000,-122.0000000,697.090,0.000,0.000,0.000,8,00:00:00,0.000,0.000,0.000
13.283,700.0152624,13.283,2,0.000,0.000,697.212,0.000,0.000,57.926,0.000,0.000,-10.611,0.000,5.695,0.000,0.000,-0.801,0.000,0.000,0.000,932.260,10.450,696.823,45.0000000,-122.0000000,700.020,0.000,0.000,0.000,8,00:00:00,0.000,0.000,0.000
13.333,702.9090336,13.333,2,0.000,0.000,700.079,0.000,0.000,57.391,0.000,0.000,-10.594,0.000,5.745,0.000,0.000,-0.784,0.000,0.000,0.000,931.940,10.430,699.672,45.0000000,-122.0000000,702.910,0.000,0.000,0.000,8,00:00:00,0.000,0.000,0.000
13.383,705.7762872000001,13.383,2,0.000,0.000,702.920,0.000,0.000,56.856,0.000,0.000,-10.580,0.000,5.795,0.000,0.000,-0.770,0.000,0.000,0.000,931.620,10.410,702.522,45.0000000,-122.0000000,705.780,0.000,0.000,0.000,8,00:00:00,0.000,0.000,0.000
13.433,708.6170232000001,13.433,2,0.000,0.000,705.736,0.000,0.000,56.322,0.000,0.000,-10.567,0.000,5.845,0.000,0.000,-0.757,0.000,0.000,0.000,931.300,10.390,705.372,45.0000000,-122.0000000,708.620,0.000,0.000,0.000,8,00:00:00,0.000,0.000,0.000
13.483,711.4312416,13.483,2,0.000,0.000,708.524,0.000,0.000,55.789,0.000,0.000,-10.556,0.000,5.895,0.000,0.000,-0.746,0.000,0.000,0.000,930.990,10.380,708.134,45.0000000,-122.0000000,711.430,0.000,0.000,0.000,8,00:00:00,0.000,0.000,0.000
13.533,714.2192472,13.533,2,0.000,0.000,711.289,0.000,0.000,55.257,0.000,0.000,-10.545,0.000,5.945,0.000,0.000,-0.735,0.000,0.000,0.000,930.670,10.360,710.986,45.0000000,-122.0000000,714.220,0.000,0.000,0.000,8,00:00:00,0.000,0.000,0.000
13.583,716.9810400000001,13.583,2,0.000,0.000,714.025,0.000,0.000,54.725,0.000,0.000,-10.539,0.000,5.995,0.000,0.000,-0.729,0.000,0.000,0.000,930.370,10.340,713.661,45.0000000,-122.0000000,716.980,0.000,0.000,0.000,8,00:00:00,0.000,0.000,0.000
13.633,719.7163152,13.633,2,0.000,0.000,716.736,0.000,0.000,54.194,0.000,0.000,-10.530,0.000,6.045,0.000,0.000,-0.720,0.000,0.000,0.000,930.060,10.320,716.425,45.0000000,-122.0000000,719.720,0.000,0.000,0.000,8,00:00:00,0.000,0.000,0.000
13.683,722.4250728000001,13.683,2,0.000,0.000,719.420,0.000,0.000,53.664,0.000,0.000,-10.521,0.000,6.095,0.000,0.000,-0.711,0.000,0.000,0.000,929.760,10.300,719.101,45.0000000,-122.0000000,722.430,0.000,0.000,0.000,8,00:00:00,0.000,0.000,0.000
13.733,725.1079224000001,13.733,2,0.000,0.000,722.079,0.000,0.000,53.134,0.000,0.000,-10.509,0.000,6.145,0.000,0.000,-0.699,0.000,0.000,0.000,929.460,10.290,721.778,45.0000000,-122.0000000,725.110,0.000,0.000,0.000,8,00:00:00,0.000,0.000,0.000
13.783,727.7642544,13.783,2,0.000,0.000,724.713,0.000,0.000,52.605,0.000,0.000,-10.496,0.000,6.195,0.000,0.000,-0.686,0.000,0.000,0.000,929.160,10.270,724.455,45.0000000,-122.0000000,727.760,0.000,0.000,0.000,8,00:00:00,0.000,0.000,0.000
13.833,730.3943736,13.833,2,0.000,0.000,727.319,0.000,0.000,52.077,0.000,0.000,-10.483,0.000,6.245,0.000,0.000,-0.673,0.000,0.000,0.000,928.870,10.250,727.044,45.0000000,-122.0000000,730.390,0.000,0.000,0.000,8,00:00:00,0.000,0.000,0.000
13.883,732.99828,13.883,2,0.000,0.000,729.900,0.000,0.000,51.550,0.000,0.000,-10.471,0.000,6.295,0.000,0.000,-0.661,0.000,0.000,0.000,928.580,10.240,729.633,45.0000000,-122.0000000,733.000,0.000,0.000,0.000,8,00:00:00,0.000,0.000,0.000
13.933,735.5759736,13.933,2,0.000,0.000,732.456,0.000,0.000,51.024,0.000,0.000,-10.455,0.000,6.345,0.000,0.000,-0.645,0.000,0.000,0.000,928.290,10.220,732.223,45.0000000,-122.0000000,735.580,0.000,0.000,0.000,8,00:00:00,0.000,0.000,0.000
13.983,738.1274544,13.983,2,0.000,0.000,734.987,0.000,0.000,50.499,0.000,0.000,-10.440,0.000,6.395,0.000,0.000,-0.630,0.000,0.000,0.000,928.000,10.200,734.814,45.0000000,-122.0000000,738.130,0.000,0.000,0.000,8,00:00:00,0.000,0.000,0.000
14.033,740.6530272,14.033,2,0.000,0.000,737.492,0.000,0.000,49.976,0.000,0.000,-10.423,0.000,6.445,0.000,0.000,-0.613,0.000,0.000,0.000,927.720,10.190,737.316,45.0000000,-122.0000000,740.650,0.000,0.000,0.000,8,00:00:00,0.000,0.000,0.000
14.083,743.152692,14.083,2,0.000,0.000,739.972,0.000,0.000,49.453,0.000,0.000,-10.409,0.000,6.495,0.000,0.000,-0.599,0.000,0.000,0.000,927.440,10.170,739.818,45.0000000,-122.0000000,743.150,0.000,0.000,0.000,8,00:00:00,0.000,0.000,0.000
14.133,745.6261440000001,14.133,2,0.000,0.000,742.424,0.000,0.000,48.931,0.000,0.000,-10.392,0.000,6.545,0.000,0.000,-0.582,0.000,0.000,0.000,927.170,10.150,742.232,45.0000000,-122.0000000,745.630,0.000,0.000,0.000,8,00:00:00,0.000,0.000,0.000
14.183,748.0733832000001,14.183,2,0.000,0.000,744.854,0.000,0.000,48.410,0.000,0.000,-10.375,0.000,6.595,0.000,0.000,-0.565,0.000,0.000,0.000,926.890,10.140,744.736,45.0000000,-122.0000000,748.070,0.000,0.000,0.000,8,00:00:00,0.000,0.000,0.000
14.233,750.4950192,14.233,2,0.000,0.000,747.257,0.000,0.000,47.891,0.000,0.000,-10.358,0.000,6.645,0.000,0.000,-0.548,0.000,0.000,0.000,926.620,10.120,747.151,45.0000000,-122.0000000,750.500,0.000,0.000,0.000,8,00:00:00,0.000,0.000,0.000
14.283,752.8904424,14.283,2,0.000,0.000,749.636,0.000,0.000,47.373,0.000,0.000,-10.344,0.000,6.695,0.000,0.000,-0.534,0.000,0.000,0.000,926.350,10.110,749.566,45.0000000,-122.0000000,752.890,0.000,0.000,0.000,8,00:00:00,0.000,0.000,0.000
14.333,755.2602624,14.333,2,0.000,0.000,751.988,0.000,0.000,46.855,0.000,0.000,-10.330,0.000,6.745,0.000,0.000,-0.520,0.000,0.000,0.000,926.090,10.090,751.893,45.0000000,-122.0000000,755.260,0.000,0.000,0.000,8,00:00:00,0.000,0.000,0.000
14.383,757.6041744,14.383,2,0.000,0.000,754.314,0.000,0.000,46.338,0.000,0.000,-10.318,0.000,6.795,0.000,0.000,-0.508,0.000,0.000,0.000,925.830,10.080,754.220,45.0000000,-122.0000000,757.600,0.000,0.000,0.000,8,00:00:00,0.000,0.000,0.000
14.433,759.9224832000001,14.433,2,0.000,0.000,756.616,0.000,0.000,45.821,0.000,0.000,-10.304,0.000,6.845,0.000,0.000,-0.494,0.000,0.000,0.000,925.570,10.060,756.548,45.0000000,-122.0000000,759.920,0.000,0.000,0.000,8,00:00:00,0.000,0.000,0.000
14.483,762.214884,14.483,2,0.000,0.000,758.893,0.000,0.000,45.307,0.000,0.000,-10.289,0.000,6.895,0.000,0.000,-0.479,0.000,0.000,0.000,925.310,10.050,758.876,45.0000000,-122.0000000,762.210,0.000,0.000,0.000,8,00:00:00,0.000,0.000,0.000
14.533,764.4813768,14.533,2,0.000,0.000,761.145,0.000,0.000,44.792,0.000,0.000,-10.278,0.000,6.945,0.000,0.000,-0.468,0.000,0.000,0.000,925.060,10.030,761.115,45.0000000,-122.0000000,764.480,0.000,0.000,0.000,8,00:00:00,0.000,0.000,0.000
14.583,766.7225712000001,14.583,2,0.000,0.000,763.371,0.000,0.000,44.279,0.000,0.000,-10.266,0.000,6.995,0.000,0.000,-0.456,0.000,0.000,0.000,924.810,10.020,763.355,45.0000000,-122.0000000,766.720,0.000,0.000,0.000,8,00:00:00,0.000,0.000,0.000
14.633,768.9378576000001,14.633,2,0.000,0.000,765.573,0.000,0.000,43.766,0.000,0.000,-10.253,0.000,7.045,0.000,0.000,-0.443,0.000,0.000,0.000,924.560,10.000,765.595,45.0000000,-122.0000000,768.940,0.000,0.000,0.000,8,00:00:00,0.000,0.000,0.000
14.683,771.1275408,14.683,2,0.000,0.000,767.748,0.000,0.000,43.254,0.000,0.000,-10.244,0.000,7.095,0.000,0.000,-0.434,0.000,0.000,0.000,924.320,9.990,767.746,45.0000000,-122.0000000,771.130,0.000,0.000,0.000,8,00:00:00,0.000,0.000,0.000
14.733,773.2916208,14.733,2,0.000,0.000,769.898,0.000,0.000,42.743,0.000,0.000,-10.232,0.000,7.145,0.000,0.000,-0.422,0.000,0.000,0.000,924.080,9.970,769.897,45.0000000,-122.0000000,773.290,0.000,0.000,0.000,8,00:00:00,0.000,0.000,0.000
14.783,775.4300976,14.783,2,0.000,0.000,772.023,0.000,0.000,42.232,0.000,0.000,-10.224,0.000,7.195,0.000,0.000,-0.414,0.000,0.000,0.000,923.840,9.960,772.049,45.0000000,-122.0000000,775.430,0.000,0.000,0.000,8,00:00:00,0.000,0.000,0.000
14.833,777.5429712000001,14.833,2,0.000,0.000,774.125,0.000,0.000,41.722,0.000,0.000,-10.213,0.000,7.245,0.000,0.000,-0.403,0.000,0.000,0.000,923.600,9.950,774.201,45.0000000,-122.0000000,777.540,0.000,0.000,0.000,8,00:00:00,0.000,0.000,0.000
14.883,779.6302416000001,14.883,2,0.000,0.000,776.201,0.000,0.000,41.213,0.000,0.000,-10.203,0.000,7.295,0.000,0.000,-0.393,0.000,0.000,0.000,923.370,9.930,776.264,45.0000000,-122.0000000,779.630,0.000,0.000,0.000,8,00:00:00,0.000,0.000,0.000
14.933,781.6922136000001,14.933,2,0.000,0.000,778.252,0.000,0.000,40.704,0.000,0.000,-10.194,0.000,7.345,0.000,0.000,-0.384,0.000,0.000,0.000,923.140,9.920,778.328,45.0000000,-122.0000000,781.690,0.000,0.000,0.000,8,00:00:00,0.000,0.000,0.000
14.983,783.7285824,14.983,2,0.000,0.000,780.279,0.000,0.000,40.197,0.000,0.000,-10.187,0.000,7.395,0.000,0.000,-0.377,0.000,0.000,0.000,922.910,9.910,780.392,45.0000000,-122.0000000,783.730,0.000,0.000,0.000,8,00:00:00,0.000,0.000,0.000
15.033,785.7393480000001,15.033,2,0.000,0.000,782.282,0.000,0.000,39.690,0.000,0.000,-10.178,0.000,7.445,0.000,0.000,-0.368,0.000,0.000,0.000,922.680,9.890,782.456,45.0000000,-122.0000000,785.740,0.000,0.000,0.000,8,00:00:00,0.000,0.000,0.000
15.083,787.7248152,15.083,2,0.000,0.000,784.261,0.000,0.000,39.184,0.000,0.000,-10.173,0.000,7.495,0.000,0.000,-0.363,0.000,0.000,0.000,922.460,9.880,784.431,45.0000000,-122.0000000,787.720,0.000,0.000,0.000,8,00:00:00,0.000,0.000,0.000
15.133,789.684984,15.133,2,0.000,0.000,786.214,0.000,0.000,38.678,0.000,0.000,-10.167,0.000,7.545,0.000,0.000,-0.357,0.000,0.000,0.000,922.240,9.870,786.406,45.0000000,-122.0000000,789.680,0.000,0.000,0.000,8,00:00:00,0.000,0.000,0.000
15.183,791.6195496,15.183,2,0.000,0.000,788.141,0.000,0.000,38.173,0.000,0.000,-10.162,0.000,7.595,0.000,0.000,-0.352,0.000,0.000,0.000,922.030,9.850,788.292,45.0000000,-122.0000000,791.620,0.000,0.000,0.000,8,00:00:00,0.000,0.000,0.000
15.233,793.5288168,15.233,2,0.000,0.000,790.046,0.000,0.000,37.668,0.000,0.000,-10.158,0.000,7.645,0.000,0.000,-0.348,0.000,0.000,0.000,921.810,9.840,790.268,45.0000000,-122.0000000,793.530,0.000,0.000,0.000,8,00:00:00,0.000,0.000,0.000
15.283,795.4127856,15.283,2,0.000,0.000,791.925,0.000,0.000,37.164,0.000,0.000,-10.147,0.000,7.695,0.000,0.000,-0.337,0.000,0.000,0.000,921.600,9.830,792.155,45.0000000,-122.0000000,795.410,0.000,0.000,0.000,8,00:00:00,0.000,0.000,0.000
15.333,797.2711512000001,15.333,2,0.000,0.000,793.778,0.000,0.000,36.659,0.000,0.000,-10.139,0.000,7.745,0.000,0.000,-0.329,0.000,0.000,0.000,921.400,9.820,793.952,45.0000000,-122.0000000,797.270,0.000,0.000,0.000,8,00:00:00,0.000,0.000,0.000
15.383,799.1042184000001,15.383,2,0.000,0.000,795.607,0.000,0.000,36.156,0.000,0.000,-10.135,0.000,7.795,0.000,0.000,-0.325,0.000,0.000,0.000,921.190,9.810,795.839,45.0000000,-122.0000000,799.100,0.000,0.000,0.000,8,00:00:00,0.000,0.000,0.000
15.433,800.9119872000001,15.433,2,0.000,0.000,797.411,0.000,0.000,35.653,0.000,0.000,-10.129,0.000,7.845,0.000,0.000,-0.319,0.000,0.000,0.000,920.990,9.790,797.637,45.0000000,-122.0000000,800.910,0.000,0.000,0.000,8,00:00:00,0.000,0.000,0.000
15.483,802.6944576000001,15.483,2,0.000,0.000,799.190,0.000,0.000,35.150,0.000,0.000,-10.123,0.000,7.895,0.000,0.000,-0.313,0.000,0.000,0.000,920.790,9.780,799.435,45.0000000,-122.0000000,802.690,0.000,0.000,0.000,8,00:00:00,0.000,0.000,0.000
15.533,804.4516296,15.533,2,0.000,0.000,800.946,0.000,0.000,34.648,0.000,0.000,-10.116,0.000,7.945,0.000,0.000,-0.306,0.000,0.000,0.000,920.590,9.770,801.234,45.0000000,-122.0000000,804.450,0.000,0.000,0.000,8,00:00:00,0.000,0.000,0.000
15.583,806.1835032,15.583,2,0.000,0.000,802.676,0.000,0.000,34.147,0.000,0.000,-10.105,0.000,7.995,0.000,0.000,-0.295,0.000,0.000,0.000,920.400,9.760,802.942,45.0000000,-122.0000000,806.180,0.000,0.000,0.000,8,00:00:00,0.000,0.000,0.000
15.633,807.8900784,15.633,2,0.000,0.000,804.381,0.000,0.000,33.646,0.000,0.000,-10.099,0.000,8.045,0.000,0.000,-0.289,0.000,0.000,0.000,920.210,9.750,804.651,45.0000000,-122.0000000,807.890,0.000,0.000,0.000,8,00:00:00,0.000,0.000,0.000
15.683,809.5713552000001,15.683,2,0.000,0.000,806.062,0.000,0.000,33.146,0.000,0.000,-10.093,0.000,8.095,0.000,0.000,-0.283,0.000,0.000,0.000,920.020,9.740,806.361,45.0000000,-122.0000000,809.570,0.000,0.000,0.000,8,00:00:00,0.000,0.000,0.000
15.733,811.2276383999999,15.733,2,0.000,0.000,807.717,0.000,0.000,32.645,0.000,0.000,-10.081,0.000,8.145,0.000,0.000,-0.271,0.000,0.000,0.000,919.840,9.730,807.980,45.0000000,-122.0000000,811.230,0.000,0.000,0.000,8,00:00:00,0.000,0.000,0.000
15.783,812.8586232,15.783,2,0.000,0.000,809.349,0.000,0.000,32.147,0.000,0.000,-10.069,0.000,8.195,0.000,0.000,-0.259,0.000,0.000,0.000,919.650,9.720,809.690,45.0000000,-122.0000000,812.860,0.000,0.000,0.000,8,00:00:00,0.000,0.000,0.000
15.833,814.4643096,15.833,2,0.000,0.000,810.954,0.000,0.000,31.648,0.000,0.000,-10.059,0.000,8.245,0.000,0.000,-0.249,0.000,0.000,0.000,919.480,9.710,811.220,45.0000000,-122.0000000,814.460,0.000,0.000,0.000,8,00:00:00,0.000,0.000,0.000
15.883,816.0446976000001,15.883,2,0.000,0.000,812.536,0.000,0.000,31.150,0.000,0.000,-10.051,0.000,8.295,0.000,0.000,-0.241,0.000,0.000,0.000,919.300,9.700,812.841,45.0000000,-122.0000000,816.040,0.000,0.000,0.000,8,00:00:00,0.000,0.000,0.000
15.933,817.6003968000001,15.933,2,0.000,0.000,814.095,0.000,0.000,30.653,0.000,0.000,-10.043,0.000,8.345,0.000,0.000,-0.233,0.000,0.000,0.000,919.120,9.690,814.461,45.0000000,-122.0000000,817.600,0.000,0.000,0.000,8,00:00:00,0.000,0.000,0.000
15.983,819.1307976,15.983,2,0.000,0.000,815.629,0.000,0.000,30.156,0.000,0.000,-10.031,0.000,8.395,0.000,0.000,-0.221,0.000,0.000,0.000,918.950,9.680,815.992,45.0000000,-122.0000000,819.130,0.000,0.000,0.000,8,00:00:00,0.000,0.000,0.000
16.033,820.6359,16.033,2,0.000,0.000,817.139,0.000,0.000,29.661,0.000,0.000,-10.017,0.000,8.445,0.000,0.000,-0.207,0.000,0.000,0.000,918.780,9.670,817.523,45.0000000,-122.0000000,820.640,0.000,0.000,0.000,8,00:00:00,0.000,0.000,0.000
16.083,822.1163136,16.083,2,0.000,0.000,818.623,0.000,0.000,29.166,0.000,0.000,-10.006,0.000,8.494,0.000,0.000,-0.196,0.000,0.000,0.000,918.620,9.660,818.965,45.0000000,-122.0000000,822.120,0.000,0.000,0.000,8,00:00:00,0.000,0.000,0.000
16.133,823.5714288,16.133,2,0.000,0.000,820.081,0.000,0.000,28.671,0.000,0.000,-9.996,0.000,8.545,0.000,0.000,-0.186,0.000,0.000,0.000,918.460,9.650,820.406,45.0000000,-122.0000000,823.570,0.000,0.000,0.000,8,00:00:00,0.000,0.000,0.000
16.183,825.0015504,16.183,2,0.000,0.000,821.515,0.000,0.000,28.176,0.000,0.000,-9.984,0.000,8.595,0.000,0.000,-0.174,0.000,0.000,0.000,918.300,9.640,821.848,45.0000000,-122.0000000,825.000,0.000,0.000,0.000,8,00:00:00,0.000,0.000,0.000
16.233,826.4069832000001,16.233,2,0.000,0.000,822.925,0.000,0.000,27.682,0.000,0.000,-9.979,0.000,8.645,0.000,0.000,-0.169,0.000,0.000,0.000,918.140,9.630,823.289,45.0000000,-122.0000000,826.410,0.000,0.000,0.000,8,00:00:00,0.000,0.000,0.000
16.283,827.7871176,16.283,2,0.000,0.000,824.309,0.000,0.000,27.189,0.000,0.000,-9.970,0.000,8.695,0.000,0.000,-0.160,0.000,0.000,0.000,917.990,9.620,824.641,45.0000000,-122.0000000,827.790,0.000,0.000,0.000,8,00:00:00,0.000,0.000,0.000
16.333,829.1425632,16.333,2,0.000,0.000,825.669,0.000,0.000,26.695,0.000,0.000,-9.964,0.000,8.744,0.000,0.000,-0.154,0.000,0.000,0.000,917.840,9.610,825.993,45.0000000,-122.0000000,829.140,0.000,0.000,0.000,8,00:00:00,0.000,0.000,0.000
16.383,830.4730152,16.383,2,0.000,0.000,827.004,0.000,0.000,26.202,0.000,0.000,-9.960,0.000,8.795,0.000,0.000,-0.150,0.000,0.000,0.000,917.690,9.600,827.346,45.0000000,-122.0000000,830.470,0.000,0.000,0.000,8,00:00:00,0.000,0.000,0.000
16.433,831.7787784000001,16.433,2,0.000,0.000,828.316,0.000,0.000,25.710,0.000,0.000,-9.954,0.000,8.845,0.000,0.000,-0.144,0.000,0.000,0.000,917.540,9.590,828.698,45.0000000,-122.0000000,831.780,0.000,0.000,0.000,8,00:00:00,0.000,0.000,0.000
16.483,833.0595480000001,16.483,2,0.000,0.000,829.603,0.000,0.000,25.218,0.000,0.000,-9.945,0.000,8.895,0.000,0.000,-0.135,0.000,0.000,0.000,917.400,9.590,829.961,45.0000000,-122.0000000,833.060,0.000,0.000,0.000,8,00:00:00,0.000,0.000,0.000
16.533,834.315324,16.533,2,0.000,0.000,830.865,0.000,0.000,24.726,0.000,0.000,-9.934,0.000,8.945,0.000,0.000,-0.124,0.000,0.000,0.000,917.260,9.580,831.223,45.0000000,-122.0000000,834.320,0.000,0.000,0.000,8,00:00:00,0.000,0.000,0.000
16.583,835.5464112,16.583,2,0.000,0.000,832.104,0.000,0.000,24.236,0.000,0.000,-9.925,0.000,8.995,0.000,0.000,-0.115,0.000,0.000,0.000,917.120,9.570,832.486,45.0000000,-122.0000000,835.550,0.000,0.000,0.000,8,00:00:00,0.000,0.000,0.000
16.633,836.7525048000001,16.633,2,0.000,0.000,833.316,0.000,0.000,23.745,0.000,0.000,-9.915,0.000,9.045,0.000,0.000,-0.105,0.000,0.000,0.000,916.990,9.560,833.659,45.0000000,-122.0000000,836.750,0.000,0.000,0.000,8,00:00:00,0.000,0.000,0.000
16.683,837.9339096,16.683,2,0.000,0.000,834.507,0.000,0.000,23.255,0.000,0.000,-9.905,0.000,9.095,0.000,0.000,-0.095,0.000,0.000,0.000,916.850,9.550,834.922,45.0000000,-122.0000000,837.930,0.000,0.000,0.000,8,00:00:00,0.000,0.000,0.000
16.733,839.0906256000001,16.733,2,0.000,0.000,835.674,0.000,0.000,22.767,0.000,0.000,-9.894,0.000,9.145,0.000,0.000,-0.084,0.000,0.000,0.000,916.720,9.550,836.095,45.0000000,-122.0000000,839.090,0.000,0.000,0.000,8,00:00:00,0.000,0.000,0.000
16.783,840.2223480000001,16.783,2,0.000,0.000,836.814,0.000,0.000,22.278,0.000,0.000,-9.890,0.000,9.195,0.000,0.000,-0.080,0.000,0.000,0.000,916.600,9.540,837.178,45.0000000,-122.0000000,840.220,0.000,0.000,0.000,8,00:00:00,0.000,0.000,0.000
16.833,841.3296864,16.833,2,0.000,0.000,837.931,0.000,0.000,21.789,0.000,0.000,-9.883,0.000,9.245,0.000,0.000,-0.073,0.000,0.000,0.000,916.470,9.530,838.351,45.0000000,-122.0000000,841.330,0.000,0.000,0.000,8,00:00:00,0.000,0.000,0.000
16.883,842.4120312,16.883,2,0.000,0.000,839.024,0.000,0.000,21.301,0.000,0.000,-9.877,0.000,9.295,0.000,0.000,-0.067,0.000,0.000,0.000,916.350,9.520,839.434,45.0000000,-122.0000000,842.410,0.000,0.000,0.000,8,00:00:00,0.000,0.000,0.000
16.933,843.469992,16.933,2,0.000,0.000,840.093,0.000,0.000,20.814,0.000,0.000,-9.873,0.000,9.345,0.000,0.000,-0.063,0.000,0.000,0.000,916.230,9.520,840.517,45.0000000,-122.0000000,843.470,0.000,0.000,0.000,8,00:00:00,0.000,0.000,0.000
16.983,844.5029592000001,16.983,2,0.000,0.000,841.136,0.000,0.000,20.326,0.000,0.000,-9.867,0.000,9.395,0.000,0.000,-0.057,0.000,0.000,0.000,916.120,9.510,841.510,45.0000000,-122.0000000,844.500,0.000,0.000,0.000,8,00:00:00,0.000,0.000,0.000
17.033,845.5115423999999,17.033,2,0.000,0.000,842.153,0.000,0.000,19.838,0.000,0.000,-9.856,0.000,9.445,0.000,0.000,-0.046,0.000,0.000,0.000,916.010,9.500,842.503,45.0000000,-122.0000000,845.510,0.000,0.000,0.000,8,00:00:00,0.000,0.000,0.000
17.083,846.4951320000001,17.083,2,0.000,0.000,843.146,0.000,0.000,19.351,0.000,0.000,-9.846,0.000,9.495,0.000,0.000,-0.036,0.000,0.000,0.000,915.900,9.500,843.497,45.0000000,-122.0000000,846.500,0.000,0.000,0.000,8,00:00:00,0.000,0.000,0.000
17.133,847.4543376,17.133,2,0.000,0.000,844.116,0.000,0.000,18.864,0.000,0.000,-9.839,0.000,9.545,0.000,0.000,-0.029,0.000,0.000,0.000,915.790,9.490,844.490,45.0000000,-122.0000000,847.450,0.000,0.000,0.000,8,00:00:00,0.000,0.000,0.000
17.183,848.3891592000001,17.183,2,0.000,0.000,845.063,0.000,0.000,18.379,0.000,0.000,-9.838,0.000,9.595,0.000,0.000,-0.028,0.000,0.000,0.000,915.680,9.490,845.483,45.0000000,-122.0000000,848.390,0.000,0.000,0.000,8,00:00:00,0.000,0.000,0.000
17.233,849.2989872,17.233,2,0.000,0.000,845.985,0.000,0.000,17.893,0.000,0.000,-9.833,0.000,9.645,0.000,0.000,-0.023,0.000,0.000,0.000,915.580,9.480,846.387,45.0000000,-122.0000000,849.300,0.000,0.000,0.000,8,00:00:00,0.000,0.000,0.000
17.283,850.1844312000001,17.283,2,0.000,0.000,846.883,0.000,0.000,17.407,0.000,0.000,-9.825,0.000,9.695,0.000,0.000,-0.015,0.000,0.000,0.000,915.480,9.470,847.290,45.0000000,-122.0000000,850.180,0.000,0.000,0.000,8,00:00:00,0.000,0.000,0.000
17.333,851.0451864,17.333,2,0.000,0.000,847.754,0.000,0.000,16.921,0.000,0.000,-9.820,0.000,9.745,0.000,0.000,-0.010,0.000,0.000,0.000,915.390,9.470,848.103,45.0000000,-122.0000000,851.050,0.000,0.000,0.000,8,00:00:00,0.000,0.000,0.000
17.383,851.8815576000001,17.383,2,0.000,0.000,848.603,0.000,0.000,16.436,0.000,0.000,-9.815,0.000,9.795,0.000,0.000,-0.005,0.000,0.000,0.000,915.290,9.460,849.006,45.0000000,-122.0000000,851.880,0.000,0.000,0.000,8,00:00:00,0.000,0.000,0.000
17.433,852.6932400000001,17.433,2,0.000,0.000,849.428,0.000,0.000,15.952,0.000,0.000,-9.810,0.000,9.845,0.000,0.000,0.000,0.000,0.000,0.000,915.200,9.460,849.820,45.0000000,-122.0000000,852.690,0.000,0.000,0.000,8,00:00:00,0.000,0.000,0.000
17.483,853.4805384,17.483,2,0.000,0.000,850.225,0.000,0.000,15.466,0.000,0.000,-9.805,0.000,9.895,0.000,0.000,0.005,0.000,0.000,0.000,915.120,9.450,850.542,45.0000000,-122.0000000,853.480,0.000,0.000,0.000,8,00:00:00,0.000,0.000,0.000
17.533,854.2431480000001,17.533,2,0.000,0.000,851.000,0.000,0.000,14.981,0.000,0.000,-9.797,0.000,9.945,0.000,0.000,0.013,0.000,0.000,0.000,915.030,9.450,851.356,45.0000000,-122.0000000,854.240,0.000,0.000,0.000,8,00:00:00,0.000,0.000,0.000
17.583,854.9813736,17.583,2,0.000,0.000,851.749,0.000,0.000,14.497,0.000,0.000,-9.786,0.000,9.995,0.000,0.000,0.024,0.000,0.000,0.000,914.950,9.440,852.079,45.0000000,-122.0000000,854.980,0.000,0.000,0.000,8,00:00:00,0.000,0.000,0.000
17.633,855.6952152,17.633,2,0.000,0.000,852.475,0.000,0.000,14.012,0.000,0.000,-9.778,0.000,10.045,0.000,0.000,0.032,0.000,0.000,0.000,914.870,9.440,852.802,45.0000000,-122.0000000,855.700,0.000,0.000,0.000,8,00:00:00,0.000,0.000,0.000
17.683,856.3846728000001,17.683,2,0.000,0.000,853.176,0.000,0.000,13.529,0.000,0.000,-9.774,0.000,10.095,0.000,0.000,0.036,0.000,0.000,0.000,914.790,9.430,853.525,45.0000000,-122.0000000,856.380,0.000,0.000,0.000,8,00:00:00,0.000,0.000,0.000
17.733,857.0494416,17.733,2,0.000,0.000,853.852,0.000,0.000,13.045,0.000,0.000,-9.766,0.000,10.145,0.000,0.000,0.044,0.000,0.000,0.000,914.720,9.430,854.157,45.0000000,-122.0000000,857.050,0.000,0.000,0.000,8,00:00:00,0.000,0.000,0.000
17.783,857.6898264000001,17.783,2,0.000,0.000,854.507,0.000,0.000,12.562,0.000,0.000,-9.759,0.000,10.195,0.000,0.000,0.051,0.000,0.000,0.000,914.640,9.430,854.881,45.0000000,-122.0000000,857.690,0.000,0.000,0.000,8,00:00:00,0.000,0.000,0.000
17.833,858.3058272000001,17.833,2,0.000,0.000,855.134,0.000,0.000,12.079,0.000,0.000,-9.756,0.000,10.245,0.000,0.000,0.054,0.000,0.000,0.000,914.580,9.420,855.423,45.0000000,-122.0000000,858.310,0.000,0.000,0.000,8,00:00:00,0.000,0.000,0.000
17.883,858.8977488,17.883,2,0.000,0.000,855.738,0.000,0.000,11.596,0.000,0.000,-9.751,0.000,10.295,0.000,0.000,0.059,0.000,0.000,0.000,914.510,9.420,856.056,45.0000000,-122.0000000,858.900,0.000,0.000,0.000,8,00:00:00,0.000,0.000,0.000
17.933,859.4649816,17.933,2,0.000,0.000,856.316,0.000,0.000,11.112,0.000,0.000,-9.749,0.000,10.345,0.000,0.000,0.061,0.000,0.000,0.000,914.450,9.410,856.598,45.0000000,-122.0000000,859.460,0.000,0.000,0.000,8,00:00:00,0.000,0.000,0.000
17.983,860.0078304,17.983,2,0.000,0.000,856.870,0.000,0.000,10.629,0.000,0.000,-9.748,0.000,10.395,0.000,0.000,0.062,0.000,0.000,0.000,914.390,9.410,857.141,45.0000000,-122.0000000,860.010,0.000,0.000,0.000,8,00:00:00,0.000,0.000,0.000
18.033,860.5262951999999,18.033,2,0.000,0.000,857.400,0.000,0.000,10.146,0.000,0.000,-9.743,0.000,10.445,0.000,0.000,0.067,0.000,0.000,0.000,914.330,9.410,857.683,45.0000000,-122.0000000,860.530,0.000,0.000,0.000,8,00:00:00,0.000,0.000,0.000
18.083,861.0206808,18.083,2,0.000,0.000,857.907,0.000,0.000,9.664,0.000,0.000,-9.734,0.000,10.495,0.000,0.000,0.076,0.000,0.000,0.000,914.270,9.400,858.226,45.0000000,-122.0000000,861.020,0.000,0.000,0.000,8,00:00:00,0.000,0.000,0.000
18.133,861.4903776,18.133,2,0.000,0.000,858.389,0.000,0.000,9.181,0.000,0.000,-9.727,0.000,10.545,0.000,0.000,0.083,0.000,0.000,0.000,914.220,9.400,858.678,45.0000000,-122.0000000,861.490,0.000,0.000,0.000,8,00:00:00,0.000,0.000,0.000
18.183,861.9359952,18.183,2,0.000,0.000,858.847,0.000,0.000,8.700,0.000,0.000,-9.714,0.000,10.595,0.000,0.000,0.096,0.000,0.000,0.000,914.170,9.400,859.130,45.0000000,-122.0000000,861.940,0.000,0.000,0.000,8,00:00:00,0.000,0.000,0.000
18.233,862.3572288,18.233,2,0.000,0.000,859.282,0.000,0.000,8.219,0.000,0.000,-9.706,0.000,10.645,0.000,0.000,0.104,0.000,0.000,0.000,914.120,9.390,859.583,45.0000000,-122.0000000,862.360,0.000,0.000,0.000,8,00:00:00,0.000,0.000,0.000
18.283,862.7543832000001,18.283,2,0.000,0.000,859.690,0.000,0.000,7.737,0.000,0.000,-9.704,0.000,10.695,0.000,0.000,0.106,0.000,0.000,0.000,914.080,9.390,859.944,45.0000000,-122.0000000,862.750,0.000,0.000,0.000,8,00:00:00,0.000,0.000,0.000
18.333,863.1271536,18.333,2,0.000,0.000,860.074,0.000,0.000,7.256,0.000,0.000,-9.697,0.000,10.745,0.000,0.000,0.113,0.000,0.000,0.000,914.040,9.390,860.306,45.0000000,-122.0000000,863.130,0.000,0.000,0.000,8,00:00:00,0.000,0.000,0.000
18.383,863.4755400000001,18.383,2,0.000,0.000,860.433,0.000,0.000,6.775,0.000,0.000,-9.689,0.000,10.795,0.000,0.000,0.121,0.000,0.000,0.000,914.000,9.390,860.668,45.0000000,-122.0000000,863.480,0.000,0.000,0.000,8,00:00:00,0.000,0.000,0.000
18.433,863.7998472,18.433,2,0.000,0.000,860.770,0.000,0.000,6.294,0.000,0.000,-9.688,0.000,10.845,0.000,0.000,0.122,0.000,0.000,0.000,913.960,9.390,861.030,45.0000000,-122.0000000,863.800,0.000,0.000,0.000,8,00:00:00,0.000,0.000,0.000
18.483,864.0997704,18.483,2,0.000,0.000,861.081,0.000,0.000,5.813,0.000,0.000,-9.687,0.000,10.895,0.000,0.000,0.123,0.000,0.000,0.000,913.930,9.380,861.301,45.0000000,-122.0000000,864.100,0.000,0.000,0.000,8,00:00:00,0.000,0.000,0.000
18.533,864.3756144000001,18.533,2,0.000,0.000,861.367,0.000,0.000,5.332,0.000,0.000,-9.682,0.000,10.945,0.000,0.000,0.128,0.000,0.000,0.000,913.900,9.380,861.572,45.0000000,-122.0000000,864.380,0.000,0.000,0.000,8,00:00:00,0.000,0.000,0.000
18.583,864.6273792000001,18.583,2,0.000,0.000,861.630,0.000,0.000,4.851,0.000,0.000,-9.673,0.000,10.995,0.000,0.000,0.137,0.000,0.000,0.000,913.870,9.380,861.844,45.0000000,-122.0000000,864.630,0.000,0.000,0.000,8,00:00:00,0.000,0.000,0.000
18.633,864.8547599999999,18.633,2,0.000,0.000,861.867,0.000,0.000,4.370,0.000,0.000,-9.671,0.000,11.045,0.000,0.000,0.139,0.000,0.000,0.000,913.850,9.380,862.025,45.0000000,-122.0000000,864.850,0.000,0.000,0.000,8,00:00:00,0.000,0.000,0.000
18.683,865.0580616000001,18.683,2,0.000,0.000,862.081,0.000,0.000,3.890,0.000,0.000,-9.663,0.000,11.095,0.000,0.000,0.147,0.000,0.000,0.000,913.820,9.380,862.296,45.0000000,-122.0000000,865.060,0.000,0.000,0.000,8,00:00:00,0.000,0.000,0.000
18.733,865.2369792000001,18.733,2,0.000,0.000,862.272,0.000,0.000,3.410,0.000,0.000,-9.657,0.000,11.145,0.000,0.000,0.153,0.000,0.000,0.000,913.800,9.380,862.477,45.0000000,-122.0000000,865.240,0.000,0.000,0.000,8,00:00:00,0.000,0.000,0.000
18.783,865.3921224000001,18.783,2,0.000,0.000,862.438,0.000,0.000,2.931,0.000,0.000,-9.649,0.000,11.195,0.000,0.000,0.161,0.000,0.000,0.000,913.780,9.380,862.658,45.0000000,-122.0000000,865.390,0.000,0.000,0.000,8,00:00:00,0.000,0.000,0.000
18.833,865.5228816,18.833,2,0.000,0.000,862.579,0.000,0.000,2.451,0.000,0.000,-9.636,0.000,11.245,0.000,0.000,0.174,0.000,0.000,0.000,913.770,9.370,862.749,45.0000000,-122.0000000,865.520,0.000,0.000,0.000,8,00:00:00,0.000,0.000,0.000
18.883,865.6295616000001,18.883,3,0.000,0.000,862.695,0.000,0.000,1.972,0.000,0.000,-9.623,0.000,0.000,0.000,0.000,0.187,0.000,0.000,0.000,913.760,9.370,862.839,45.0000000,-122.0000000,865.630,0.000,0.000,0.000,8,00:00:00,0.000,0.000,0.000
18.933,865.7124672000001,18.933,3,0.000,0.000,862.787,0.000,0.000,1.488,0.000,0.000,-9.724,0.000,0.050,0.000,0.000,0.086,0.000,0.000,0.000,913.750,9.370,862.929,45.0000000,-122.0000000,865.710,0.000,0.000,0.000,8,00:00:00,0.000,0.000,0.000
18.983,865.7709888,18.983,3,0.000,0.000,862.856,0.000,0.000,1.004,0.000,0.000,-9.726,0.000,0.100,0.000,0.000,0.084,0.000,0.000,0.000,913.740,9.370,863.020,45.0000000,-122.0000000,865.770,0.000,0.000,0.000,8,00:00:00,0.000,0.000,0.000
19.033,865.8051264000001,19.033,3,0.000,0.000,862.899,0.000,0.000,0.520,0.000,0.000,-9.727,0.000,0.150,0.000,0.000,0.083,0.000,0.000,0.000,913.740,9.370,863.020,45.0000000,-122.0000000,865.810,0.000,0.000,0.000,8,00:00:00,0.000,0.000,0.000
19.083,865.81488,19.083,3,0.000,0.000,862.916,0.000,0.000,0.035,0.000,0.000,-9.726,0.000,0.200,0.000,0.000,0.084,0.000,0.000,0.000,913.740,9.370,863.020,45.0000000,-122.0000000,865.810,0.000,0.000,0.000,8,00:00:00,0.000,0.000,0.000
19.133,865.8002496,19.133,3,0.000,0.000,862.910,0.000,0.000,-0.450,0.000,0.000,-9.726,0.000,0.250,0.000,0.000,0.084,0.000,0.000,0.000,913.740,9.370,863.020,45.0000000,-122.0000000,865.800,0.000,0.000,0.000,8,00:00:00,0.000,0.000,0.000
19.235,865.694484,19.235,3,0.000,0.000,862.819,0.000,0.000,-1.428,0.000,0.000,-9.600,0.000,0.352,0.000,0.000,0.210,0.000,0.000,0.000,913.750,9.370,862.929,45.0000000,-122.0000000,865.690,0.000,0.000,0.000,8,00:00:00,0.000,0.000,0.000
19.339,865.4838672000001,19.339,4,0.000,0.000,862.624,0.000,0.000,-2.409,0.000,0.000,-9.460,0.000,0.000,0.000,0.000,0.350,0.000,0.000,0.000,913.770,9.370,862.749,45.0000000,-122.0000000,865.480,0.000,0.000,0.000,8,00:00:00,0.000,0.000,0.000
19.445,865.1647416000001,19.445,4,0.000,0.000,862.320,0.000,0.000,-3.393,0.000,0.000,-9.288,0.000,0.106,0.000,0.000,0.522,0.000,0.000,0.000,913.810,9.380,862.387,45.0000000,-122.0000000,865.160,0.000,0.000,0.000,8,00:00:00,0.000,0.000,0.000
19.552,864.7331448,19.552,4,0.000,0.000,861.906,0.000,0.000,-4.366,0.000,0.000,-9.103,0.000,0.213,0.000,0.000,0.707,0.000,0.000,0.000,913.860,9.380,861.934,45.0000000,-122.0000000,864.730,0.000,0.000,0.000,8,00:00:00,0.000,0.000,0.000
19.662,864.1835904000001,19.662,4,0.000,0.000,861.373,0.000,0.000,-5.343,0.000,0.000,-8.879,0.000,0.323,0.000,0.000,0.931,0.000,0.000,0.000,913.920,9.380,861.392,45.0000000,-122.0000000,864.180,0.000,0.000,0.000,8,00:00:00,0.000,0.000,0.000
19.774,863.5093728,19.774,4,0.000,0.000,860.718,0.000,0.000,-6.310,0.000,0.000,-8.624,0.000,0.435,0.000,0.000,1.186,0.000,0.000,0.000,914.000,9.390,860.668,45.0000000,-122.0000000,863.510,0.000,0.000,0.000,8,00:00:00,0.000,0.000,0.000
19.889,862.7004336000001,19.889,4,0.000,0.000,859.933,0.000,0.000,-7.266,0.000,0.000,-8.306,0.000,0.550,0.000,0.000,1.504,0.000,0.000,0.000,914.090,9.390,859.854,45.0000000,-122.0000000,862.700,0.000,0.000,0.000,8,00:00:00,0.000,0.000,0.000
20.009,861.7433616000001,20.009,4,0.000,0.000,859.001,0.000,0.000,-8.221,0.000,0.000,-7.951,0.000,0.670,0.000,0.000,1.859,0.000,0.000,0.000,914.190,9.400,858.949,45.0000000,-122.0000000,861.740,0.000,0.000,0.000,8,00:00:00,0.000,0.000,0.000
20.133,860.6223072,20.133,4,0.000,0.000,857.916,0.000,0.000,-9.162,0.000,0.000,-7.563,0.000,0.794,0.000,0.000,2.247,0.000,0.000,0.000,914.320,9.410,857.774,45.0000000,-122.0000000,860.620,0.000,0.000,0.000,8,00:00:00,0.000,0.000,0.000
20.264,859.3168488,20.264,4,0.000,0.000,856.646,0.000,0.000,-10.102,0.000,0.000,-7.148,0.000,0.925,0.000,0.000,2.662,0.000,0.000,0.000,914.460,9.410,856.508,45.0000000,-122.0000000,859.320,0.000,0.000,0.000,8,00:00:00,0.000,0.000,0.000
20.402,857.8019928000001,20.402,4,0.000,0.000,855.176,0.000,0.000,-11.030,0.000,0.000,-6.688,0.000,1.063,0.000,0.000,3.122,0.000,0.000,0.000,914.630,9.420,854.971,45.0000000,-122.0000000,857.800,0.000,0.000,0.000,8,00:00:00,0.000,0.000,0.000
20.549,856.042992,20.549,4,0.000,0.000,853.468,0.000,0.000,-11.949,0.000,0.000,-6.200,0.000,1.210,0.000,0.000,3.610,0.000,0.000,0.000,914.830,9.440,853.163,45.0000000,-122.0000000,856.040,0.000,0.000,0.000,8,00:00:00,0.000,0.000,0.000
20.707,853.9935168,20.707,4,0.000,0.000,851.482,0.000,0.000,-12.852,0.000,0.000,-5.650,0.000,1.368,0.000,0.000,4.160,0.000,0.000,0.000,915.060,9.450,851.085,45.0000000,-122.0000000,853.990,0.000,0.000,0.000,8,00:00:00,0.000,0.000,0.000
20.880000000000003,851.5880352,20.880,4,0.000,0.000,849.146,0.000,0.000,-13.744,0.000,0.000,-5.072,0.000,1.541,0.000,0.000,4.738,0.000,0.000,0.000,915.330,9.460,848.645,45.0000000,-122.0000000,851.590,0.000,0.000,0.000,8,00:00:00,0.000,0.000,0.000
21.072,848.7360216000001,21.072,4,0.000,0.000,846.375,0.000,0.000,-14.621,0.000,0.000,-4.466,0.000,1.733,0.000,0.000,5.344,0.000,0.000,0.000,915.650,9.480,845.754,45.0000000,-122.0000000,848.740,0.000,0.000,0.000,8,00:00:00,0.000,0.000,0.000
21.288,845.3015352,21.288,4,0.000,0.000,843.063,0.000,0.000,-15.469,0.000,0.000,-3.803,0.000,1.949,0.000,0.000,6.007,0.000,0.000,0.000,916.030,9.510,842.323,45.0000000,-122.0000000,845.300,0.000,0.000,0.000,8,00:00:00,0.000,0.000,0.000
21.539,841.075788,21.539,4,0.000,0.000,838.992,0.000,0.000,-16.286,0.000,0.000,-3.111,0.000,2.200,0.000,0.000,6.699,0.000,0.000,0.000,916.500,9.530,838.080,45.0000000,-122.0000000,841.080,0.000,0.000,0.000,8,00:00:00,0.000,0.000,0.000
21.841,835.7137464,21.841,5,0.000,0.000,833.832,0.000,0.000,-17.059,0.000,0.000,-2.380,0.000,0.000,0.000,0.000,7.430,0.000,0.000,0.000,917.100,9.570,832.666,45.0000000,-122.0000000,835.710,0.000,0.000,0.000,8,00:00:00,0.000,0.000,0.000
22.219,828.6548832000001,22.219,5,0.000,0.000,827.054,0.000,0.000,-17.770,0.000,0.000,-1.651,0.000,0.378,0.000,0.000,8.159,0.000,0.000,0.000,917.890,9.610,825.543,45.0000000,-122.0000000,828.650,0.000,0.000,0.000,8,00:00:00,0.000,0.000,0.000
22.719,818.878728,22.719,5,0.000,0.000,817.684,0.000,0.000,-18.405,0.000,0.000,-0.964,0.000,0.878,0.000,0.000,8.846,0.000,0.000,0.000,918.980,9.680,815.722,45.0000000,-122.0000000,818.880,0.000,0.000,0.000,8,00:00:00,0.000,0.000,0.000
23.219,808.7758272,23.219,5,0.000,0.000,807.862,0.000,0.000,-18.911,0.000,0.000,-0.548,0.000,1.378,0.000,0.000,9.262,0.000,0.000,0.000,920.110,9.740,805.551,45.0000000,-122.0000000,808.780,0.000,0.000,0.000,8,00:00:00,0.000,0.000,0.000
23.719,798.4839504,23.719,5,0.000,0.000,797.655,0.000,0.000,-19.352,0.000,0.000,-0.287,0.000,1.878,0.000,0.000,9.523,0.000,0.000,0.000,921.260,9.810,795.210,45.0000000,-122.0000000,798.480,0.000,0.000,0.000,8,00:00:00,0.000,0.000,0.000
24.219,788.087832,24.219,5,0.000,0.000,787.151,0.000,0.000,-19.760,0.000,0.000,-0.158,0.000,2.378,0.000,0.000,9.652,0.000,0.000,0.000,922.420,9.880,784.790,45.0000000,-122.0000000,788.090,0.000,0.000,0.000,8,00:00:00,0.000,0.000,0.000
24.719,777.6359352000001,24.719,5,0.000,0.000,776.442,0.000,0.000,-20.125,0.000,0.000,-0.079,0.000,2.878,0.000,0.000,9.731,0.000,0.000,0.000,923.590,9.950,774.291,45.0000000,-122.0000000,777.640,0.000,0.000,0.000,8,00:00:00,0.000,0.000,0.000
25.219,767.1544728,25.219,5,0.000,0.000,765.628,0.000,0.000,-20.433,0.000,0.000,-0.035,0.000,3.378,0.000,0.000,9.775,0.000,0.000,0.000,924.760,10.010,763.803,45.0000000,-122.0000000,767.150,0.000,0.000,0.000,8,00:00:00,0.000,0.000,0.000
25.719,756.6589896,25.719,5,0.000,0.000,754.786,0.000,0.000,-20.677,0.000,0.000,-0.011,0.000,3.878,0.000,0.000,9.799,0.000,0.000,0.000,925.930,10.080,753.325,45.0000000,-122.0000000,756.660,0.000,0.000,0.000,8,00:00:00,0.000,0.000,0.000
26.219,746.1577152,26.219,5,0.000,0.000,743.936,0.000,0.000,-20.869,0.000,0.000,0.004,0.000,4.378,0.000,0.000,9.814,0.000,0.000,0.000,927.110,10.150,742.769,45.0000000,-122.0000000,746.160,0.000,0.000,0.000,8,00:00:00,0.000,0.000,0.000
26.719,735.6558312000001,26.719,5,0.000,0.000,733.137,0.000,0.000,-21.001,0.000,0.000,0.011,0.000,4.878,0.000,0.000,9.821,0.000,0.000,0.000,928.280,10.220,732.312,45.0000000,-122.0000000,735.660,0.000,0.000,0.000,8,00:00:00,0.000,0.000,0.000
27.219,725.1554712000001,27.219,5,0.000,0.000,722.400,0.000,0.000,-21.082,0.000,0.000,0.016,0.000,5.378,0.000,0.000,9.826,0.000,0.000,0.000,929.450,10.290,721.867,45.0000000,-122.0000000,725.160,0.000,0.000,0.000,8,00:00:00,0.000,0.000,0.000
27.719,714.6587688000001,27.719,5,0.000,0.000,711.701,0.000,0.000,-21.133,0.000,0.000,0.018,0.000,5.878,0.000,0.000,9.828,0.000,0.000,0.000,930.630,10.350,711.343,45.0000000,-122.0000000,714.660,0.000,0.000,0.000,8,00:00:00,0.000,0.000,0.000
28.219,704.1666384,28.219,5,0.000,0.000,701.069,0.000,0.000,-21.148,0.000,0.000,0.021,0.000,6.378,0.000,0.000,9.831,0.000,0.000,0.000,931.800,10.420,700.919,45.0000000,-122.0000000,704.170,0.000,0.000,0.000,8,00:00:00,0.000,0.000,0.000
28.719,693.67908,28.719,5,0.000,0.000,690.500,0.000,0.000,-21.136,0.000,0.000,0.021,0.000,6.878,0.000,0.000,9.831,0.000,0.000,0.000,932.970,10.490,690.505,45.0000000,-122.0000000,693.680,0.000,0.000,0.000,8,00:00:00,0.000,0.000,0.000
29.219,683.1967032,29.219,5,0.000,0.000,679.987,0.000,0.000,-21.106,0.000,0.000,0.022,0.000,7.378,0.000,0.000,9.832,0.000,0.000,0.000,934.140,10.560,680.102,45.0000000,-122.0000000,683.200,0.000,0.000,0.000,8,00:00:00,0.000,0.000,0.000
29.719,672.719508,29.719,5,0.000,0.000,669.522,0.000,0.000,-21.063,0.000,0.000,0.021,0.000,7.878,0.000,0.000,9.831,0.000,0.000,0.000,935.310,10.630,669.710,45.0000000,-122.0000000,672.720,0.000,0.000,0.000,8,00:00:00,0.000,0.000,0.000
30.219,662.2477992,30.219,5,0.000,0.000,659.097,0.000,0.000,-21.014,0.000,0.000,0.020,0.000,8.378,0.000,0.000,9.830,0.000,0.000,0.000,936.480,10.700,659.328,45.0000000,-122.0000000,662.250,0.000,0.000,0.000,8,00:00:00,0.000,0.000,0.000
30.719,651.781272,30.719,5,0.000,0.000,648.707,0.000,0.000,-20.961,0.000,0.000,0.021,0.000,8.878,0.000,0.000,9.831,0.000,0.000,0.000,937.650,10.760,648.957,45.0000000,-122.0000000,651.780,0.000,0.000,0.000,8,00:00:00,0.000,0.000,0.000
31.219,641.3196216,31.219,5,0.000,0.000,638.343,0.000,0.000,-20.908,0.000,0.000,0.021,0.000,9.378,0.000,0.000,9.831,0.000,0.000,0.000,938.820,10.830,638.596,45.0000000,-122.0000000,641.320,0.000,0.000,0.000,8,00:00:00,0.000,0.000,0.000
31.719,630.8634576000001,31.719,5,0.000,0.000,628.003,0.000,0.000,-20.856,0.000,0.000,0.021,0.000,9.878,0.000,0.000,9.831,0.000,0.000,0.000,939.990,10.900,628.245,45.0000000,-122.0000000,630.860,0.000,0.000,0.000,8,00:00:00,0.000,0.000,0.000
32.219,620.4121704,32.219,5,0.000,0.000,617.708,0.000,0.000,-20.797,0.000,0.000,0.021,0.000,10.378,0.000,0.000,9.831,0.000,0.000,0.000,941.150,10.970,617.993,45.0000000,-122.0000000,620.410,0.000,0.000,0.000,8,00:00:00,0.000,0.000,0.000
32.719,609.9663696,32.719,5,0.000,0.000,607.422,0.000,0.000,-20.745,0.000,0.000,0.021,0.000,10.878,0.000,0.000,9.831,0.000,0.000,0.000,942.320,11.040,607.664,45.0000000,-122.0000000,609.970,0.000,0.000,0.000,8,00:00:00,0.000,0.000,0.000
33.219,599.5257504000001,33.219,5,0.000,0.000,597.144,0.000,0.000,-20.700,0.000,0.000,0.021,0.000,11.378,0.000,0.000,9.831,0.000,0.000,0.000,943.490,11.100,597.344,45.0000000,-122.0000000,599.530,0.000,0.000,0.000,8,00:00:00,0.000,0.000,0.000
33.719,589.0903128,33.719,5,0.000,0.000,586.899,0.000,0.000,-20.651,0.000,0.000,0.021,0.000,11.878,0.000,0.000,9.831,0.000,0.000,0.000,944.650,11.170,587.123,45.0000000,-122.0000000,589.090,0.000,0.000,0.000,8,00:00:00,0.000,0.000,0.000
34.219,578.6600568,34.219,5,0.000,0.000,576.654,0.000,0.000,-20.612,0.000,0.000,0.021,0.000,12.378,0.000,0.000,9.831,0.000,0.000,0.000,945.820,11.240,576.825,45.0000000,-122.0000000,578.660,0.000,0.000,0.000,8,00:00:00,0.000,0.000,0.000
34.719,568.2349824,34.719,5,0.000,0.000,566.409,0.000,0.000,-20.579,0.000,0.000,0.021,0.000,12.878,0.000,0.000,9.831,0.000,0.000,0.000,946.990,11.310,566.536,45.0000000,-122.0000000,568.230,0.000,0.000,0.000,8,00:00:00,0.000,0.000,0.000
35.219,557.8150896000001,35.219,5,0.000,0.000,556.192,0.000,0.000,-20.543,0.000,0.000,0.020,0.000,13.378,0.000,0.000,9.830,0.000,0.000,0.000,948.150,11.370,556.346,45.0000000,-122.0000000,557.820,0.000,0.000,0.000,8,00:00:00,0.000,0.000,0.000
35.719,547.4003784,35.719,5,0.000,0.000,545.999,0.000,0.000,-20.504,0.000,0.000,0.021,0.000,13.878,0.000,0.000,9.831,0.000,0.000,0.000,949.310,11.440,546.165,45.0000000,-122.0000000,547.400,0.000,0.000,0.000,8,00:00:00,0.000,0.000,0.000
36.219,536.9911536,36.219,5,0.000,0.000,535.799,0.000,0.000,-20.475,0.000,0.000,0.020,0.000,14.378,0.000,0.000,9.830,0.000,0.000,0.000,950.480,11.510,535.908,45.0000000,-122.0000000,536.990,0.000,0.000,0.000,8,00:00:00,0.000,0.000,0.000
36.719,526.5868056,36.719,5,0.000,0.000,525.621,0.000,0.000,-20.444,0.000,0.000,0.020,0.000,14.878,0.000,0.000,9.830,0.000,0.000,0.000,951.640,11.580,525.748,45.0000000,-122.0000000,526.590,0.000,0.000,0.000,8,00:00:00,0.000,0.000,0.000
37.219,516.1873344,37.219,5,0.000,0.000,515.463,0.000,0.000,-20.410,0.000,0.000,0.021,0.000,15.378,0.000,0.000,9.831,0.000,0.000,0.000,952.800,11.640,515.598,45.0000000,-122.0000000,516.190,0.000,0.000,0.000,8,00:00:00,0.000,0.000,0.000
37.719,505.7933496,37.719,5,0.000,0.000,505.322,0.000,0.000,-20.377,0.000,0.000,0.020,0.000,15.878,0.000,0.000,9.830,0.000,0.000,0.000,953.960,11.710,505.457,45.0000000,-122.0000000,505.790,0.000,0.000,0.000,8,00:00:00,0.000,0.000,0.000
38.219,495.40424160000003,38.219,5,0.000,0.000,495.114,0.000,0.000,-20.376,0.000,0.000,0.020,0.000,16.378,0.000,0.000,9.830,0.000,0.000,0.000,955.150,11.780,495.066,45.0000000,-122.0000000,495.400,0.000,0.000,0.000,8,00:00:00,0.000,0.000,0.000
38.719,485.02031519999997,38.719,5,0.000,0.000,484.770,0.000,0.000,-20.424,0.000,0.000,0.021,0.000,16.878,0.000,0.000,9.831,0.000,0.000,0.000,956.370,11.850,484.422,45.0000000,-122.0000000,485.020,0.000,0.000,0.000,8,00:00:00,0.000,0.000,0.000
39.219,474.64157040000003,39.219,5,0.000,0.000,474.347,0.000,0.000,-20.494,0.000,0.000,0.022,0.000,17.378,0.000,0.000,9.832,0.000,0.000,0.000,957.580,11.920,473.878,45.0000000,-122.0000000,474.640,0.000,0.000,0.000,8,00:00:00,0.000,0.000,0.000
39.719,464.26831200000004,39.719,5,0.000,0.000,463.838,0.000,0.000,-20.582,0.000,0.000,0.021,0.000,17.878,0.000,0.000,9.831,0.000,0.000,0.000,958.800,11.980,463.256,45.0000000,-122.0000000,464.270,0.000,0.000,0.000,8,00:00:00,0.000,0.000,0.000
40.219,453.9002352,40.219,5,0.000,0.000,453.294,0.000,0.000,-20.667,0.000,0.000,0.021,0.000,18.378,0.000,0.000,9.831,0.000,0.000,0.000,960.010,12.050,452.733,45.0000000,-122.0000000,453.900,0.000,0.000,0.000,8,00:00:00,0.000,0.000,0.000
40.719,443.53734000000003,40.719,5,0.000,0.000,442.703,0.000,0.000,-20.754,0.000,0.000,0.021,0.000,18.878,0.000,0.000,9.831,0.000,0.000,0.000,961.230,12.120,442.134,45.0000000,-122.0000000,443.540,0.000,0.000,0.000,8,00:00:00,0.000,0.000,0.000
41.219,433.1799312,41.219,5,0.000,0.000,432.084,0.000,0.000,-20.835,0.000,0.000,0.022,0.000,19.378,0.000,0.000,9.832,0.000,0.000,0.000,962.450,12.180,431.545,45.0000000,-122.0000000,433.180,0.000,0.000,0.000,8,00:00:00,0.000,0.000,0.000
41.719,422.82770400000004,41.719,5,0.000,0.000,421.476,0.000,0.000,-20.896,0.000,0.000,0.021,0.000,19.878,0.000,0.000,9.831,0.000,0.000,0.000,963.660,12.250,421.054,45.0000000,-122.0000000,422.830,0.000,0.000,0.000,8,00:00:00,0.000,0.000,0.000
42.219,412.4809632000001,42.219,5,0.000,0.000,410.888,0.000,0.000,-20.939,0.000,0.000,0.022,0.000,20.378,0.000,0.000,9.832,0.000,0.000,0.000,964.870,12.320,410.574,45.0000000,-122.0000000,412.480,0.000,0.000,0.000,8,00:00:00,0.000,0.000,0.000
42.719,402.139404,42.719,5,0.000,0.000,400.295,0.000,0.000,-20.976,0.000,0.000,0.021,0.000,20.878,0.000,0.000,9.831,0.000,0.000,0.000,966.090,12.390,400.018,45.0000000,-122.0000000,402.140,0.000,0.000,0.000,8,00:00:00,0.000,0.000,0.000
43.219,391.8033312,43.219,6,0.000,0.000,389.731,0.000,0.000,-20.994,0.000,0.000,0.022,0.000,0.000,0.000,0.000,9.832,0.000,0.000,0.000,967.300,12.450,389.559,45.0000000,-122.0000000,391.800,0.000,0.000,0.000,8,00:00:00,0.000,0.000,0.000
43.719,381.47244,43.719,6,0.000,0.000,379.197,0.000,0.000,-20.998,0.000,0.000,0.021,0.000,0.500,0.000,0.000,9.831,0.000,0.000,0.000,968.510,12.520,379.110,45.0000000,-122.0000000,381.470,0.000,0.000,0.000,8,00:00:00,0.000,0.000,0.000
44.219,371.1470352,44.219,6,0.000,0.000,368.691,0.000,0.000,-20.992,0.000,0.000,0.020,0.000,1.000,0.000,0.000,9.830,0.000,0.000,0.000,969.720,12.590,368.672,45.0000000,-122.0000000,371.150,0.000,0.000,0.000,8,00:00:00,0.000,0.000,0.000
44.719,360.826812,44.719,6,0.000,0.000,358.213,0.000,0.000,-20.976,0.000,0.000,0.020,0.000,1.500,0.000,0.000,9.830,0.000,0.000,0.000,970.930,12.650,358.245,45.0000000,-122.0000000,360.830,0.000,0.000,0.000,8,00:00:00,0.000,0.000,0.000
45.219,350.5114656,45.219,6,0.000,0.000,347.759,0.000,0.000,-20.954,0.000,0.000,0.021,0.000,2.000,0.000,0.000,9.831,0.000,0.000,0.000,972.140,12.720,347.828,45.0000000,-122.0000000,350.510,0.000,0.000,0.000,8,00:00:00,0.000,0.000,0.000
45.719,340.2013008,45.719,6,0.000,0.000,337.328,0.000,0.000,-20.927,0.000,0.000,0.021,0.000,2.500,0.000,0.000,9.831,0.000,0.000,0.000,973.350,12.790,337.422,45.0000000,-122.0000000,340.200,0.000,0.000,0.000,8,00:00:00,0.000,0.000,0.000
46.219,329.8966224,46.219,6,0.000,0.000,326.916,0.000,0.000,-20.898,0.000,0.000,0.021,0.000,3.000,0.000,0.000,9.831,0.000,0.000,0.000,974.560,12.860,327.026,45.0000000,-122.0000000,329.900,0.000,0.000,0.000,8,00:00:00,0.000,0.000,0.000
46.719,319.59682080000005,46.719,6,0.000,0.000,316.523,0.000,0.000,-20.868,0.000,0.000,0.021,0.000,3.500,0.000,0.000,9.831,0.000,0.000,0.000,975.770,12.920,316.641,45.0000000,-122.0000000,319.600,0.000,0.000,0.000,8,00:00:00,0.000,0.000,0.000
47.219,309.3022008,47.219,6,0.000,0.000,306.173,0.000,0.000,-20.827,0.000,0.000,0.021,0.000,4.000,0.000,0.000,9.831,0.000,0.000,0.000,976.970,12.990,306.351,45.0000000,-122.0000000,309.300,0.000,0.000,0.000,8,00:00:00,0.000,0.000,0.000
47.719,299.0130672,47.719,6,0.000,0.000,295.833,0.000,0.000,-20.790,0.000,0.000,0.020,0.000,4.500,0.000,0.000,9.830,0.000,0.000,0.000,978.180,13.060,295.987,45.0000000,-122.0000000,299.010,0.000,0.000,0.000,8,00:00:00,0.000,0.000,0.000
47.72,298.9923408,47.720,6,0.000,0.000,295.854,0.000,0.000,-20.544,0.000,0.000,231.062,0.000,4.501,0.000,0.000,240.872,0.000,0.000,0.000,978.180,13.060,295.987,45.0000000,-122.0000000,298.990,0.000,0.000,0.000,8,00:00:00,0.000,0.000,0.000
47.724,298.9054728,47.724,6,0.000,0.000,295.798,0.000,0.000,-19.702,0.000,0.000,208.219,0.000,4.505,0.000,0.000,218.029,0.000,0.000,0.000,978.190,13.060,295.901,45.0000000,-122.0000000,298.910,0.000,0.000,0.000,8,00:00:00,0.000,0.000,0.000
47.729,298.8140328,47.729,6,0.000,0.000,295.720,0.000,0.000,-18.762,0.000,0.000,186.514,0.000,4.510,0.000,0.000,196.324,0.000,0.000,0.000,978.200,13.060,295.816,45.0000000,-122.0000000,298.810,0.000,0.000,0.000,8,00:00:00,0.000,0.000,0.000
47.734,298.71710640000003,47.734,6,0.000,0.000,295.631,0.000,0.000,-17.932,0.000,0.000,165.946,0.000,4.515,0.000,0.000,175.756,0.000,0.000,0.000,978.220,13.060,295.644,45.0000000,-122.0000000,298.720,0.000,0.000,0.000,8,00:00:00,0.000,0.000,0.000
47.74,298.61408400000005,47.740,6,0.000,0.000,295.530,0.000,0.000,-17.051,0.000,0.000,146.516,0.000,4.521,0.000,0.000,156.326,0.000,0.000,0.000,978.230,13.060,295.559,45.0000000,-122.0000000,298.610,0.000,0.000,0.000,8,00:00:00,0.000,0.000,0.000
47.747,298.50435600000003,47.747,6,0.000,0.000,295.420,0.000,0.000,-16.151,0.000,0.000,128.224,0.000,4.528,0.000,0.000,138.034,0.000,0.000,0.000,978.240,13.060,295.473,45.0000000,-122.0000000,298.500,0.000,0.000,0.000,8,00:00:00,0.000,0.000,0.000
47.755,298.38700800000004,47.755,6,0.000,0.000,295.304,0.000,0.000,-15.259,0.000,0.000,111.070,0.000,4.536,0.000,0.000,120.880,0.000,0.000,0.000,978.250,13.060,295.388,45.0000000,-122.0000000,298.390,0.000,0.000,0.000,8,00:00:00,0.000,0.000,0.000
47.764,298.2602112,47.764,6,0.000,0.000,295.175,0.000,0.000,-14.402,0.000,0.000,95.054,0.000,4.545,0.000,0.000,104.864,0.000,0.000,0.000,978.270,13.060,295.216,45.0000000,-122.0000000,298.260,0.000,0.000,0.000,8,00:00:00,0.000,0.000,0.000
47.774,298.1227464,47.774,6,0.000,0.000,295.043,0.000,0.000,-13.597,0.000,0.000,80.176,0.000,4.555,0.000,0.000,89.986,0.000,0.000,0.000,978.280,13.060,295.131,45.0000000,-122.0000000,298.120,0.000,0.000,0.000,8,00:00:00,0.000,0.000,0.000
47.787,297.97217520000004,47.787,6,0.000,0.000,294.878,0.000,0.000,-12.730,0.000,0.000,66.436,0.000,4.568,0.000,0.000,76.246,0.000,0.000,0.000,978.300,13.060,294.959,45.0000000,-122.0000000,297.970,0.000,0.000,0.000,8,00:00:00,0.000,0.000,0.000
47.802,297.80544960000003,47.802,6,0.000,0.000,294.700,0.000,0.000,-11.920,0.000,0.000,53.833,0.000,4.583,0.000,0.000,63.643,0.000,0.000,0.000,978.320,13.060,294.788,45.0000000,-122.0000000,297.810,0.000,0.000,0.000,8,00:00:00,0.000,0.000,0.000
47.821,297.6183024,47.821,6,0.000,0.000,294.491,0.000,0.000,-11.111,0.000,0.000,42.369,0.000,4.602,0.000,0.000,52.179,0.000,0.000,0.000,978.340,13.070,294.617,45.0000000,-122.0000000,297.620,0.000,0.000,0.000,8,00:00:00,0.000,0.000,0.000
47.844,297.40402800000004,47.844,6,0.000,0.000,294.252,0.000,0.000,-10.371,0.000,0.000,32.042,0.000,4.625,0.000,0.000,41.852,0.000,0.000,0.000,978.370,13.070,294.360,45.0000000,-122.0000000,297.400,0.000,0.000,0.000,8,00:00:00,0.000,0.000,0.000
47.875,297.1522632,47.875,6,0.000,0.000,293.952,0.000,0.000,-9.658,0.000,0.000,22.853,0.000,4.656,0.000,0.000,32.663,0.000,0.000,0.000,978.400,13.070,294.103,45.0000000,-122.0000000,297.150,0.000,0.000,0.000,8,00:00:00,0.000,0.000,0.000
47.919,296.8425864,47.919,6,0.000,0.000,293.560,0.000,0.000,-8.998,0.000,0.000,14.803,0.000,4.700,0.000,0.000,24.613,0.000,0.000,0.000,978.430,13.070,293.847,45.0000000,-122.0000000,296.840,0.000,0.000,0.000,8,00:00:00,0.000,0.000,0.000
47.987,296.4323256,47.987,6,0.000,0.000,292.994,0.000,0.000,-8.447,0.000,0.000,7.890,0.000,4.768,0.000,0.000,17.700,0.000,0.000,0.000,978.480,13.070,293.419,45.0000000,-122.0000000,296.430,0.000,0.000,0.000,8,00:00:00,0.000,0.000,0.000
48.113,295.7895024,48.113,6,0.000,0.000,291.999,0.000,0.000,-8.152,0.000,0.000,2.121,0.000,4.894,0.000,0.000,11.931,0.000,0.000,0.000,978.560,13.080,292.734,45.0000000,-122.0000000,295.790,0.000,0.000,0.000,8,00:00:00,0.000,0.000,0.000
48.305,294.9500832,48.305,6,0.000,0.000,290.545,0.000,0.000,-8.072,0.000,0.000,0.091,0.000,5.086,0.000,0.000,9.901,0.000,0.000,0.000,978.660,13.080,291.878,45.0000000,-122.0000000,294.950,0.000,0.000,0.000,8,00:00:00,0.000,0.000,0.000
48.516,294.0737832,48.516,6,0.000,0.000,289.034,0.000,0.000,-7.959,0.000,0.000,0.007,0.000,5.297,0.000,0.000,9.817,0.000,0.000,0.000,978.760,13.090,291.022,45.0000000,-122.0000000,294.070,0.000,0.000,0.000,8,00:00:00,0.000,0.000,0.000
48.728,293.1956544,48.728,6,0.000,0.000,287.632,0.000,0.000,-7.798,0.000,0.000,-0.005,0.000,5.509,0.000,0.000,9.805,0.000,0.000,0.000,978.860,13.090,290.167,45.0000000,-122.0000000,293.200,0.000,0.000,0.000,8,00:00:00,0.000,0.000,0.000
48.94,292.31722080000003,48.940,6,0.000,0.000,286.348,0.000,0.000,-7.593,0.000,0.000,0.008,0.000,5.721,0.000,0.000,9.818,0.000,0.000,0.000,978.970,13.100,289.225,45.0000000,-122.0000000,292.320,0.000,0.000,0.000,8,00:00:00,0.000,0.000,0.000
49.152,291.43939680000005,49.152,6,0.000,0.000,285.193,0.000,0.000,-7.355,0.000,0.000,-0.006,0.000,5.933,0.000,0.000,9.804,0.000,0.000,0.000,979.070,13.110,288.370,45.0000000,-122.0000000,291.440,0.000,0.000,0.000,8,00:00:00,0.000,0.000,0.000
49.363,290.561268,49.363,6,0.000,0.000,284.162,0.000,0.000,-7.090,0.000,0.000,0.011,0.000,6.144,0.000,0.000,9.821,0.000,0.000,0.000,979.170,13.110,287.514,45.0000000,-122.0000000,290.560,0.000,0.000,0.000,8,00:00:00,0.000,0.000,0.000
49.575,289.683444,49.575,6,0.000,0.000,283.228,0.000,0.000,-6.816,0.000,0.000,-0.001,0.000,6.356,0.000,0.000,9.809,0.000,0.000,0.000,979.270,13.120,286.659,45.0000000,-122.0000000,289.680,0.000,0.000,0.000,8,00:00:00,0.000,0.000,0.000
49.787,288.80562000000003,49.787,6,0.000,0.000,282.366,0.000,0.000,-6.548,0.000,0.000,-0.005,0.000,6.568,0.000,0.000,9.805,0.000,0.000,0.000,979.380,13.120,285.718,45.0000000,-122.0000000,288.810,0.000,0.000,0.000,8,00:00:00,0.000,0.000,0.000
49.999,287.927796,49.999,7,0.000,0.000,281.569,0.000,0.000,-6.285,0.000,0.000,-0.001,0.000,0.000,0.000,0.000,9.809,0.000,0.000,0.000,979.480,13.130,284.863,45.0000000,-122.0000000,287.930,0.000,0.000,0.000,8,00:00:00,0.000,0.000,0.000
50.211,287.049972,50.211,7,0.000,0.000,280.820,0.000,0.000,-6.035,0.000,0.000,-0.001,0.000,0.212,0.000,0.000,9.809,0.000,0.000,0.000,979.580,13.130,284.008,45.0000000,-122.0000000,287.050,0.000,0.000,0.000,8,00:00:00,0.000,0.000,0.000
50.422,286.172148,50.422,7,0.000,0.000,280.096,0.000,0.000,-5.806,0.000,0.000,0.001,0.000,0.423,0.000,0.000,9.811,0.000,0.000,0.000,979.690,13.140,283.067,45.0000000,-122.0000000,286.170,0.000,0.000,0.000,8,00:00:00,0.000,0.000,0.000
50.634,285.2946288,50.634,7,0.000,0.000,279.389,0.000,0.000,-5.594,0.000,0.000,0.001,0.000,0.635,0.000,0.000,9.811,0.000,0.000,0.000,979.790,13.150,282.212,45.0000000,-122.0000000,285.290,0.000,0.000,0.000,8,00:00:00,0.000,0.000,0.000
50.846,284.4171096,50.846,7,0.000,0.000,278.697,0.000,0.000,-5.393,0.000,0.000,0.028,0.000,0.847,0.000,0.000,9.838,0.000,0.000,0.000,979.890,13.150,281.357,45.0000000,-122.0000000,284.420,0.000,0.000,0.000,8,00:00:00,0.000,0.000,0.000
51.057,283.5405048,51.057,7,0.000,0.000,278.005,0.000,0.000,-5.223,0.000,0.000,-0.017,0.000,1.058,0.000,0.000,9.793,0.000,0.000,0.000,980.000,13.160,280.417,45.0000000,-122.0000000,283.540,0.000,0.000,0.000,8,00:00:00,0.000,0.000,0.000
51.269,282.66268080000003,51.269,7,0.000,0.000,277.310,0.000,0.000,-5.066,0.000,0.000,-0.005,0.000,1.270,0.000,0.000,9.805,0.000,0.000,0.000,980.100,13.160,279.562,45.0000000,-122.0000000,282.660,0.000,0.000,0.000,8,00:00:00,0.000,0.000,0.000
51.481,281.7851616,51.481,7,0.000,0.000,276.618,0.000,0.000,-4.920,0.000,0.000,0.012,0.000,1.482,0.000,0.000,9.822,0.000,0.000,0.000,980.200,13.170,278.707,45.0000000,-122.0000000,281.790,0.000,0.000,0.000,8,00:00:00,0.000,0.000,0.000
51.693,280.908252,51.693,7,0.000,0.000,275.923,0.000,0.000,-4.792,0.000,0.000,-0.013,0.000,1.694,0.000,0.000,9.797,0.000,0.000,0.000,980.300,13.170,277.852,45.0000000,-122.0000000,280.910,0.000,0.000,0.000,8,00:00:00,0.000,0.000,0.000
51.904,280.0307328,51.904,7,0.000,0.000,275.216,0.000,0.000,-4.678,0.000,0.000,0.002,0.000,1.905,0.000,0.000,9.812,0.000,0.000,0.000,980.410,13.180,276.912,45.0000000,-122.0000000,280.030,0.000,0.000,0.000,8,00:00:00,0.000,0.000,0.000
52.116,279.15382320000003,52.116,7,0.000,0.000,274.501,0.000,0.000,-4.575,0.000,0.000,0.003,0.000,2.117,0.000,0.000,9.813,0.000,0.000,0.000,980.510,13.190,276.058,45.0000000,-122.0000000,279.150,0.000,0.000,0.000,8,00:00:00,0.000,0.000,0.000
52.328,278.2769136,52.328,7,0.000,0.000,273.783,0.000,0.000,-4.479,0.000,0.000,0.013,0.000,2.329,0.000,0.000,9.823,0.000,0.000,0.000,980.610,13.190,275.203,45.0000000,-122.0000000,278.280,0.000,0.000,0.000,8,00:00:00,0.000,0.000,0.000
52.539,277.4003088,52.539,7,0.000,0.000,273.051,0.000,0.000,-4.394,0.000,0.000,0.034,0.000,2.540,0.000,0.000,9.844,0.000,0.000,0.000,980.720,13.200,274.263,45.0000000,-122.0000000,277.400,0.000,0.000,0.000,8,00:00:00,0.000,0.000,0.000
52.751,276.5240088,52.751,7,0.000,0.000,272.310,0.000,0.000,-4.333,0.000,0.000,-0.047,0.000,2.752,0.000,0.000,9.763,0.000,0.000,0.000,980.820,13.200,273.409,45.0000000,-122.0000000,276.520,0.000,0.000,0.000,8,00:00:00,0.000,0.000,0.000
52.963,275.6461848,52.963,7,0.000,0.000,271.564,0.000,0.000,-4.268,0.000,0.000,0.005,0.000,2.964,0.000,0.000,9.815,0.000,0.000,0.000,980.920,13.210,272.555,45.0000000,-122.0000000,275.650,0.000,0.000,0.000,8,00:00:00,0.000,0.000,0.000
53.175,274.7698848,53.175,7,0.000,0.000,270.813,0.000,0.000,-4.211,0.000,0.000,0.001,0.000,3.176,0.000,0.000,9.811,0.000,0.000,0.000,981.020,13.210,271.701,45.0000000,-122.0000000,274.770,0.000,0.000,0.000,8,00:00:00,0.000,0.000,0.000
53.386,273.89328,53.386,7,0.000,0.000,270.048,0.000,0.000,-4.165,0.000,0.000,0.001,0.000,3.387,0.000,0.000,9.811,0.000,0.000,0.000,981.130,13.220,270.761,45.0000000,-122.0000000,273.890,0.000,0.000,0.000,8,00:00:00,0.000,0.000,0.000
53.598,273.0166752,53.598,7,0.000,0.000,269.274,0.000,0.000,-4.126,0.000,0.000,-0.003,0.000,3.599,0.000,0.000,9.807,0.000,0.000,0.000,981.230,13.230,269.907,45.0000000,-122.0000000,273.020,0.000,0.000,0.000,8,00:00:00,0.000,0.000,0.000
53.81,272.1400704,53.810,7,0.000,0.000,268.495,0.000,0.000,-4.090,0.000,0.000,0.001,0.000,3.811,0.000,0.000,9.811,0.000,0.000,0.000,981.330,13.230,269.053,45.0000000,-122.0000000,272.140,0.000,0.000,0.000,8,00:00:00,0.000,0.000,0.000
54.021,271.2637704,54.021,7,0.000,0.000,267.715,0.000,0.000,-4.058,0.000,0.000,0.004,0.000,4.022,0.000,0.000,9.814,0.000,0.000,0.000,981.430,13.240,268.199,45.0000000,-122.0000000,271.260,0.000,0.000,0.000,8,00:00:00,0.000,0.000,0.000
54.233,270.3874704,54.233,7,0.000,0.000,266.914,0.000,0.000,-4.035,0.000,0.000,0.002,0.000,4.234,0.000,0.000,9.812,0.000,0.000,0.000,981.540,13.240,267.260,45.0000000,-122.0000000,270.390,0.000,0.000,0.000,8,00:00:00,0.000,0.000,0.000
54.444,269.5111704,54.444,7,0.000,0.000,266.113,0.000,0.000,-4.016,0.000,0.000,0.001,0.000,4.445,0.000,0.000,9.811,0.000,0.000,0.000,981.640,13.250,266.406,45.0000000,-122.0000000,269.510,0.000,0.000,0.000,8,00:00:00,0.000,0.000,0.000
54.656,268.63517520000005,54.656,7,0.000,0.000,265.304,0.000,0.000,-4.002,0.000,0.000,-0.005,0.000,4.657,0.000,0.000,9.805,0.000,0.000,0.000,981.740,13.250,265.553,45.0000000,-122.0000000,268.640,0.000,0.000,0.000,8,00:00:00,0.000,0.000,0.000
54.868,267.75887520000003,54.868,7,0.000,0.000,264.479,0.000,0.000,-3.993,0.000,0.000,0.001,0.000,4.869,0.000,0.000,9.811,0.000,0.000,0.000,981.850,13.260,264.614,45.0000000,-122.0000000,267.760,0.000,0.000,0.000,8,00:00:00,0.000,0.000,0.000
55.079,266.88288,55.079,7,0.000,0.000,263.655,0.000,0.000,-3.985,0.000,0.000,0.003,0.000,5.080,0.000,0.000,9.813,0.000,0.000,0.000,981.950,13.270,263.760,45.0000000,-122.0000000,266.880,0.000,0.000,0.000,8,00:00:00,0.000,0.000,0.000
55.291,266.0071896,55.291,7,0.000,0.000,262.824,0.000,0.000,-3.979,0.000,0.000,0.003,0.000,5.292,0.000,0.000,9.813,0.000,0.000,0.000,982.050,13.270,262.907,45.0000000,-122.0000000,266.010,0.000,0.000,0.000,8,00:00:00,0.000,0.000,0.000
55.502,265.1311944,55.502,7,0.000,0.000,261.995,0.000,0.000,-3.976,0.000,0.000,0.000,0.000,5.503,0.000,0.000,9.810,0.000,0.000,0.000,982.150,13.280,262.053,45.0000000,-122.0000000,265.130,0.000,0.000,0.000,8,00:00:00,0.000,0.000,0.000
55.714,264.25550400000003,55.714,7,0.000,0.000,261.146,0.000,0.000,-3.978,0.000,0.000,-0.002,0.000,5.715,0.000,0.000,9.808,0.000,0.000,0.000,982.260,13.280,261.115,45.0000000,-122.0000000,264.260,0.000,0.000,0.000,8,00:00:00,0.000,0.000,0.000
55.925,263.3795088,55.925,7,0.000,0.000,260.301,0.000,0.000,-3.976,0.000,0.000,0.021,0.000,5.926,0.000,0.000,9.831,0.000,0.000,0.000,982.360,13.290,260.261,45.0000000,-122.0000000,263.380,0.000,0.000,0.000,8,00:00:00,0.000,0.000,0.000
56.137,262.504428,56.137,7,0.000,0.000,259.451,0.000,0.000,-3.977,0.000,0.000,0.010,0.000,6.138,0.000,0.000,9.820,0.000,0.000,0.000,982.460,13.290,259.408,45.0000000,-122.0000000,262.500,0.000,0.000,0.000,8,00:00:00,0.000,0.000,0.000
56.348,261.6290424,56.348,7,0.000,0.000,258.590,0.000,0.000,-3.990,0.000,0.000,-0.025,0.000,6.349,0.000,0.000,9.785,0.000,0.000,0.000,982.570,13.300,258.470,45.0000000,-122.0000000,261.630,0.000,0.000,0.000,8,00:00:00,0.000,0.000,0.000
56.56,260.7530472,56.560,7,0.000,0.000,257.726,0.000,0.000,-3.997,0.000,0.000,0.001,0.000,6.561,0.000,0.000,9.811,0.000,0.000,0.000,982.670,13.300,257.617,45.0000000,-122.0000000,260.750,0.000,0.000,0.000,8,00:00:00,0.000,0.000,0.000
56.771,259.8776616,56.771,7,0.000,0.000,256.865,0.000,0.000,-4.004,0.000,0.000,-0.002,0.000,6.772,0.000,0.000,9.808,0.000,0.000,0.000,982.770,13.310,256.764,45.0000000,-122.0000000,259.880,0.000,0.000,0.000,8,00:00:00,0.000,0.000,0.000
56.983,259.002276,56.983,7,0.000,0.000,256.001,0.000,0.000,-4.004,0.000,0.000,0.027,0.000,6.984,0.000,0.000,9.837,0.000,0.000,0.000,982.870,13.320,255.911,45.0000000,-122.0000000,259.000,0.000,0.000,0.000,8,00:00:00,0.000,0.000,0.000
57.194,258.1275,57.194,7,0.000,0.000,255.129,0.000,0.000,-4.019,0.000,0.000,-0.026,0.000,7.195,0.000,0.000,9.784,0.000,0.000,0.000,982.980,13.320,254.973,45.0000000,-122.0000000,258.130,0.000,0.000,0.000,8,00:00:00,0.000,0.000,0.000
57.406,257.2518096,57.406,7,0.000,0.000,254.254,0.000,0.000,-4.025,0.000,0.000,0.012,0.000,7.407,0.000,0.000,9.822,0.000,0.000,0.000,983.080,13.330,254.120,45.0000000,-122.0000000,257.250,0.000,0.000,0.000,8,00:00:00,0.000,0.000,0.000
57.617,256.3767288,57.617,7,0.000,0.000,253.384,0.000,0.000,-4.033,0.000,0.000,-0.002,0.000,7.618,0.000,0.000,9.808,0.000,0.000,0.000,983.180,13.330,253.267,45.0000000,-122.0000000,256.380,0.000,0.000,0.000,8,00:00:00,0.000,0.000,0.000
57.829,255.50164800000002,57.829,7,0.000,0.000,252.512,0.000,0.000,-4.041,0.000,0.000,-0.006,0.000,7.830,0.000,0.000,9.804,0.000,0.000,0.000,983.280,13.340,252.415,45.0000000,-122.0000000,255.500,0.000,0.000,0.000,8,00:00:00,0.000,0.000,0.000
58.04,254.6265672,58.040,7,0.000,0.000,251.633,0.000,0.000,-4.047,0.000,0.000,0.018,0.000,8.041,0.000,0.000,9.828,0.000,0.000,0.000,983.390,13.350,251.477,45.0000000,-122.0000000,254.630,0.000,0.000,0.000,8,00:00:00,0.000,0.000,0.000
58.252,253.752096,58.252,7,0.000,0.000,250.753,0.000,0.000,-4.057,0.000,0.000,-0.007,0.000,8.253,0.000,0.000,9.803,0.000,0.000,0.000,983.490,13.350,250.625,45.0000000,-122.0000000,253.750,0.000,0.000,0.000,8,00:00:00,0.000,0.000,0.000
58.463,252.87701520000002,58.463,7,0.000,0.000,249.879,0.000,0.000,-4.059,0.000,0.000,0.024,0.000,8.464,0.000,0.000,9.834,0.000,0.000,0.000,983.590,13.360,249.772,45.0000000,-122.0000000,252.880,0.000,0.000,0.000,8,00:00:00,0.000,0.000,0.000
58.675,252.0028488,58.675,7,0.000,0.000,249.003,0.000,0.000,-4.071,0.000,0.000,-0.030,0.000,8.676,0.000,0.000,9.780,0.000,0.000,0.000,983.690,13.360,248.920,45.0000000,-122.0000000,252.000,0.000,0.000,0.000,8,00:00:00,0.000,0.000,0.000
58.886,251.12746320000002,58.886,7,0.000,0.000,248.121,0.000,0.000,-4.080,0.000,0.000,-0.002,0.000,8.887,0.000,0.000,9.808,0.000,0.000,0.000,983.800,13.370,247.983,45.0000000,-122.0000000,251.130,0.000,0.000,0.000,8,00:00:00,0.000,0.000,0.000
59.098,250.252992,59.098,7,0.000,0.000,247.237,0.000,0.000,-4.086,0.000,0.000,0.003,0.000,9.099,0.000,0.000,9.813,0.000,0.000,0.000,983.900,13.370,247.130,45.0000000,-122.0000000,250.250,0.000,0.000,0.000,8,00:00:00,0.000,0.000,0.000
59.309,249.37852080000002,59.309,7,0.000,0.000,246.361,0.000,0.000,-4.090,0.000,0.000,0.008,0.000,9.310,0.000,0.000,9.818,0.000,0.000,0.000,984.000,13.380,246.278,45.0000000,-122.0000000,249.380,0.000,0.000,0.000,8,00:00:00,0.000,0.000,0.000
59.52,248.50404960000003,59.520,7,0.000,0.000,245.475,0.000,0.000,-4.101,0.000,0.000,-0.009,0.000,9.521,0.000,0.000,9.801,0.000,0.000,0.000,984.110,13.390,245.341,45.0000000,-122.0000000,248.500,0.000,0.000,0.000,8,00:00:00,0.000,0.000,0.000
59.732,247.6295784,59.732,7,0.000,0.000,244.588,0.000,0.000,-4.106,0.000,0.000,0.007,0.000,9.733,0.000,0.000,9.817,0.000,0.000,0.000,984.210,13.390,244.489,45.0000000,-122.0000000,247.630,0.000,0.000,0.000,8,00:00:00,0.000,0.000,0.000
59.943,246.75541200000004,59.943,7,0.000,0.000,243.710,0.000,0.000,-4.111,0.000,0.000,-0.005,0.000,9.944,0.000,0.000,9.805,0.000,0.000,0.000,984.310,13.400,243.637,45.0000000,-122.0000000,246.760,0.000,0.000,0.000,8,00:00:00,0.000,0.000,0.000
60.154,245.88094080000002,60.154,7,0.000,0.000,242.834,0.000,0.000,-4.112,0.000,0.000,0.013,0.000,10.155,0.000,0.000,9.823,0.000,0.000,0.000,984.410,13.400,242.785,45.0000000,-122.0000000,245.880,0.000,0.000,0.000,8,00:00:00,0.000,0.000,0.000
60.366,245.0070792,60.366,7,0.000,0.000,241.958,0.000,0.000,-4.116,0.000,0.000,-0.012,0.000,10.367,0.000,0.000,9.798,0.000,0.000,0.000,984.510,13.410,241.934,45.0000000,-122.0000000,245.010,0.000,0.000,0.000,8,00:00:00,0.000,0.000,0.000
60.577,244.13260800000003,60.577,7,0.000,0.000,241.076,0.000,0.000,-4.120,0.000,0.000,0.007,0.000,10.578,0.000,0.000,9.817,0.000,0.000,0.000,984.620,13.410,240.997,45.0000000,-122.0000000,244.130,0.000,0.000,0.000,8,00:00:00,0.000,0.000,0.000
60.788,243.2587464,60.788,7,0.000,0.000,240.198,0.000,0.000,-4.124,0.000,0.000,-0.005,0.000,10.789,0.000,0.000,9.805,0.000,0.000,0.000,984.720,13.420,240.145,45.0000000,-122.0000000,243.260,0.000,0.000,0.000,8,00:00:00,0.000,0.000,0.000
61.0,242.3848848,61.000,7,0.000,0.000,239.319,0.000,0.000,-4.125,0.000,0.000,0.002,0.000,11.001,0.000,0.000,9.812,0.000,0.000,0.000,984.820,13.420,239.294,45.0000000,-122.0000000,242.380,0.000,0.000,0.000,8,00:00:00,0.000,0.000,0.000
61.211,241.5110232,61.211,7,0.000,0.000,238.448,0.000,0.000,-4.120,0.000,0.000,0.024,0.000,11.212,0.000,0.000,9.834,0.000,0.000,0.000,984.920,13.430,238.442,45.0000000,-122.0000000,241.510,0.000,0.000,0.000,8,00:00:00,0.000,0.000,0.000
61.422,240.63777120000003,61.422,7,0.000,0.000,237.568,0.000,0.000,-4.124,0.000,0.000,0.004,0.000,11.423,0.000,0.000,9.814,0.000,0.000,0.000,985.030,13.440,237.506,45.0000000,-122.0000000,240.640,0.000,0.000,0.000,8,00:00:00,0.000,0.000,0.000
61.634,239.7639096,61.634,7,0.000,0.000,236.688,0.000,0.000,-4.131,0.000,0.000,-0.026,0.000,11.635,0.000,0.000,9.784,0.000,0.000,0.000,985.130,13.440,236.655,45.0000000,-122.0000000,239.760,0.000,0.000,0.000,8,00:00:00,0.000,0.000,0.000
61.845,238.88974320000003,61.845,7,0.000,0.000,235.814,0.000,0.000,-4.132,0.000,0.000,0.001,0.000,11.846,0.000,0.000,9.811,0.000,0.000,0.000,985.230,13.450,235.803,45.0000000,-122.0000000,238.890,0.000,0.000,0.000,8,00:00:00,0.000,0.000,0.000
62.056,238.0161864,62.056,7,0.000,0.000,234.931,0.000,0.000,-4.136,0.000,0.000,0.002,0.000,12.057,0.000,0.000,9.812,0.000,0.000,0.000,985.340,13.450,234.867,45.0000000,-122.0000000,238.020,0.000,0.000,0.000,8,00:00:00,0.000,0.000,0.000
62.268,237.14262960000002,62.268,7,0.000,0.000,234.049,0.000,0.000,-4.138,0.000,0.000,-0.001,0.000,12.269,0.000,0.000,9.809,0.000,0.000,0.000,985.440,13.460,234.016,45.0000000,-122.0000000,237.140,0.000,0.000,0.000,8,00:00:00,0.000,0.000,0.000
62.479,236.2693776,62.479,7,0.000,0.000,233.174,0.000,0.000,-4.138,0.000,0.000,0.001,0.000,12.480,0.000,0.000,9.811,0.000,0.000,0.000,985.540,13.460,233.165,45.0000000,-122.0000000,236.270,0.000,0.000,0.000,8,00:00:00,0.000,0.000,0.000
62.69,235.39582080000002,62.690,7,0.000,0.000,232.303,0.000,0.000,-4.136,0.000,0.000,0.008,0.000,12.691,0.000,0.000,9.818,0.000,0.000,0.000,985.640,13.470,232.314,45.0000000,-122.0000000,235.400,0.000,0.000,0.000,8,00:00:00,0.000,0.000,0.000
62.901,234.52287360000003,62.901,7,0.000,0.000,231.435,0.000,0.000,-4.133,0.000,0.000,0.003,0.000,12.902,0.000,0.000,9.813,0.000,0.000,0.000,985.740,13.480,231.463,45.0000000,-122.0000000,234.520,0.000,0.000,0.000,8,00:00:00,0.000,0.000,0.000
63.112,233.64962160000002,63.112,7,0.000,0.000,230.558,0.000,0.000,-4.137,0.000,0.000,-0.009,0.000,13.113,0.000,0.000,9.801,0.000,0.000,0.000,985.850,13.480,230.527,45.0000000,-122.0000000,233.650,0.000,0.000,0.000,8,00:00:00,0.000,0.000,0.000
63.324,232.7763696,63.324,7,0.000,0.000,229.680,0.000,0.000,-4.137,0.000,0.000,0.003,0.000,13.325,0.000,0.000,9.813,0.000,0.000,0.000,985.950,13.490,229.677,45.0000000,-122.0000000,232.780,0.000,0.000,0.000,8,00:00:00,0.000,0.000,0.000
63.535,231.9034224,63.535,7,0.000,0.000,228.810,0.000,0.000,-4.136,0.000,0.000,0.000,0.000,13.536,0.000,0.000,9.810,0.000,0.000,0.000,986.050,13.490,228.826,45.0000000,-122.0000000,231.900,0.000,0.000,0.000,8,00:00:00,0.000,0.000,0.000
63.746,231.0304752,63.746,7,0.000,0.000,227.943,0.000,0.000,-4.134,0.000,0.000,0.000,0.000,13.747,0.000,0.000,9.810,0.000,0.000,0.000,986.150,13.500,227.975,45.0000000,-122.0000000,231.030,0.000,0.000,0.000,8,00:00:00,0.000,0.000,0.000
63.957,230.157528,63.957,7,0.000,0.000,227.066,0.000,0.000,-4.134,0.000,0.000,0.006,0.000,13.958,0.000,0.000,9.816,0.000,0.000,0.000,986.260,13.500,227.040,45.0000000,-122.0000000,230.160,0.000,0.000,0.000,8,00:00:00,0.000,0.000,0.000
64.168,229.28458080000001,64.168,7,0.000,0.000,226.193,0.000,0.000,-4.134,0.000,0.000,0.003,0.000,14.169,0.000,0.000,9.813,0.000,0.000,0.000,986.360,13.510,226.189,45.0000000,-122.0000000,229.280,0.000,0.000,0.000,8,00:00:00,0.000,0.000,0.000
64.37899999999999,228.41193840000003,64.379,7,0.000,0.000,225.324,0.000,0.000,-4.132,0.000,0.000,0.003,0.000,14.380,0.000,0.000,9.813,0.000,0.000,0.000,986.460,13.520,225.339,45.0000000,-122.0000000,228.410,0.000,0.000,0.000,8,00:00:00,0.000,0.000,0.000
64.59100000000001,227.539296,64.591,7,0.000,0.000,224.454,0.000,0.000,-4.130,0.000,0.000,-0.002,0.000,14.591,0.000,0.000,9.808,0.000,0.000,0.000,986.560,13.520,224.489,45.0000000,-122.0000000,227.540,0.000,0.000,0.000,8,00:00:00,0.000,0.000,0.000
64.80199999999999,226.66665360000002,64.802,7,0.000,0.000,223.578,0.000,0.000,-4.132,0.000,0.000,-0.002,0.000,14.803,0.000,0.000,9.808,0.000,0.000,0.000,986.670,13.530,223.553,45.0000000,-122.0000000,226.670,0.000,0.000,0.000,8,00:00:00,0.000,0.000,0.000
65.013,225.7940112,65.013,7,0.000,0.000,222.706,0.000,0.000,-4.133,0.000,0.000,0.000,0.000,15.014,0.000,0.000,9.810,0.000,0.000,0.000,986.770,13.530,222.703,45.0000000,-122.0000000,225.790,0.000,0.000,0.000,8,00:00:00,0.000,0.000,0.000
65.22399999999999,224.92167360000002,65.224,7,0.000,0.000,221.837,0.000,0.000,-4.129,0.000,0.000,0.012,0.000,15.225,0.000,0.000,9.822,0.000,0.000,0.000,986.870,13.540,221.853,45.0000000,-122.0000000,224.920,0.000,0.000,0.000,8,00:00:00,0.000,0.000,0.000
65.435,224.04933600000004,65.435,7,0.000,0.000,220.971,0.000,0.000,-4.129,0.000,0.000,-0.012,0.000,15.436,0.000,0.000,9.798,0.000,0.000,0.000,986.970,13.540,221.003,45.0000000,-122.0000000,224.050,0.000,0.000,0.000,8,00:00:00,0.000,0.000,0.000
65.646,223.17669360000002,65.646,7,0.000,0.000,220.095,0.000,0.000,-4.131,0.000,0.000,0.000,0.000,15.647,0.000,0.000,9.810,0.000,0.000,0.000,987.080,13.550,220.068,45.0000000,-122.0000000,223.180,0.000,0.000,0.000,8,00:00:00,0.000,0.000,0.000
65.857,222.30466080000002,65.857,7,0.000,0.000,219.223,0.000,0.000,-4.132,0.000,0.000,-0.001,0.000,15.858,0.000,0.000,9.809,0.000,0.000,0.000,987.180,13.550,219.218,45.0000000,-122.0000000,222.300,0.000,0.000,0.000,8,00:00:00,0.000,0.000,0.000
66.068,221.4323232,66.068,7,0.000,0.000,218.353,0.000,0.000,-4.130,0.000,0.000,0.001,0.000,16.069,0.000,0.000,9.811,0.000,0.000,0.000,987.280,13.560,218.369,45.0000000,-122.0000000,221.430,0.000,0.000,0.000,8,00:00:00,0.000,0.000,0.000
66.279,220.5602904,66.279,7,0.000,0.000,217.487,0.000,0.000,-4.127,0.000,0.000,0.006,0.000,16.280,0.000,0.000,9.816,0.000,0.000,0.000,987.380,13.570,217.519,45.0000000,-122.0000000,220.560,0.000,0.000,0.000,8,00:00:00,0.000,0.000,0.000
66.491,219.6882576,66.491,7,0.000,0.000,216.621,0.000,0.000,-4.122,0.000,0.000,0.008,0.000,16.492,0.000,0.000,9.818,0.000,0.000,0.000,987.480,13.570,216.669,45.0000000,-122.0000000,219.690,0.000,0.000,0.000,8,00:00:00,0.000,0.000,0.000
66.702,218.81652960000002,66.702,7,0.000,0.000,215.749,0.000,0.000,-4.118,0.000,0.000,0.025,0.000,16.703,0.000,0.000,9.835,0.000,0.000,0.000,987.590,13.580,215.735,45.0000000,-122.0000000,218.820,0.000,0.000,0.000,8,00:00:00,0.000,0.000,0.000
66.913,217.94510640000001,66.913,7,0.000,0.000,214.881,0.000,0.000,-4.123,0.000,0.000,-0.026,0.000,16.914,0.000,0.000,9.784,0.000,0.000,0.000,987.690,13.580,214.885,45.0000000,-122.0000000,217.950,0.000,0.000,0.000,8,00:00:00,0.000,0.000,0.000
67.124,217.07276880000003,67.124,7,0.000,0.000,214.014,0.000,0.000,-4.124,0.000,0.000,-0.009,0.000,17.125,0.000,0.000,9.801,0.000,0.000,0.000,987.790,13.590,214.036,45.0000000,-122.0000000,217.070,0.000,0.000,0.000,8,00:00:00,0.000,0.000,0.000
67.33500000000001,216.20073600000003,67.335,7,0.000,0.000,213.150,0.000,0.000,-4.120,0.000,0.000,0.006,0.000,17.336,0.000,0.000,9.816,0.000,0.000,0.000,987.890,13.590,213.186,45.0000000,-122.0000000,216.200,0.000,0.000,0.000,8,00:00:00,0.000,0.000,0.000
67.54599999999999,215.32931280000003,67.546,7,0.000,0.000,212.277,0.000,0.000,-4.122,0.000,0.000,-0.004,0.000,17.547,0.000,0.000,9.806,0.000,0.000,0.000,988.000,13.600,212.252,45.0000000,-122.0000000,215.330,0.000,0.000,0.000,8,00:00:00,0.000,0.000,0.000
67.757,214.4575848,67.757,7,0.000,0.000,211.407,0.000,0.000,-4.121,0.000,0.000,0.009,0.000,17.758,0.000,0.000,9.819,0.000,0.000,0.000,988.100,13.610,211.403,45.0000000,-122.0000000,214.460,0.000,0.000,0.000,8,00:00:00,0.000,0.000,0.000
67.968,213.5861616,67.968,7,0.000,0.000,210.539,0.000,0.000,-4.122,0.000,0.000,-0.008,0.000,17.969,0.000,0.000,9.802,0.000,0.000,0.000,988.200,13.610,210.554,45.0000000,-122.0000000,213.590,0.000,0.000,0.000,8,00:00:00,0.000,0.000,0.000
68.179,212.71473840000002,68.179,7,0.000,0.000,209.675,0.000,0.000,-4.118,0.000,0.000,0.006,0.000,18.180,0.000,0.000,9.816,0.000,0.000,0.000,988.300,13.620,209.705,45.0000000,-122.0000000,212.710,0.000,0.000,0.000,8,00:00:00,0.000,0.000,0.000
68.39,211.8433152,68.390,7,0.000,0.000,208.813,0.000,0.000,-4.116,0.000,0.000,-0.003,0.000,18.391,0.000,0.000,9.807,0.000,0.000,0.000,988.400,13.620,208.856,45.0000000,-122.0000000,211.840,0.000,0.000,0.000,8,00:00:00,0.000,0.000,0.000
68.601,210.971892,68.601,7,0.000,0.000,207.941,0.000,0.000,-4.116,0.000,0.000,0.005,0.000,18.602,0.000,0.000,9.815,0.000,0.000,0.000,988.510,13.630,207.922,45.0000000,-122.0000000,210.970,0.000,0.000,0.000,8,00:00:00,0.000,0.000,0.000
68.812,210.10077360000002,68.812,7,0.000,0.000,207.073,0.000,0.000,-4.117,0.000,0.000,-0.001,0.000,18.813,0.000,0.000,9.809,0.000,0.000,0.000,988.610,13.630,207.073,45.0000000,-122.0000000,210.100,0.000,0.000,0.000,8,00:00:00,0.000,0.000,0.000
69.023,209.2296552,69.023,7,0.000,0.000,206.207,0.000,0.000,-4.116,0.000,0.000,-0.002,0.000,19.024,0.000,0.000,9.808,0.000,0.000,0.000,988.710,13.640,206.224,45.0000000,-122.0000000,209.230,0.000,0.000,0.000,8,00:00:00,0.000,0.000,0.000
69.234,208.35853680000002,69.234,7,0.000,0.000,205.344,0.000,0.000,-4.114,0.000,0.000,0.002,0.000,19.235,0.000,0.000,9.812,0.000,0.000,0.000,988.810,13.650,205.375,45.0000000,-122.0000000,208.360,0.000,0.000,0.000,8,00:00:00,0.000,0.000,0.000
69.445,207.4874184,69.445,7,0.000,0.000,204.484,0.000,0.000,-4.108,0.000,0.000,0.013,0.000,19.446,0.000,0.000,9.823,0.000,0.000,0.000,988.910,13.650,204.527,45.0000000,-122.0000000,207.490,0.000,0.000,0.000,8,00:00:00,0.000,0.000,0.000
69.656,206.61690959999999,69.656,7,0.000,0.000,203.613,0.000,0.000,-4.112,0.000,0.000,-0.012,0.000,19.657,0.000,0.000,9.798,0.000,0.000,0.000,989.020,13.660,203.593,45.0000000,-122.0000000,206.620,0.000,0.000,0.000,8,00:00:00,0.000,0.000,0.000
69.867,205.7457912,69.867,7,0.000,0.000,202.746,0.000,0.000,-4.111,0.000,0.000,0.003,0.000,19.868,0.000,0.000,9.813,0.000,0.000,0.000,989.120,13.660,202.745,45.0000000,-122.0000000,205.750,0.000,0.000,0.000,8,00:00:00,0.000,0.000,0.000
70.078,204.87497760000002,70.078,7,0.000,0.000,201.881,0.000,0.000,-4.111,0.000,0.000,-0.002,0.000,20.079,0.000,0.000,9.808,0.000,0.000,0.000,989.220,13.670,201.896,45.0000000,-122.0000000,204.870,0.000,0.000,0.000,8,00:00:00,0.000,0.000,0.000
70.289,204.004164,70.289,7,0.000,0.000,201.019,0.000,0.000,-4.109,0.000,0.000,0.001,0.000,20.290,0.000,0.000,9.811,0.000,0.000,0.000,989.320,13.670,201.048,45.0000000,-122.0000000,204.000,0.000,0.000,0.000,8,00:00:00,0.000,0.000,0.000
70.499,203.1336552,70.499,7,0.000,0.000,200.150,0.000,0.000,-4.111,0.000,0.000,0.001,0.000,20.500,0.000,0.000,9.811,0.000,0.000,0.000,989.430,13.680,200.115,45.0000000,-122.0000000,203.130,0.000,0.000,0.000,8,00:00:00,0.000,0.000,0.000
70.71,202.2628416,70.710,7,0.000,0.000,199.280,0.000,0.000,-4.108,0.000,0.000,0.016,0.000,20.711,0.000,0.000,9.826,0.000,0.000,0.000,989.530,13.690,199.267,45.0000000,-122.0000000,202.260,0.000,0.000,0.000,8,00:00:00,0.000,0.000,0.000
70.921,201.39294240000004,70.921,7,0.000,0.000,198.414,0.000,0.000,-4.110,0.000,0.000,-0.011,0.000,20.922,0.000,0.000,9.799,0.000,0.000,0.000,989.630,13.690,198.419,45.0000000,-122.0000000,201.390,0.000,0.000,0.000,8,00:00:00,0.000,0.000,0.000
71.132,200.5221288,71.132,7,0.000,0.000,197.550,0.000,0.000,-4.109,0.000,0.000,0.001,0.000,21.133,0.000,0.000,9.811,0.000,0.000,0.000,989.730,13.700,197.570,45.0000000,-122.0000000,200.520,0.000,0.000,0.000,8,00:00:00,0.000,0.000,0.000
71.343,199.6519248,71.343,7,0.000,0.000,196.690,0.000,0.000,-4.102,0.000,0.000,0.023,0.000,21.344,0.000,0.000,9.833,0.000,0.000,0.000,989.830,13.700,196.722,45.0000000,-122.0000000,199.650,0.000,0.000,0.000,8,00:00:00,0.000,0.000,0.000
71.554,198.78202560000003,71.554,7,0.000,0.000,195.819,0.000,0.000,-4.108,0.000,0.000,-0.020,0.000,21.555,0.000,0.000,9.790,0.000,0.000,0.000,989.940,13.710,195.790,45.0000000,-122.0000000,198.780,0.000,0.000,0.000,8,00:00:00,0.000,0.000,0.000
71.765,197.91121200000003,71.765,7,0.000,0.000,194.951,0.000,0.000,-4.105,0.000,0.000,0.015,0.000,21.766,0.000,0.000,9.825,0.000,0.000,0.000,990.040,13.710,194.942,45.0000000,-122.0000000,197.910,0.000,0.000,0.000,8,00:00:00,0.000,0.000,0.000
71.976,197.0416176,71.976,7,0.000,0.000,194.086,0.000,0.000,-4.108,0.000,0.000,-0.017,0.000,21.977,0.000,0.000,9.793,0.000,0.000,0.000,990.140,13.720,194.094,45.0000000,-122.0000000,197.040,0.000,0.000,0.000,8,00:00:00,0.000,0.000,0.000
72.187,196.1711088,72.187,7,0.000,0.000,193.223,0.000,0.000,-4.107,0.000,0.000,-0.001,0.000,22.188,0.000,0.000,9.809,0.000,0.000,0.000,990.240,13.720,193.246,45.0000000,-122.0000000,196.170,0.000,0.000,0.000,8,00:00:00,0.000,0.000,0.000
72.397,195.3009048,72.397,7,0.000,0.000,192.366,0.000,0.000,-4.105,0.000,0.000,0.000,0.000,22.398,0.000,0.000,9.810,0.000,0.000,0.000,990.340,13.730,192.399,45.0000000,-122.0000000,195.300,0.000,0.000,0.000,8,00:00:00,0.000,0.000,0.000
72.608,194.43100560000002,72.608,7,0.000,0.000,191.495,0.000,0.000,-4.106,0.000,0.000,0.001,0.000,22.609,0.000,0.000,9.811,0.000,0.000,0.000,990.450,13.740,191.466,45.0000000,-122.0000000,194.430,0.000,0.000,0.000,8,00:00:00,0.000,0.000,0.000
72.819,193.5614112,72.819,7,0.000,0.000,190.627,0.000,0.000,-4.107,0.000,0.000,0.001,0.000,22.820,0.000,0.000,9.811,0.000,0.000,0.000,990.550,13.740,190.619,45.0000000,-122.0000000,193.560,0.000,0.000,0.000,8,00:00:00,0.000,0.000,0.000
73.03,192.69151200000002,73.030,7,0.000,0.000,189.762,0.000,0.000,-4.105,0.000,0.000,0.004,0.000,23.031,0.000,0.000,9.814,0.000,0.000,0.000,990.650,13.750,189.771,45.0000000,-122.0000000,192.690,0.000,0.000,0.000,8,00:00:00,0.000,0.000,0.000
73.24,191.8219176,73.240,7,0.000,0.000,188.904,0.000,0.000,-4.105,0.000,0.000,-0.003,0.000,23.241,0.000,0.000,9.807,0.000,0.000,0.000,990.750,13.750,188.924,45.0000000,-122.0000000,191.820,0.000,0.000,0.000,8,00:00:00,0.000,0.000,0.000
73.451,190.9520184,73.451,7,0.000,0.000,188.031,0.000,0.000,-4.107,0.000,0.000,0.001,0.000,23.452,0.000,0.000,9.811,0.000,0.000,0.000,990.860,13.760,187.992,45.0000000,-122.0000000,190.950,0.000,0.000,0.000,8,00:00:00,0.000,0.000,0.000
73.662,190.0827288,73.662,7,0.000,0.000,187.162,0.000,0.000,-4.106,0.000,0.000,0.012,0.000,23.663,0.000,0.000,9.822,0.000,0.000,0.000,990.960,13.760,187.145,45.0000000,-122.0000000,190.080,0.000,0.000,0.000,8,00:00:00,0.000,0.000,0.000
73.873,189.2134392,73.873,7,0.000,0.000,186.295,0.000,0.000,-4.107,0.000,0.000,-0.009,0.000,23.874,0.000,0.000,9.801,0.000,0.000,0.000,991.060,13.770,186.297,45.0000000,-122.0000000,189.210,0.000,0.000,0.000,8,00:00:00,0.000,0.000,0.000
74.084,188.34384480000003,74.084,7,0.000,0.000,185.432,0.000,0.000,-4.105,0.000,0.000,0.004,0.000,24.085,0.000,0.000,9.814,0.000,0.000,0.000,991.160,13.780,185.450,45.0000000,-122.0000000,188.340,0.000,0.000,0.000,8,00:00:00,0.000,0.000,0.000
74.294,187.4745552,74.294,7,0.000,0.000,184.575,0.000,0.000,-4.103,0.000,0.000,0.002,0.000,24.295,0.000,0.000,9.812,0.000,0.000,0.000,991.260,13.780,184.603,45.0000000,-122.0000000,187.470,0.000,0.000,0.000,8,00:00:00,0.000,0.000,0.000
74.505,186.6052656,74.505,7,0.000,0.000,183.716,0.000,0.000,-4.097,0.000,0.000,0.015,0.000,24.506,0.000,0.000,9.825,0.000,0.000,0.000,991.360,13.790,183.756,45.0000000,-122.0000000,186.610,0.000,0.000,0.000,8,00:00:00,0.000,0.000,0.000
74.716,185.7362808,74.716,7,0.000,0.000,182.848,0.000,0.000,-4.102,0.000,0.000,-0.014,0.000,24.717,0.000,0.000,9.796,0.000,0.000,0.000,991.470,13.790,182.825,45.0000000,-122.0000000,185.740,0.000,0.000,0.000,8,00:00:00,0.000,0.000,0.000
74.927,184.8669912,74.927,7,0.000,0.000,181.981,0.000,0.000,-4.102,0.000,0.000,-0.001,0.000,24.928,0.000,0.000,9.809,0.000,0.000,0.000,991.570,13.800,181.978,45.0000000,-122.0000000,184.870,0.000,0.000,0.000,8,00:00:00,0.000,0.000,0.000
75.137,183.99770160000003,75.137,7,0.000,0.000,181.122,0.000,0.000,-4.102,0.000,0.000,-0.002,0.000,25.138,0.000,0.000,9.808,0.000,0.000,0.000,991.670,13.800,181.131,45.0000000,-122.0000000,184.000,0.000,0.000,0.000,8,00:00:00,0.000,0.000,0.000
75.348,183.1287168,75.348,7,0.000,0.000,180.260,0.000,0.000,-4.100,0.000,0.000,0.001,0.000,25.349,0.000,0.000,9.811,0.000,0.000,0.000,991.770,13.810,180.285,45.0000000,-122.0000000,183.130,0.000,0.000,0.000,8,00:00:00,0.000,0.000,0.000
75.559,182.259732,75.559,7,0.000,0.000,179.401,0.000,0.000,-4.097,0.000,0.000,0.002,0.000,25.560,0.000,0.000,9.812,0.000,0.000,0.000,991.870,13.820,179.438,45.0000000,-122.0000000,182.260,0.000,0.000,0.000,8,00:00:00,0.000,0.000,0.000
75.769,181.391052,75.769,7,0.000,0.000,178.536,0.000,0.000,-4.099,0.000,0.000,0.001,0.000,25.770,0.000,0.000,9.811,0.000,0.000,0.000,991.980,13.820,178.507,45.0000000,-122.0000000,181.390,0.000,0.000,0.000,8,00:00:00,0.000,0.000,0.000
75.98,180.52237200000002,75.980,7,0.000,0.000,177.670,0.000,0.000,-4.096,0.000,0.000,0.016,0.000,25.981,0.000,0.000,9.826,0.000,0.000,0.000,992.080,13.830,177.660,45.0000000,-122.0000000,180.520,0.000,0.000,0.000,8,00:00:00,0.000,0.000,0.000
76.19,179.65399680000002,76.190,7,0.000,0.000,176.810,0.000,0.000,-4.097,0.000,0.000,-0.004,0.000,26.191,0.000,0.000,9.806,0.000,0.000,0.000,992.180,13.830,176.814,45.0000000,-122.0000000,179.650,0.000,0.000,0.000,8,00:00:00,0.000,0.000,0.000
76.401,178.78531680000003,76.401,7,0.000,0.000,175.949,0.000,0.000,-4.096,0.000,0.000,-0.001,0.000,26.402,0.000,0.000,9.809,0.000,0.000,0.000,992.280,13.840,175.968,45.0000000,-122.0000000,178.790,0.000,0.000,0.000,8,00:00:00,0.000,0.000,0.000
76.612,177.91663680000002,76.612,7,0.000,0.000,175.090,0.000,0.000,-4.096,0.000,0.000,-0.009,0.000,26.613,0.000,0.000,9.801,0.000,0.000,0.000,992.380,13.840,175.121,45.0000000,-122.0000000,177.920,0.000,0.000,0.000,8,00:00:00,0.000,0.000,0.000
76.823,177.0479568,76.823,7,0.000,0.000,174.221,0.000,0.000,-4.092,0.000,0.000,0.029,0.000,26.824,0.000,0.000,9.839,0.000,0.000,0.000,992.490,13.850,174.191,45.0000000,-122.0000000,177.050,0.000,0.000,0.000,8,00:00:00,0.000,0.000,0.000
77.033,176.18019120000002,77.033,7,0.000,0.000,173.359,0.000,0.000,-4.098,0.000,0.000,-0.028,0.000,27.034,0.000,0.000,9.782,0.000,0.000,0.000,992.590,13.850,173.344,45.0000000,-122.0000000,176.180,0.000,0.000,0.000,8,00:00:00,0.000,0.000,0.000
77.244,175.3112064,77.244,7,0.000,0.000,172.495,0.000,0.000,-4.095,0.000,0.000,0.014,0.000,27.245,0.000,0.000,9.824,0.000,0.000,0.000,992.690,13.860,172.498,45.0000000,-122.0000000,175.310,0.000,0.000,0.000,8,00:00:00,0.000,0.000,0.000
77.455,174.44313600000004,77.455,7,0.000,0.000,171.634,0.000,0.000,-4.094,0.000,0.000,-0.001,0.000,27.456,0.000,0.000,9.809,0.000,0.000,0.000,992.790,13.870,171.652,45.0000000,-122.0000000,174.440,0.000,0.000,0.000,8,00:00:00,0.000,0.000,0.000
77.665,173.57506560000002,77.665,7,0.000,0.000,170.779,0.000,0.000,-4.095,0.000,0.000,-0.011,0.000,27.666,0.000,0.000,9.799,0.000,0.000,0.000,992.890,13.870,170.806,45.0000000,-122.0000000,173.580,0.000,0.000,0.000,8,00:00:00,0.000,0.000,0.000
77.876,172.7066904,77.876,7,0.000,0.000,169.921,0.000,0.000,-4.091,0.000,0.000,0.005,0.000,27.877,0.000,0.000,9.815,0.000,0.000,0.000,992.990,13.880,169.961,45.0000000,-122.0000000,172.710,0.000,0.000,0.000,8,00:00:00,0.000,0.000,0.000
78.087,171.83862,78.087,7,0.000,0.000,169.054,0.000,0.000,-4.092,0.000,0.000,0.004,0.000,28.088,0.000,0.000,9.814,0.000,0.000,0.000,993.100,13.880,169.030,45.0000000,-122.0000000,171.840,0.000,0.000,0.000,8,00:00:00,0.000,0.000,0.000
78.297,170.9708544,78.297,7,0.000,0.000,168.193,0.000,0.000,-4.093,0.000,0.000,-0.003,0.000,28.298,0.000,0.000,9.807,0.000,0.000,0.000,993.200,13.890,168.185,45.0000000,-122.0000000,170.970,0.000,0.000,0.000,8,00:00:00,0.000,0.000,0.000
78.508,170.102784,78.508,7,0.000,0.000,167.331,0.000,0.000,-4.093,0.000,0.000,-0.001,0.000,28.509,0.000,0.000,9.809,0.000,0.000,0.000,993.300,13.890,167.339,45.0000000,-122.0000000,170.100,0.000,0.000,0.000,8,00:00:00,0.000,0.000,0.000
78.718,169.2350184,78.718,7,0.000,0.000,166.475,0.000,0.000,-4.092,0.000,0.000,0.000,0.000,28.719,0.000,0.000,9.810,0.000,0.000,0.000,993.400,13.900,166.493,45.0000000,-122.0000000,169.240,0.000,0.000,0.000,8,00:00:00,0.000,0.000,0.000
79.218,167.1739608,79.218,7,0.000,0.000,164.442,0.000,0.000,-4.055,0.000,0.000,0.069,0.000,29.219,0.000,0.000,9.879,0.000,0.000,0.000,993.640,13.910,164.464,45.0000000,-122.0000000,167.170,0.000,0.000,0.000,8,00:00:00,0.000,0.000,0.000
79.429,166.3077192,79.429,7,0.000,0.000,163.577,0.000,0.000,-4.073,0.000,0.000,-0.066,0.000,29.430,0.000,0.000,9.744,0.000,0.000,0.000,993.750,13.920,163.535,45.0000000,-122.0000000,166.310,0.000,0.000,0.000,8,00:00:00,0.000,0.000,0.000
79.64,165.43873440000002,79.640,7,0.000,0.000,162.713,0.000,0.000,-4.071,0.000,0.000,0.014,0.000,29.641,0.000,0.000,9.824,0.000,0.000,0.000,993.850,13.920,162.689,45.0000000,-122.0000000,165.440,0.000,0.000,0.000,8,00:00:00,0.000,0.000,0.000
79.85,164.5715784,79.850,7,0.000,0.000,161.855,0.000,0.000,-4.075,0.000,0.000,-0.012,0.000,29.851,0.000,0.000,9.798,0.000,0.000,0.000,993.950,13.930,161.844,45.0000000,-122.0000000,164.570,0.000,0.000,0.000,8,00:00:00,0.000,0.000,0.000
80.061,163.70411760000002,80.061,7,0.000,0.000,160.996,0.000,0.000,-4.074,0.000,0.000,0.001,0.000,30.062,0.000,0.000,9.811,0.000,0.000,0.000,994.050,13.940,160.999,45.0000000,-122.0000000,163.700,0.000,0.000,0.000,8,00:00:00,0.000,0.000,0.000
80.272,162.83665680000001,80.272,7,0.000,0.000,160.139,0.000,0.000,-4.072,0.000,0.000,0.007,0.000,30.273,0.000,0.000,9.817,0.000,0.000,0.000,994.150,13.940,160.154,45.0000000,-122.0000000,162.840,0.000,0.000,0.000,8,00:00:00,0.000,0.000,0.000
80.482,161.9695008,80.482,7,0.000,0.000,159.288,0.000,0.000,-4.069,0.000,0.000,0.008,0.000,30.483,0.000,0.000,9.818,0.000,0.000,0.000,994.250,13.950,159.309,45.0000000,-122.0000000,161.970,0.000,0.000,0.000,8,00:00:00,0.000,0.000,0.000
80.692,161.1026496,80.692,7,0.000,0.000,158.425,0.000,0.000,-4.074,0.000,0.000,-0.008,0.000,30.693,0.000,0.000,9.802,0.000,0.000,0.000,994.360,13.950,158.380,45.0000000,-122.0000000,161.100,0.000,0.000,0.000,8,00:00:00,0.000,0.000,0.000
80.903,160.2351888,80.903,7,0.000,0.000,157.561,0.000,0.000,-4.076,0.000,0.000,-0.003,0.000,30.904,0.000,0.000,9.807,0.000,0.000,0.000,994.460,13.960,157.535,45.0000000,-122.0000000,160.240,0.000,0.000,0.000,8,00:00:00,0.000,0.000,0.000
81.113,159.3683376,81.113,7,0.000,0.000,156.703,0.000,0.000,-4.075,0.000,0.000,0.008,0.000,31.114,0.000,0.000,9.818,0.000,0.000,0.000,994.560,13.960,156.690,45.0000000,-122.0000000,159.370,0.000,0.000,0.000,8,00:00:00,0.000,0.000,0.000
81.324,158.5014864,81.324,7,0.000,0.000,155.843,0.000,0.000,-4.075,0.000,0.000,0.001,0.000,31.325,0.000,0.000,9.811,0.000,0.000,0.000,994.660,13.970,155.845,45.0000000,-122.0000000,158.500,0.000,0.000,0.000,8,00:00:00,0.000,0.000,0.000
81.534,157.6346352,81.534,7,0.000,0.000,154.989,0.000,0.000,-4.075,0.000,0.000,-0.003,0.000,31.535,0.000,0.000,9.807,0.000,0.000,0.000,994.760,13.980,155.001,45.0000000,-122.0000000,157.630,0.000,0.000,0.000,8,00:00:00,0.000,0.000,0.000
81.745,156.76778400000003,81.745,7,0.000,0.000,154.134,0.000,0.000,-4.072,0.000,0.000,0.007,0.000,31.746,0.000,0.000,9.817,0.000,0.000,0.000,994.860,13.980,154.156,45.0000000,-122.0000000,156.770,0.000,0.000,0.000,8,00:00:00,0.000,0.000,0.000
81.955,155.9012376,81.955,7,0.000,0.000,153.271,0.000,0.000,-4.076,0.000,0.000,-0.006,0.000,31.956,0.000,0.000,9.804,0.000,0.000,0.000,994.970,13.990,153.227,45.0000000,-122.0000000,155.900,0.000,0.000,0.000,8,00:00:00,0.000,0.000,0.000
82.166,155.0343864,82.166,7,0.000,0.000,152.407,0.000,0.000,-4.078,0.000,0.000,-0.003,0.000,32.167,0.000,0.000,9.807,0.000,0.000,0.000,995.070,13.990,152.383,45.0000000,-122.0000000,155.030,0.000,0.000,0.000,8,00:00:00,0.000,0.000,0.000
82.376,154.1675352,82.376,7,0.000,0.000,151.548,0.000,0.000,-4.078,0.000,0.000,0.003,0.000,32.377,0.000,0.000,9.813,0.000,0.000,0.000,995.170,14.000,151.539,45.0000000,-122.0000000,154.170,0.000,0.000,0.000,8,00:00:00,0.000,0.000,0.000
82.586,153.3012936,82.586,7,0.000,0.000,150.692,0.000,0.000,-4.078,0.000,0.000,0.000,0.000,32.587,0.000,0.000,9.810,0.000,0.000,0.000,995.270,14.000,150.694,45.0000000,-122.0000000,153.300,0.000,0.000,0.000,8,00:00:00,0.000,0.000,0.000
82.797,152.4347472,82.797,7,0.000,0.000,149.835,0.000,0.000,-4.077,0.000,0.000,-0.001,0.000,32.798,0.000,0.000,9.809,0.000,0.000,0.000,995.370,14.010,149.850,45.0000000,-122.0000000,152.430,0.000,0.000,0.000,8,00:00:00,0.000,0.000,0.000
83.007,151.5682008,83.007,7,0.000,0.000,148.983,0.000,0.000,-4.074,0.000,0.000,0.010,0.000,33.008,0.000,0.000,9.820,0.000,0.000,0.000,995.470,14.010,149.006,45.0000000,-122.0000000,151.570,0.000,0.000,0.000,8,00:00:00,0.000,0.000,0.000
83.217,150.702264,83.217,7,0.000,0.000,148.120,0.000,0.000,-4.078,0.000,0.000,-0.009,0.000,33.218,0.000,0.000,9.801,0.000,0.000,0.000,995.580,14.020,148.078,45.0000000,-122.0000000,150.700,0.000,0.000,0.000,8,00:00:00,0.000,0.000,0.000
83.428,149.8357176,83.428,7,0.000,0.000,147.255,0.000,0.000,-4.078,0.000,0.000,0.008,0.000,33.429,0.000,0.000,9.818,0.000,0.000,0.000,995.680,14.030,147.234,45.0000000,-122.0000000,149.840,0.000,0.000,0.000,8,00:00:00,0.000,0.000,0.000
83.638,148.9697808,83.638,7,0.000,0.000,146.398,0.000,0.000,-4.078,0.000,0.000,0.002,0.000,33.639,0.000,0.000,9.812,0.000,0.000,0.000,995.780,14.030,146.390,45.0000000,-122.0000000,148.970,0.000,0.000,0.000,8,00:00:00,0.000,0.000,0.000
83.849,148.103844,83.849,7,0.000,0.000,145.538,0.000,0.000,-4.079,0.000,0.000,-0.007,0.000,33.850,0.000,0.000,9.803,0.000,0.000,0.000,995.880,14.040,145.546,45.0000000,-122.0000000,148.100,0.000,0.000,0.000,8,00:00:00,0.000,0.000,0.000
84.059,147.23760240000001,84.059,7,0.000,0.000,144.685,0.000,0.000,-4.076,0.000,0.000,0.008,0.000,34.060,0.000,0.000,9.818,0.000,0.000,0.000,995.980,14.040,144.702,45.0000000,-122.0000000,147.240,0.000,0.000,0.000,8,00:00:00,0.000,0.000,0.000
84.269,146.3719704,84.269,7,0.000,0.000,143.833,0.000,0.000,-4.075,0.000,0.000,0.001,0.000,34.270,0.000,0.000,9.811,0.000,0.000,0.000,996.080,14.050,143.858,45.0000000,-122.0000000,146.370,0.000,0.000,0.000,8,00:00:00,0.000,0.000,0.000
84.48,145.5060336,84.480,7,0.000,0.000,142.980,0.000,0.000,-4.072,0.000,0.000,0.001,0.000,34.481,0.000,0.000,9.811,0.000,0.000,0.000,996.180,14.050,143.015,45.0000000,-122.0000000,145.510,0.000,0.000,0.000,8,00:00:00,0.000,0.000,0.000
84.69,144.6400968,84.690,7,0.000,0.000,142.119,0.000,0.000,-4.075,0.000,0.000,-0.006,0.000,34.691,0.000,0.000,9.804,0.000,0.000,0.000,996.290,14.060,142.087,45.0000000,-122.0000000,144.640,0.000,0.000,0.000,8,00:00:00,0.000,0.000,0.000
84.9,143.77416,84.900,7,0.000,0.000,141.260,0.000,0.000,-4.076,0.000,0.000,0.000,0.000,34.901,0.000,0.000,9.810,0.000,0.000,0.000,996.390,14.070,141.243,45.0000000,-122.0000000,143.770,0.000,0.000,0.000,8,00:00:00,0.000,0.000,0.000
85.11,142.90852800000002,85.110,7,0.000,0.000,140.404,0.000,0.000,-4.073,0.000,0.000,0.018,0.000,35.111,0.000,0.000,9.828,0.000,0.000,0.000,996.490,14.070,140.400,45.0000000,-122.0000000,142.910,0.000,0.000,0.000,8,00:00:00,0.000,0.000,0.000
85.321,142.0435056,85.321,7,0.000,0.000,139.546,0.000,0.000,-4.076,0.000,0.000,-0.016,0.000,35.322,0.000,0.000,9.794,0.000,0.000,0.000,996.590,14.080,139.556,45.0000000,-122.0000000,142.040,0.000,0.000,0.000,8,00:00:00,0.000,0.000,0.000
85.531,141.1775688,85.531,7,0.000,0.000,138.693,0.000,0.000,-4.074,0.000,0.000,0.000,0.000,35.532,0.000,0.000,9.810,0.000,0.000,0.000,996.690,14.080,138.713,45.0000000,-122.0000000,141.180,0.000,0.000,0.000,8,00:00:00,0.000,0.000,0.000
86.031,139.11925440000002,86.031,7,0.000,0.000,136.664,0.000,0.000,-4.063,0.000,0.000,0.018,0.000,36.032,0.000,0.000,9.828,0.000,0.000,0.000,996.930,14.100,136.690,45.0000000,-122.0000000,139.120,0.000,0.000,0.000,8,00:00:00,0.000,0.000,0.000
86.241,138.254232,86.241,7,0.000,0.000,135.816,0.000,0.000,-4.064,0.000,0.000,-0.015,0.000,36.242,0.000,0.000,9.795,0.000,0.000,0.000,997.030,14.100,135.847,45.0000000,-122.0000000,138.250,0.000,0.000,0.000,8,00:00:00,0.000,0.000,0.000
86.452,137.3886,86.452,7,0.000,0.000,134.952,0.000,0.000,-4.065,0.000,0.000,0.007,0.000,36.453,0.000,0.000,9.817,0.000,0.000,0.000,997.140,14.110,134.919,45.0000000,-122.0000000,137.390,0.000,0.000,0.000,8,00:00:00,0.000,0.000,0.000
86.662,136.52388240000002,86.662,7,0.000,0.000,134.095,0.000,0.000,-4.068,0.000,0.000,-0.005,0.000,36.663,0.000,0.000,9.805,0.000,0.000,0.000,997.240,14.110,134.076,45.0000000,-122.0000000,136.520,0.000,0.000,0.000,8,00:00:00,0.000,0.000,0.000
86.872,135.65855520000002,86.872,7,0.000,0.000,133.240,0.000,0.000,-4.067,0.000,0.000,0.006,0.000,36.873,0.000,0.000,9.816,0.000,0.000,0.000,997.340,14.120,133.233,45.0000000,-122.0000000,135.660,0.000,0.000,0.000,8,00:00:00,0.000,0.000,0.000
87.082,134.7935328,87.082,7,0.000,0.000,132.386,0.000,0.000,-4.068,0.000,0.000,-0.005,0.000,37.083,0.000,0.000,9.805,0.000,0.000,0.000,997.440,14.120,132.391,45.0000000,-122.0000000,134.790,0.000,0.000,0.000,8,00:00:00,0.000,0.000,0.000
87.292,133.92851040000002,87.292,7,0.000,0.000,131.535,0.000,0.000,-4.066,0.000,0.000,0.004,0.000,37.293,0.000,0.000,9.814,0.000,0.000,0.000,997.540,14.130,131.548,45.0000000,-122.0000000,133.930,0.000,0.000,0.000,8,00:00:00,0.000,0.000,0.000
87.503,133.0637928,87.503,7,0.000,0.000,130.681,0.000,0.000,-4.064,0.000,0.000,-0.002,0.000,37.504,0.000,0.000,9.808,0.000,0.000,0.000,997.640,14.130,130.705,45.0000000,-122.0000000,133.060,0.000,0.000,0.000,8,00:00:00,0.000,0.000,0.000
87.713,132.1990752,87.713,7,0.000,0.000,129.820,0.000,0.000,-4.067,0.000,0.000,0.001,0.000,37.714,0.000,0.000,9.811,0.000,0.000,0.000,997.750,14.140,129.779,45.0000000,-122.0000000,132.200,0.000,0.000,0.000,8,00:00:00,0.000,0.000,0.000
87.923,131.3343576,87.923,7,0.000,0.000,128.961,0.000,0.000,-4.069,0.000,0.000,0.001,0.000,37.924,0.000,0.000,9.811,0.000,0.000,0.000,997.850,14.150,128.936,45.0000000,-122.0000000,131.330,0.000,0.000,0.000,8,00:00:00,0.000,0.000,0.000
88.133,130.46964,88.133,7,0.000,0.000,128.105,0.000,0.000,-4.069,0.000,0.000,0.003,0.000,38.134,0.000,0.000,9.813,0.000,0.000,0.000,997.950,14.150,128.094,45.0000000,-122.0000000,130.470,0.000,0.000,0.000,8,00:00:00,0.000,0.000,0.000
88.343,129.6052272,88.343,7,0.000,0.000,127.251,0.000,0.000,-4.066,0.000,0.000,0.014,0.000,38.344,0.000,0.000,9.824,0.000,0.000,0.000,998.050,14.160,127.251,45.0000000,-122.0000000,129.610,0.000,0.000,0.000,8,00:00:00,0.000,0.000,0.000
88.553,128.7411192,88.553,7,0.000,0.000,126.399,0.000,0.000,-4.068,0.000,0.000,-0.014,0.000,38.554,0.000,0.000,9.796,0.000,0.000,0.000,998.150,14.160,126.409,45.0000000,-122.0000000,128.740,0.000,0.000,0.000,8,00:00:00,0.000,0.000,0.000
88.764,127.8764016,88.764,7,0.000,0.000,125.544,0.000,0.000,-4.066,0.000,0.000,0.002,0.000,38.765,0.000,0.000,9.812,0.000,0.000,0.000,998.250,14.170,125.567,45.0000000,-122.0000000,127.880,0.000,0.000,0.000,8,00:00:00,0.000,0.000,0.000
88.974,127.01198880000001,88.974,7,0.000,0.000,124.696,0.000,0.000,-4.061,0.000,0.000,0.017,0.000,38.975,0.000,0.000,9.827,0.000,0.000,0.000,998.350,14.170,124.725,45.0000000,-122.0000000,127.010,0.000,0.000,0.000,8,00:00:00,0.000,0.000,0.000
89.184,126.1478808,89.184,7,0.000,0.000,123.836,0.000,0.000,-4.066,0.000,0.000,-0.011,0.000,39.185,0.000,0.000,9.799,0.000,0.000,0.000,998.460,14.180,123.798,45.0000000,-122.0000000,126.150,0.000,0.000,0.000,8,00:00:00,0.000,0.000,0.000
89.394,125.28346800000001,89.394,7,0.000,0.000,122.978,0.000,0.000,-4.066,0.000,0.000,0.004,0.000,39.395,0.000,0.000,9.814,0.000,0.000,0.000,998.560,14.190,122.956,45.0000000,-122.0000000,125.280,0.000,0.000,0.000,8,00:00:00,0.000,0.000,0.000
89.604,124.41936,89.604,7,0.000,0.000,122.123,0.000,0.000,-4.066,0.000,0.000,0.004,0.000,39.605,0.000,0.000,9.814,0.000,0.000,0.000,998.660,14.190,122.114,45.0000000,-122.0000000,124.420,0.000,0.000,0.000,8,00:00:00,0.000,0.000,0.000
89.814,123.5555568,89.814,7,0.000,0.000,121.270,0.000,0.000,-4.066,0.000,0.000,-0.003,0.000,39.815,0.000,0.000,9.807,0.000,0.000,0.000,998.760,14.200,121.272,45.0000000,-122.0000000,123.560,0.000,0.000,0.000,8,00:00:00,0.000,0.000,0.000
90.024,122.6914488,90.024,7,0.000,0.000,120.418,0.000,0.000,-4.065,0.000,0.000,0.005,0.000,40.025,0.000,0.000,9.815,0.000,0.000,0.000,998.860,14.200,120.431,45.0000000,-122.0000000,122.690,0.000,0.000,0.000,8,00:00:00,0.000,0.000,0.000
90.234,121.82764560000001,90.234,7,0.000,0.000,119.568,0.000,0.000,-4.065,0.000,0.000,-0.011,0.000,40.235,0.000,0.000,9.799,0.000,0.000,0.000,998.960,14.210,119.589,45.0000000,-122.0000000,121.830,0.000,0.000,0.000,8,00:00:00,0.000,0.000,0.000
90.445,120.96353760000001,90.445,7,0.000,0.000,118.716,0.000,0.000,-4.063,0.000,0.000,0.001,0.000,40.446,0.000,0.000,9.811,0.000,0.000,0.000,999.060,14.210,118.747,45.0000000,-122.0000000,120.960,0.000,0.000,0.000,8,00:00:00,0.000,0.000,0.000
90.655,120.09973440000002,90.655,7,0.000,0.000,117.869,0.000,0.000,-4.061,0.000,0.000,0.000,0.000,40.656,0.000,0.000,9.810,0.000,0.000,0.000,999.160,14.220,117.906,45.0000000,-122.0000000,120.100,0.000,0.000,0.000,8,00:00:00,0.000,0.000,0.000
90.865,119.23593120000001,90.865,7,0.000,0.000,117.011,0.000,0.000,-4.061,0.000,0.000,0.007,0.000,40.866,0.000,0.000,9.817,0.000,0.000,0.000,999.270,14.220,116.980,45.0000000,-122.0000000,119.240,0.000,0.000,0.000,8,00:00:00,0.000,0.000,0.000
91.075,118.3724328,91.075,7,0.000,0.000,116.155,0.000,0.000,-4.060,0.000,0.000,0.013,0.000,41.076,0.000,0.000,9.823,0.000,0.000,0.000,999.370,14.230,116.138,45.0000000,-122.0000000,118.370,0.000,0.000,0.000,8,00:00:00,0.000,0.000,0.000
91.285,117.50923920000001,91.285,7,0.000,0.000,115.302,0.000,0.000,-4.061,0.000,0.000,-0.003,0.000,41.286,0.000,0.000,9.807,0.000,0.000,0.000,999.470,14.240,115.297,45.0000000,-122.0000000,117.510,0.000,0.000,0.000,8,00:00:00,0.000,0.000,0.000
91.495,116.645436,91.495,7,0.000,0.000,114.450,0.000,0.000,-4.063,0.000,0.000,-0.013,0.000,41.496,0.000,0.000,9.797,0.000,0.000,0.000,999.570,14.240,114.456,45.0000000,-122.0000000,116.650,0.000,0.000,0.000,8,00:00:00,0.000,0.000,0.000
91.705,115.7819376,91.705,7,0.000,0.000,113.599,0.000,0.000,-4.061,0.000,0.000,0.006,0.000,41.706,0.000,0.000,9.816,0.000,0.000,0.000,999.670,14.250,113.615,45.0000000,-122.0000000,115.780,0.000,0.000,0.000,8,00:00:00,0.000,0.000,0.000
91.915,114.918744,91.915,7,0.000,0.000,112.750,0.000,0.000,-4.060,0.000,0.000,-0.004,0.000,41.916,0.000,0.000,9.806,0.000,0.000,0.000,999.770,14.250,112.773,45.0000000,-122.0000000,114.920,0.000,0.000,0.000,8,00:00:00,0.000,0.000,0.000
92.125,114.0552456,92.125,7,0.000,0.000,111.903,0.000,0.000,-4.058,0.000,0.000,0.001,0.000,42.126,0.000,0.000,9.811,0.000,0.000,0.000,999.870,14.260,111.932,45.0000000,-122.0000000,114.060,0.000,0.000,0.000,8,00:00:00,0.000,0.000,0.000
92.335,113.192052,92.335,7,0.000,0.000,111.057,0.000,0.000,-4.051,0.000,0.000,0.022,0.000,42.336,0.000,0.000,9.832,0.000,0.000,0.000,999.970,14.260,111.091,45.0000000,-122.0000000,113.190,0.000,0.000,0.000,8,00:00:00,0.000,0.000,0.000
92.545,112.3291632,92.545,7,0.000,0.000,110.200,0.000,0.000,-4.055,0.000,0.000,-0.009,0.000,42.546,0.000,0.000,9.801,0.000,0.000,0.000,1000.080,14.270,110.166,45.0000000,-122.0000000,112.330,0.000,0.000,0.000,8,00:00:00,0.000,0.000,0.000
92.755,111.46596960000001,92.755,7,0.000,0.000,109.345,0.000,0.000,-4.059,0.000,0.000,-0.010,0.000,42.756,0.000,0.000,9.800,0.000,0.000,0.000,1000.180,14.280,109.325,45.0000000,-122.0000000,111.470,0.000,0.000,0.000,8,00:00:00,0.000,0.000,0.000
92.965,110.602776,92.965,7,0.000,0.000,108.491,0.000,0.000,-4.059,0.000,0.000,0.001,0.000,42.966,0.000,0.000,9.811,0.000,0.000,0.000,1000.280,14.280,108.484,45.0000000,-122.0000000,110.600,0.000,0.000,0.000,8,00:00:00,0.000,0.000,0.000
93.175,109.7398872,93.175,7,0.000,0.000,107.640,0.000,0.000,-4.058,0.000,0.000,0.002,0.000,43.176,0.000,0.000,9.812,0.000,0.000,0.000,1000.380,14.290,107.644,45.0000000,-122.0000000,109.740,0.000,0.000,0.000,8,00:00:00,0.000,0.000,0.000
93.385,108.87699840000002,93.385,7,0.000,0.000,106.790,0.000,0.000,-4.057,0.000,0.000,0.003,0.000,43.386,0.000,0.000,9.813,0.000,0.000,0.000,1000.480,14.290,106.803,45.0000000,-122.0000000,108.880,0.000,0.000,0.000,8,00:00:00,0.000,0.000,0.000
93.595,108.0144144,93.595,7,0.000,0.000,105.941,0.000,0.000,-4.056,0.000,0.000,-0.002,0.000,43.596,0.000,0.000,9.808,0.000,0.000,0.000,1000.580,14.300,105.962,45.0000000,-122.0000000,108.010,0.000,0.000,0.000,8,00:00:00,0.000,0.000,0.000
93.805,107.15152560000001,93.805,7,0.000,0.000,105.094,0.000,0.000,-4.054,0.000,0.000,0.002,0.000,43.806,0.000,0.000,9.812,0.000,0.000,0.000,1000.680,14.300,105.122,45.0000000,-122.0000000,107.150,0.000,0.000,0.000,8,00:00:00,0.000,0.000,0.000
94.015,106.2889416,94.015,7,0.000,0.000,104.249,0.000,0.000,-4.048,0.000,0.000,0.016,0.000,44.016,0.000,0.000,9.826,0.000,0.000,0.000,1000.780,14.310,104.281,45.0000000,-122.0000000,106.290,0.000,0.000,0.000,8,00:00:00,0.000,0.000,0.000
94.225,105.4266624,94.225,7,0.000,0.000,103.405,0.000,0.000,-4.049,0.000,0.000,-0.015,0.000,44.226,0.000,0.000,9.795,0.000,0.000,0.000,1000.880,14.320,103.441,45.0000000,-122.0000000,105.430,0.000,0.000,0.000,8,00:00:00,0.000,0.000,0.000
94.435,104.5637736,94.435,7,0.000,0.000,102.549,0.000,0.000,-4.051,0.000,0.000,0.000,0.000,44.436,0.000,0.000,9.810,0.000,0.000,0.000,1000.990,14.320,102.516,45.0000000,-122.0000000,104.560,0.000,0.000,0.000,8,00:00:00,0.000,0.000,0.000
94.644,103.70118959999999,94.644,7,0.000,0.000,101.698,0.000,0.000,-4.051,0.000,0.000,0.007,0.000,44.645,0.000,0.000,9.817,0.000,0.000,0.000,1001.090,14.330,101.676,45.0000000,-122.0000000,103.700,0.000,0.000,0.000,8,00:00:00,0.000,0.000,0.000
94.854,102.83921520000001,94.854,7,0.000,0.000,100.846,0.000,0.000,-4.053,0.000,0.000,-0.005,0.000,44.855,0.000,0.000,9.805,0.000,0.000,0.000,1001.190,14.330,100.836,45.0000000,-122.0000000,102.840,0.000,0.000,0.000,8,00:00:00,0.000,0.000,0.000
95.064,101.97663120000001,95.064,7,0.000,0.000,99.995,0.000,0.000,-4.053,0.000,0.000,0.000,0.000,45.065,0.000,0.000,9.810,0.000,0.000,0.000,1001.290,14.340,99.996,45.0000000,-122.0000000,101.980,0.000,0.000,0.000,8,00:00:00,0.000,0.000,0.000
95.274,101.11435200000001,95.274,7,0.000,0.000,99.146,0.000,0.000,-4.052,0.000,0.000,-0.001,0.000,45.275,0.000,0.000,9.809,0.000,0.000,0.000,1001.390,14.340,99.156,45.0000000,-122.0000000,101.110,0.000,0.000,0.000,8,00:00:00,0.000,0.000,0.000
95.484,100.2523776,95.484,7,0.000,0.000,98.298,0.000,0.000,-4.051,0.000,0.000,0.003,0.000,45.485,0.000,0.000,9.813,0.000,0.000,0.000,1001.490,14.350,98.316,45.0000000,-122.0000000,100.250,0.000,0.000,0.000,8,00:00:00,0.000,0.000,0.000
95.694,99.39009840000001,95.694,7,0.000,0.000,97.451,0.000,0.000,-4.047,0.000,0.000,0.008,0.000,45.695,0.000,0.000,9.818,0.000,0.000,0.000,1001.590,14.350,97.476,45.0000000,-122.0000000,99.390,0.000,0.000,0.000,8,00:00:00,0.000,0.000,0.000
95.904,98.5284288,95.904,7,0.000,0.000,96.607,0.000,0.000,-4.044,0.000,0.000,0.009,0.000,45.905,0.000,0.000,9.819,0.000,0.000,0.000,1001.690,14.360,96.636,45.0000000,-122.0000000,98.530,0.000,0.000,0.000,8,00:00:00,0.000,0.000,0.000
96.113,97.6664544,96.113,7,0.000,0.000,95.766,0.000,0.000,-4.045,0.000,0.000,-0.016,0.000,46.114,0.000,0.000,9.794,0.000,0.000,0.000,1001.790,14.370,95.796,45.0000000,-122.0000000,97.670,0.000,0.000,0.000,8,00:00:00,0.000,0.000,0.000
96.323,96.8041752,96.323,7,0.000,0.000,94.910,0.000,0.000,-4.047,0.000,0.000,0.002,0.000,46.324,0.000,0.000,9.812,0.000,0.000,0.000,1001.900,14.370,94.872,45.0000000,-122.0000000,96.800,0.000,0.000,0.000,8,00:00:00,0.000,0.000,0.000
96.533,95.9425056,96.533,7,0.000,0.000,94.056,0.000,0.000,-4.049,0.000,0.000,-0.002,0.000,46.534,0.000,0.000,9.808,0.000,0.000,0.000,1002.000,14.380,94.033,45.0000000,-122.0000000,95.940,0.000,0.000,0.000,8,00:00:00,0.000,0.000,0.000
96.743,95.080836,96.743,7,0.000,0.000,93.204,0.000,0.000,-4.050,0.000,0.000,0.001,0.000,46.744,0.000,0.000,9.811,0.000,0.000,0.000,1002.100,14.380,93.193,45.0000000,-122.0000000,95.080,0.000,0.000,0.000,8,00:00:00,0.000,0.000,0.000
96.953,94.2191664,96.953,7,0.000,0.000,92.354,0.000,0.000,-4.047,0.000,0.000,0.014,0.000,46.954,0.000,0.000,9.824,0.000,0.000,0.000,1002.200,14.390,92.353,45.0000000,-122.0000000,94.220,0.000,0.000,0.000,8,00:00:00,0.000,0.000,0.000
97.163,93.3578016,97.163,7,0.000,0.000,91.505,0.000,0.000,-4.048,0.000,0.000,-0.009,0.000,47.164,0.000,0.000,9.801,0.000,0.000,0.000,1002.300,14.390,91.514,45.0000000,-122.0000000,93.360,0.000,0.000,0.000,8,00:00:00,0.000,0.000,0.000
97.372,92.496132,97.372,7,0.000,0.000,90.662,0.000,0.000,-4.041,0.000,0.000,0.030,0.000,47.373,0.000,0.000,9.840,0.000,0.000,0.000,1002.400,14.400,90.675,45.0000000,-122.0000000,92.500,0.000,0.000,0.000,8,00:00:00,0.000,0.000,0.000
97.582,91.635072,97.582,7,0.000,0.000,89.816,0.000,0.000,-4.045,0.000,0.000,-0.026,0.000,47.583,0.000,0.000,9.784,0.000,0.000,0.000,1002.500,14.400,89.835,45.0000000,-122.0000000,91.640,0.000,0.000,0.000,8,00:00:00,0.000,0.000,0.000
97.792,90.7734024,97.792,7,0.000,0.000,88.971,0.000,0.000,-4.044,0.000,0.000,-0.001,0.000,47.793,0.000,0.000,9.809,0.000,0.000,0.000,1002.600,14.410,88.996,45.0000000,-122.0000000,90.770,0.000,0.000,0.000,8,00:00:00,0.000,0.000,0.000
98.002,89.9120376,98.002,7,0.000,0.000,88.116,0.000,0.000,-4.037,0.000,0.000,0.047,0.000,48.003,0.000,0.000,9.857,0.000,0.000,0.000,1002.710,14.420,88.073,45.0000000,-122.0000000,89.910,0.000,0.000,0.000,8,00:00:00,0.000,0.000,0.000
98.212,89.0515872,98.212,7,0.000,0.000,87.262,0.000,0.000,-4.048,0.000,0.000,-0.046,0.000,48.213,0.000,0.000,9.764,0.000,0.000,0.000,1002.810,14.420,87.234,45.0000000,-122.0000000,89.050,0.000,0.000,0.000,8,00:00:00,0.000,0.000,0.000
98.422,88.189308,98.422,7,0.000,0.000,86.409,0.000,0.000,-4.049,0.000,0.000,-0.002,0.000,48.423,0.000,0.000,9.808,0.000,0.000,0.000,1002.910,14.430,86.395,45.0000000,-122.0000000,88.190,0.000,0.000,0.000,8,00:00:00,0.000,0.000,0.000
98.632,87.328248,98.632,7,0.000,0.000,85.559,0.000,0.000,-4.049,0.000,0.000,0.004,0.000,48.633,0.000,0.000,9.814,0.000,0.000,0.000,1003.010,14.430,85.556,45.0000000,-122.0000000,87.330,0.000,0.000,0.000,8,00:00:00,0.000,0.000,0.000
98.841,86.46718800000001,98.841,7,0.000,0.000,84.713,0.000,0.000,-4.048,0.000,0.000,0.005,0.000,48.842,0.000,0.000,9.815,0.000,0.000,0.000,1003.110,14.440,84.717,45.0000000,-122.0000000,86.470,0.000,0.000,0.000,8,00:00:00,0.000,0.000,0.000
99.051,85.60643280000001,99.051,7,0.000,0.000,83.865,0.000,0.000,-4.048,0.000,0.000,-0.006,0.000,49.052,0.000,0.000,9.804,0.000,0.000,0.000,1003.210,14.440,83.878,45.0000000,-122.0000000,85.610,0.000,0.000,0.000,8,00:00:00,0.000,0.000,0.000
99.261,84.7453728,99.261,7,0.000,0.000,83.019,0.000,0.000,-4.045,0.000,0.000,0.008,0.000,49.262,0.000,0.000,9.818,0.000,0.000,0.000,1003.310,14.450,83.039,45.0000000,-122.0000000,84.750,0.000,0.000,0.000,8,00:00:00,0.000,0.000,0.000
99.47,83.8846176,99.470,7,0.000,0.000,82.177,0.000,0.000,-4.043,0.000,0.000,0.003,0.000,49.471,0.000,0.000,9.813,0.000,0.000,0.000,1003.410,14.460,82.200,45.0000000,-122.0000000,83.880,0.000,0.000,0.000,8,00:00:00,0.000,0.000,0.000
99.68,83.0238624,99.680,7,0.000,0.000,81.333,0.000,0.000,-4.040,0.000,0.000,0.007,0.000,49.681,0.000,0.000,9.817,0.000,0.000,0.000,1003.510,14.460,81.362,45.0000000,-122.0000000,83.020,0.000,0.000,0.000,8,00:00:00,0.000,0.000,0.000
99.89,82.16341200000001,99.890,7,0.000,0.000,80.490,0.000,0.000,-4.041,0.000,0.000,-0.015,0.000,49.891,0.000,0.000,9.795,0.000,0.000,0.000,1003.610,14.470,80.523,45.0000000,-122.0000000,82.160,0.000,0.000,0.000,8,00:00:00,0.000,0.000,0.000
100.1,81.30235200000001,100.100,7,0.000,0.000,79.636,0.000,0.000,-4.042,0.000,0.000,0.006,0.000,50.101,0.000,0.000,9.816,0.000,0.000,0.000,1003.720,14.470,79.601,45.0000000,-122.0000000,81.300,0.000,0.000,0.000,8,00:00:00,0.000,0.000,0.000
100.309,80.4419016,100.309,7,0.000,0.000,78.787,0.000,0.000,-4.044,0.000,0.000,-0.004,0.000,50.310,0.000,0.000,9.806,0.000,0.000,0.000,1003.820,14.480,78.762,45.0000000,-122.0000000,80.440,0.000,0.000,0.000,8,00:00:00,0.000,0.000,0.000
100.519,79.5814512,100.519,7,0.000,0.000,77.936,0.000,0.000,-4.044,0.000,0.000,0.002,0.000,50.520,0.000,0.000,9.812,0.000,0.000,0.000,1003.920,14.480,77.924,45.0000000,-122.0000000,79.580,0.000,0.000,0.000,8,00:00:00,0.000,0.000,0.000
100.729,78.72100080000001,100.729,7,0.000,0.000,77.087,0.000,0.000,-4.039,0.000,0.000,0.026,0.000,50.730,0.000,0.000,9.836,0.000,0.000,0.000,1004.020,14.490,77.086,45.0000000,-122.0000000,78.720,0.000,0.000,0.000,8,00:00:00,0.000,0.000,0.000
100.938,77.86116,100.938,7,0.000,0.000,76.243,0.000,0.000,-4.043,0.000,0.000,-0.019,0.000,50.939,0.000,0.000,9.791,0.000,0.000,0.000,1004.120,14.490,76.248,45.0000000,-122.0000000,77.860,0.000,0.000,0.000,8,00:00:00,0.000,0.000,0.000
101.148,77.00070960000001,101.148,7,0.000,0.000,75.397,0.000,0.000,-4.037,0.000,0.000,0.025,0.000,51.149,0.000,0.000,9.835,0.000,0.000,0.000,1004.220,14.500,75.409,45.0000000,-122.0000000,77.000,0.000,0.000,0.000,8,00:00:00,0.000,0.000,0.000
101.358,76.1408688,101.358,7,0.000,0.000,74.552,0.000,0.000,-4.041,0.000,0.000,-0.027,0.000,51.359,0.000,0.000,9.783,0.000,0.000,0.000,1004.320,14.510,74.571,45.0000000,-122.0000000,76.140,0.000,0.000,0.000,8,00:00:00,0.000,0.000,0.000
101.568,75.2801136,101.568,7,0.000,0.000,73.708,0.000,0.000,-4.039,0.000,0.000,0.004,0.000,51.569,0.000,0.000,9.814,0.000,0.000,0.000,1004.420,14.510,73.733,45.0000000,-122.0000000,75.280,0.000,0.000,0.000,8,00:00:00,0.000,0.000,0.000
101.777,74.4202728,101.777,7,0.000,0.000,72.868,0.000,0.000,-4.038,0.000,0.000,-0.005,0.000,51.778,0.000,0.000,9.805,0.000,0.000,0.000,1004.520,14.520,72.895,45.0000000,-122.0000000,74.420,0.000,0.000,0.000,8,00:00:00,0.000,0.000,0.000
101.987,73.5601272,101.987,7,0.000,0.000,72.026,0.000,0.000,-4.030,0.000,0.000,0.027,0.000,51.988,0.000,0.000,9.837,0.000,0.000,0.000,1004.620,14.520,72.057,45.0000000,-122.0000000,73.560,0.000,0.000,0.000,8,00:00:00,0.000,0.000,0.000
102.196,72.7005912,102.196,7,0.000,0.000,71.189,0.000,0.000,-4.033,0.000,0.000,-0.023,0.000,52.197,0.000,0.000,9.787,0.000,0.000,0.000,1004.720,14.530,71.220,45.0000000,-122.0000000,72.700,0.000,0.000,0.000,8,00:00:00,0.000,0.000,0.000
102.406,71.84044560000001,102.406,7,0.000,0.000,70.347,0.000,0.000,-4.031,0.000,0.000,-0.002,0.000,52.407,0.000,0.000,9.808,0.000,0.000,0.000,1004.820,14.530,70.382,45.0000000,-122.0000000,71.840,0.000,0.000,0.000,8,00:00:00,0.000,0.000,0.000
102.616,70.98060480000001,102.616,7,0.000,0.000,69.507,0.000,0.000,-4.029,0.000,0.000,0.001,0.000,52.617,0.000,0.000,9.811,0.000,0.000,0.000,1004.920,14.540,69.544,45.0000000,-122.0000000,70.980,0.000,0.000,0.000,8,00:00:00,0.000,0.000,0.000
102.825,70.12076400000001,102.825,7,0.000,0.000,68.659,0.000,0.000,-4.031,0.000,0.000,0.001,0.000,52.826,0.000,0.000,9.811,0.000,0.000,0.000,1005.030,14.540,68.623,45.0000000,-122.0000000,70.120,0.000,0.000,0.000,8,00:00:00,0.000,0.000,0.000
103.035,69.261228,103.035,7,0.000,0.000,67.809,0.000,0.000,-4.032,0.000,0.000,0.001,0.000,53.036,0.000,0.000,9.811,0.000,0.000,0.000,1005.130,14.550,67.785,45.0000000,-122.0000000,69.260,0.000,0.000,0.000,8,00:00:00,0.000,0.000,0.000
103.244,68.401692,103.244,7,0.000,0.000,66.963,0.000,0.000,-4.031,0.000,0.000,0.011,0.000,53.245,0.000,0.000,9.821,0.000,0.000,0.000,1005.230,14.560,66.948,45.0000000,-122.0000000,68.400,0.000,0.000,0.000,8,00:00:00,0.000,0.000,0.000
103.454,67.5424608,103.454,7,0.000,0.000,66.116,0.000,0.000,-4.031,0.000,0.000,0.001,0.000,53.455,0.000,0.000,9.811,0.000,0.000,0.000,1005.330,14.560,66.110,45.0000000,-122.0000000,67.540,0.000,0.000,0.000,8,00:00:00,0.000,0.000,0.000
103.663,66.68292480000001,103.663,7,0.000,0.000,65.273,0.000,0.000,-4.032,0.000,0.000,-0.006,0.000,53.664,0.000,0.000,9.804,0.000,0.000,0.000,1005.430,14.570,65.273,45.0000000,-122.0000000,66.680,0.000,0.000,0.000,8,00:00:00,0.000,0.000,0.000
103.873,65.8233888,103.873,7,0.000,0.000,64.428,0.000,0.000,-4.032,0.000,0.000,-0.003,0.000,53.874,0.000,0.000,9.807,0.000,0.000,0.000,1005.530,14.570,64.436,45.0000000,-122.0000000,65.820,0.000,0.000,0.000,8,00:00:00,0.000,0.000,0.000
104.082,64.9638528,104.082,7,0.000,0.000,63.587,0.000,0.000,-4.029,0.000,0.000,0.011,0.000,54.083,0.000,0.000,9.821,0.000,0.000,0.000,1005.630,14.580,63.598,45.0000000,-122.0000000,64.960,0.000,0.000,0.000,8,00:00:00,0.000,0.000,0.000
104.292,64.10492640000001,104.292,7,0.000,0.000,62.744,0.000,0.000,-4.030,0.000,0.000,-0.010,0.000,54.293,0.000,0.000,9.800,0.000,0.000,0.000,1005.730,14.580,62.761,45.0000000,-122.0000000,64.100,0.000,0.000,0.000,8,00:00:00,0.000,0.000,0.000
104.502,63.2456952,104.502,7,0.000,0.000,61.901,0.000,0.000,-4.028,0.000,0.000,0.002,0.000,54.503,0.000,0.000,9.812,0.000,0.000,0.000,1005.830,14.590,61.924,45.0000000,-122.0000000,63.250,0.000,0.000,0.000,8,00:00:00,0.000,0.000,0.000
104.711,62.386464000000004,104.711,7,0.000,0.000,61.064,0.000,0.000,-4.024,0.000,0.000,0.012,0.000,54.712,0.000,0.000,9.822,0.000,0.000,0.000,1005.930,14.590,61.087,45.0000000,-122.0000000,62.390,0.000,0.000,0.000,8,00:00:00,0.000,0.000,0.000
104.92,61.527842400000004,104.920,7,0.000,0.000,60.227,0.000,0.000,-4.023,0.000,0.000,-0.001,0.000,54.921,0.000,0.000,9.809,0.000,0.000,0.000,1006.030,14.600,60.250,45.0000000,-122.0000000,61.530,0.000,0.000,0.000,8,00:00:00,0.000,0.000,0.000
105.13,60.668915999999996,105.130,7,0.000,0.000,59.386,0.000,0.000,-4.021,0.000,0.000,0.004,0.000,55.131,0.000,0.000,9.814,0.000,0.000,0.000,1006.130,14.610,59.413,45.0000000,-122.0000000,60.670,0.000,0.000,0.000,8,00:00:00,0.000,0.000,0.000
105.339,59.8099896,105.339,7,0.000,0.000,58.538,0.000,0.000,-4.026,0.000,0.000,-0.013,0.000,55.340,0.000,0.000,9.797,0.000,0.000,0.000,1006.240,14.610,58.493,45.0000000,-122.0000000,59.810,0.000,0.000,0.000,8,00:00:00,0.000,0.000,0.000
105.549,58.9507584,105.549,7,0.000,0.000,57.687,0.000,0.000,-4.028,0.000,0.000,0.001,0.000,55.550,0.000,0.000,9.811,0.000,0.000,0.000,1006.340,14.620,57.656,45.0000000,-122.0000000,58.950,0.000,0.000,0.000,8,00:00:00,0.000,0.000,0.000
105.758,58.092136800000006,105.758,7,0.000,0.000,56.842,0.000,0.000,-4.029,0.000,0.000,0.003,0.000,55.759,0.000,0.000,9.813,0.000,0.000,0.000,1006.440,14.620,56.819,45.0000000,-122.0000000,58.090,0.000,0.000,0.000,8,00:00:00,0.000,0.000,0.000
105.968,57.23351520000001,105.968,7,0.000,0.000,55.994,0.000,0.000,-4.029,0.000,0.000,0.002,0.000,55.969,0.000,0.000,9.812,0.000,0.000,0.000,1006.540,14.630,55.983,45.0000000,-122.0000000,57.230,0.000,0.000,0.000,8,00:00:00,0.000,0.000,0.000
106.177,56.3748936,106.177,7,0.000,0.000,55.151,0.000,0.000,-4.027,0.000,0.000,0.009,0.000,56.178,0.000,0.000,9.819,0.000,0.000,0.000,1006.640,14.630,55.146,45.0000000,-122.0000000,56.370,0.000,0.000,0.000,8,00:00:00,0.000,0.000,0.000
106.387,55.5165768,106.387,7,0.000,0.000,54.306,0.000,0.000,-4.026,0.000,0.000,0.008,0.000,56.388,0.000,0.000,9.818,0.000,0.000,0.000,1006.740,14.640,54.310,45.0000000,-122.0000000,55.520,0.000,0.000,0.000,8,00:00:00,0.000,0.000,0.000
106.596,54.65826,106.596,7,0.000,0.000,53.466,0.000,0.000,-4.029,0.000,0.000,-0.018,0.000,56.597,0.000,0.000,9.792,0.000,0.000,0.000,1006.840,14.640,53.473,45.0000000,-122.0000000,54.660,0.000,0.000,0.000,8,00:00:00,0.000,0.000,0.000
106.806,53.799333600000004,106.806,7,0.000,0.000,52.622,0.000,0.000,-4.028,0.000,0.000,0.001,0.000,56.807,0.000,0.000,9.811,0.000,0.000,0.000,1006.940,14.650,52.637,45.0000000,-122.0000000,53.800,0.000,0.000,0.000,8,00:00:00,0.000,0.000,0.000
107.015,52.94101680000001,107.015,7,0.000,0.000,51.783,0.000,0.000,-4.026,0.000,0.000,0.001,0.000,57.016,0.000,0.000,9.811,0.000,0.000,0.000,1007.040,14.660,51.801,45.0000000,-122.0000000,52.940,0.000,0.000,0.000,8,00:00:00,0.000,0.000,0.000
107.224,52.083004800000005,107.224,7,0.000,0.000,50.946,0.000,0.000,-4.021,0.000,0.000,0.021,0.000,57.225,0.000,0.000,9.831,0.000,0.000,0.000,1007.140,14.660,50.965,45.0000000,-122.0000000,52.080,0.000,0.000,0.000,8,00:00:00,0.000,0.000,0.000
107.434,51.225297600000005,107.434,7,0.000,0.000,50.105,0.000,0.000,-4.022,0.000,0.000,-0.011,0.000,57.435,0.000,0.000,9.799,0.000,0.000,0.000,1007.240,14.670,50.128,45.0000000,-122.0000000,51.230,0.000,0.000,0.000,8,00:00:00,0.000,0.000,0.000
107.643,50.366676000000005,107.643,7,0.000,0.000,49.268,0.000,0.000,-4.021,0.000,0.000,-0.007,0.000,57.644,0.000,0.000,9.803,0.000,0.000,0.000,1007.340,14.670,49.292,45.0000000,-122.0000000,50.370,0.000,0.000,0.000,8,00:00:00,0.000,0.000,0.000
107.853,49.508664,107.853,7,0.000,0.000,48.429,0.000,0.000,-4.020,0.000,0.000,0.000,0.000,57.854,0.000,0.000,9.810,0.000,0.000,0.000,1007.440,14.680,48.456,45.0000000,-122.0000000,49.510,0.000,0.000,0.000,8,00:00:00,0.000,0.000,0.000
108.062,48.65065200000001,108.062,7,0.000,0.000,47.594,0.000,0.000,-4.013,0.000,0.000,0.024,0.000,58.063,0.000,0.000,9.834,0.000,0.000,0.000,1007.540,14.680,47.621,45.0000000,-122.0000000,48.650,0.000,0.000,0.000,8,00:00:00,0.000,0.000,0.000
108.271,47.7932496,108.271,7,0.000,0.000,46.759,0.000,0.000,-4.016,0.000,0.000,-0.022,0.000,58.272,0.000,0.000,9.788,0.000,0.000,0.000,1007.640,14.690,46.785,45.0000000,-122.0000000,47.790,0.000,0.000,0.000,8,00:00:00,0.000,0.000,0.000
108.481,46.9349328,108.481,7,0.000,0.000,45.908,0.000,0.000,-4.018,0.000,0.000,0.001,0.000,58.482,0.000,0.000,9.811,0.000,0.000,0.000,1007.750,14.700,45.865,45.0000000,-122.0000000,46.930,0.000,0.000,0.000,8,00:00:00,0.000,0.000,0.000
108.69,46.0769208,108.690,7,0.000,0.000,45.063,0.000,0.000,-4.020,0.000,0.000,0.002,0.000,58.691,0.000,0.000,9.812,0.000,0.000,0.000,1007.850,14.700,45.030,45.0000000,-122.0000000,46.080,0.000,0.000,0.000,8,00:00:00,0.000,0.000,0.000
108.899,45.219518400000005,108.899,7,0.000,0.000,44.219,0.000,0.000,-4.020,0.000,0.000,0.008,0.000,58.900,0.000,0.000,9.818,0.000,0.000,0.000,1007.950,14.710,44.194,45.0000000,-122.0000000,45.220,0.000,0.000,0.000,8,00:00:00,0.000,0.000,0.000
109.109,44.361811200000005,109.109,7,0.000,0.000,43.372,0.000,0.000,-4.017,0.000,0.000,0.017,0.000,59.110,0.000,0.000,9.827,0.000,0.000,0.000,1008.050,14.710,43.358,45.0000000,-122.0000000,44.360,0.000,0.000,0.000,8,00:00:00,0.000,0.000,0.000
109.318,43.5047136,109.318,7,0.000,0.000,42.531,0.000,0.000,-4.023,0.000,0.000,-0.023,0.000,59.319,0.000,0.000,9.787,0.000,0.000,0.000,1008.150,14.720,42.523,45.0000000,-122.0000000,43.500,0.000,0.000,0.000,8,00:00:00,0.000,0.000,0.000
109.528,42.6467016,109.528,7,0.000,0.000,41.686,0.000,0.000,-4.022,0.000,0.000,0.003,0.000,59.529,0.000,0.000,9.813,0.000,0.000,0.000,1008.250,14.720,41.687,45.0000000,-122.0000000,42.650,0.000,0.000,0.000,8,00:00:00,0.000,0.000,0.000
109.737,41.78929920000001,109.737,7,0.000,0.000,40.847,0.000,0.000,-4.022,0.000,0.000,-0.002,0.000,59.738,0.000,0.000,9.808,0.000,0.000,0.000,1008.350,14.730,40.852,45.0000000,-122.0000000,41.790,0.000,0.000,0.000,8,00:00:00,0.000,0.000,0.000
109.946,40.931896800000004,109.946,7,0.000,0.000,40.007,0.000,0.000,-4.022,0.000,0.000,0.000,0.000,59.947,0.000,0.000,9.810,0.000,0.000,0.000,1008.450,14.730,40.017,45.0000000,-122.0000000,40.930,0.000,0.000,0.000,8,00:00:00,0.000,0.000,0.000
110.155,40.074494400000006,110.155,7,0.000,0.000,39.169,0.000,0.000,-4.020,0.000,0.000,0.003,0.000,60.156,0.000,0.000,9.813,0.000,0.000,0.000,1008.550,14.740,39.181,45.0000000,-122.0000000,40.070,0.000,0.000,0.000,8,00:00:00,0.000,0.000,0.000
110.364,39.2173968,110.364,7,0.000,0.000,38.331,0.000,0.000,-4.019,0.000,0.000,0.000,0.000,60.365,0.000,0.000,9.810,0.000,0.000,0.000,1008.650,14.740,38.346,45.0000000,-122.0000000,39.220,0.000,0.000,0.000,8,00:00:00,0.000,0.000,0.000
110.864,37.1691408,110.864,7,0.000,0.000,36.327,0.000,0.000,-4.011,0.000,0.000,0.014,0.000,60.865,0.000,0.000,9.824,0.000,0.000,0.000,1008.890,14.760,36.342,45.0000000,-122.0000000,37.170,0.000,0.000,0.000,8,00:00:00,0.000,0.000,0.000
111.074,36.312348,111.074,7,0.000,0.000,35.488,0.000,0.000,-4.012,0.000,0.000,-0.010,0.000,61.075,0.000,0.000,9.800,0.000,0.000,0.000,1008.990,14.760,35.507,45.0000000,-122.0000000,36.310,0.000,0.000,0.000,8,00:00:00,0.000,0.000,0.000
111.283,35.4552504,111.283,7,0.000,0.000,34.654,0.000,0.000,-4.010,0.000,0.000,-0.002,0.000,61.284,0.000,0.000,9.808,0.000,0.000,0.000,1009.090,14.770,34.672,45.0000000,-122.0000000,35.460,0.000,0.000,0.000,8,00:00:00,0.000,0.000,0.000
111.492,34.5984576,111.492,7,0.000,0.000,33.819,0.000,0.000,-4.009,0.000,0.000,-0.001,0.000,61.493,0.000,0.000,9.809,0.000,0.000,0.000,1009.190,14.770,33.837,45.0000000,-122.0000000,34.600,0.000,0.000,0.000,8,00:00:00,0.000,0.000,0.000
111.701,33.7416648,111.701,7,0.000,0.000,32.985,0.000,0.000,-4.007,0.000,0.000,0.003,0.000,61.702,0.000,0.000,9.813,0.000,0.000,0.000,1009.290,14.780,33.003,45.0000000,-122.0000000,33.740,0.000,0.000,0.000,8,00:00:00,0.000,0.000,0.000
111.911,32.884872,111.911,7,0.000,0.000,32.147,0.000,0.000,-4.006,0.000,0.000,0.000,0.000,61.912,0.000,0.000,9.810,0.000,0.000,0.000,1009.390,14.790,32.168,45.0000000,-122.0000000,32.880,0.000,0.000,0.000,8,00:00:00,0.000,0.000,0.000
112.12,32.0280792,112.120,7,0.000,0.000,31.314,0.000,0.000,-4.004,0.000,0.000,0.001,0.000,62.121,0.000,0.000,9.811,0.000,0.000,0.000,1009.490,14.790,31.333,45.0000000,-122.0000000,32.030,0.000,0.000,0.000,8,00:00:00,0.000,0.000,0.000
112.329,31.1715912,112.329,7,0.000,0.000,30.480,0.000,0.000,-4.000,0.000,0.000,0.015,0.000,62.330,0.000,0.000,9.825,0.000,0.000,0.000,1009.590,14.800,30.499,45.0000000,-122.0000000,31.170,0.000,0.000,0.000,8,00:00:00,0.000,0.000,0.000
112.538,30.315407999999998,112.538,7,0.000,0.000,29.634,0.000,0.000,-4.005,0.000,0.000,-0.005,0.000,62.539,0.000,0.000,9.805,0.000,0.000,0.000,1009.700,14.800,29.581,45.0000000,-122.0000000,30.320,0.000,0.000,0.000,8,00:00:00,0.000,0.000,0.000
112.747,29.458920000000003,112.747,7,0.000,0.000,28.802,0.000,0.000,-4.004,0.000,0.000,-0.007,0.000,62.748,0.000,0.000,9.803,0.000,0.000,0.000,1009.790,14.810,28.830,45.0000000,-122.0000000,29.460,0.000,0.000,0.000,8,00:00:00,0.000,0.000,0.000
112.956,28.602432000000004,112.956,7,0.000,0.000,27.970,0.000,0.000,-4.002,0.000,0.000,0.001,0.000,62.957,0.000,0.000,9.811,0.000,0.000,0.000,1009.890,14.810,27.995,45.0000000,-122.0000000,28.600,0.000,0.000,0.000,8,00:00:00,0.000,0.000,0.000
113.166,27.745944,113.166,7,0.000,0.000,27.122,0.000,0.000,-4.005,0.000,0.000,0.001,0.000,63.167,0.000,0.000,9.811,0.000,0.000,0.000,1010.000,14.820,27.078,45.0000000,-122.0000000,27.750,0.000,0.000,0.000,8,00:00:00,0.000,0.000,0.000
113.375,26.8897608,113.375,7,0.000,0.000,26.279,0.000,0.000,-4.007,0.000,0.000,0.003,0.000,63.376,0.000,0.000,9.813,0.000,0.000,0.000,1010.100,14.830,26.244,45.0000000,-122.0000000,26.890,0.000,0.000,0.000,8,00:00:00,0.000,0.000,0.000
113.584,26.033577600000005,113.584,7,0.000,0.000,25.436,0.000,0.000,-4.009,0.000,0.000,-0.001,0.000,63.585,0.000,0.000,9.809,0.000,0.000,0.000,1010.200,14.830,25.409,45.0000000,-122.0000000,26.030,0.000,0.000,0.000,8,00:00:00,0.000,0.000,0.000
113.793,25.1773944,113.793,7,0.000,0.000,24.595,0.000,0.000,-4.005,0.000,0.000,0.024,0.000,63.794,0.000,0.000,9.834,0.000,0.000,0.000,1010.300,14.840,24.575,45.0000000,-122.0000000,25.180,0.000,0.000,0.000,8,00:00:00,0.000,0.000,0.000
114.002,24.3221256,114.002,7,0.000,0.000,23.756,0.000,0.000,-4.009,0.000,0.000,-0.015,0.000,64.003,0.000,0.000,9.795,0.000,0.000,0.000,1010.400,14.840,23.741,45.0000000,-122.0000000,24.320,0.000,0.000,0.000,8,00:00:00,0.000,0.000,0.000
114.211,23.4656376,114.211,7,0.000,0.000,22.916,0.000,0.000,-4.011,0.000,0.000,-0.005,0.000,64.212,0.000,0.000,9.805,0.000,0.000,0.000,1010.500,14.850,22.907,45.0000000,-122.0000000,23.470,0.000,0.000,0.000,8,00:00:00,0.000,0.000,0.000
114.42,22.609759200000003,114.420,7,0.000,0.000,22.077,0.000,0.000,-4.011,0.000,0.000,0.000,0.000,64.421,0.000,0.000,9.810,0.000,0.000,0.000,1010.600,14.850,22.073,45.0000000,-122.0000000,22.610,0.000,0.000,0.000,8,00:00:00,0.000,0.000,0.000
114.92,20.5630272,114.920,7,0.000,0.000,20.074,0.000,0.000,-4.001,0.000,0.000,0.021,0.000,64.921,0.000,0.000,9.831,0.000,0.000,0.000,1010.840,14.870,20.072,45.0000000,-122.0000000,20.560,0.000,0.000,0.000,8,00:00:00,0.000,0.000,0.000
115.129,19.707758400000003,115.129,7,0.000,0.000,19.238,0.000,0.000,-4.005,0.000,0.000,-0.020,0.000,65.130,0.000,0.000,9.790,0.000,0.000,0.000,1010.940,14.870,19.239,45.0000000,-122.0000000,19.710,0.000,0.000,0.000,8,00:00:00,0.000,0.000,0.000
115.339,18.8515752,115.339,7,0.000,0.000,18.398,0.000,0.000,-4.004,0.000,0.000,0.001,0.000,65.340,0.000,0.000,9.811,0.000,0.000,0.000,1011.040,14.880,18.405,45.0000000,-122.0000000,18.850,0.000,0.000,0.000,8,00:00:00,0.000,0.000,0.000
115.548,17.9963064,115.548,7,0.000,0.000,17.563,0.000,0.000,-4.003,0.000,0.000,0.001,0.000,65.549,0.000,0.000,9.811,0.000,0.000,0.000,1011.140,14.880,17.572,45.0000000,-122.0000000,18.000,0.000,0.000,0.000,8,00:00:00,0.000,0.000,0.000
115.757,17.1407328,115.757,7,0.000,0.000,16.728,0.000,0.000,-4.002,0.000,0.000,0.001,0.000,65.758,0.000,0.000,9.811,0.000,0.000,0.000,1011.240,14.890,16.738,45.0000000,-122.0000000,17.140,0.000,0.000,0.000,8,00:00:00,0.000,0.000,0.000
115.966,16.285464,115.966,7,0.000,0.000,15.894,0.000,0.000,-4.000,0.000,0.000,0.007,0.000,65.967,0.000,0.000,9.817,0.000,0.000,0.000,1011.340,14.890,15.905,45.0000000,-122.0000000,16.290,0.000,0.000,0.000,8,00:00:00,0.000,0.000,0.000
116.175,15.430195200000002,116.175,7,0.000,0.000,15.060,0.000,0.000,-4.000,0.000,0.000,-0.006,0.000,66.176,0.000,0.000,9.804,0.000,0.000,0.000,1011.440,14.900,15.072,45.0000000,-122.0000000,15.430,0.000,0.000,0.000,8,00:00:00,0.000,0.000,0.000
116.384,14.5749264,116.384,7,0.000,0.000,14.226,0.000,0.000,-3.999,0.000,0.000,0.001,0.000,66.385,0.000,0.000,9.811,0.000,0.000,0.000,1011.540,14.910,14.238,45.0000000,-122.0000000,14.570,0.000,0.000,0.000,8,00:00:00,0.000,0.000,0.000
116.593,13.719657600000001,116.593,7,0.000,0.000,13.393,0.000,0.000,-3.998,0.000,0.000,0.002,0.000,66.594,0.000,0.000,9.812,0.000,0.000,0.000,1011.640,14.910,13.405,45.0000000,-122.0000000,13.720,0.000,0.000,0.000,8,00:00:00,0.000,0.000,0.000
116.802,12.864388800000002,116.802,7,0.000,0.000,12.560,0.000,0.000,-3.997,0.000,0.000,0.002,0.000,66.803,0.000,0.000,9.812,0.000,0.000,0.000,1011.740,14.920,12.572,45.0000000,-122.0000000,12.860,0.000,0.000,0.000,8,00:00:00,0.000,0.000,0.000
117.011,12.009424800000001,117.011,7,0.000,0.000,11.727,0.000,0.000,-3.987,0.000,0.000,0.041,0.000,67.012,0.000,0.000,9.851,0.000,0.000,0.000,1011.840,14.920,11.739,45.0000000,-122.0000000,12.010,0.000,0.000,0.000,8,00:00:00,0.000,0.000,0.000
117.22,11.1553752,117.220,7,0.000,0.000,10.895,0.000,0.000,-3.995,0.000,0.000,-0.042,0.000,67.221,0.000,0.000,9.768,0.000,0.000,0.000,1011.940,14.930,10.906,45.0000000,-122.0000000,11.160,0.000,0.000,0.000,8,00:00:00,0.000,0.000,0.000
117.429,10.2994968,117.429,7,0.000,0.000,10.062,0.000,0.000,-3.993,0.000,0.000,0.007,0.000,67.430,0.000,0.000,9.817,0.000,0.000,0.000,1012.040,14.930,10.073,45.0000000,-122.0000000,10.300,0.000,0.000,0.000,8,00:00:00,0.000,0.000,0.000
117.638,9.4448376,117.638,7,0.000,0.000,9.230,0.000,0.000,-3.991,0.000,0.000,0.007,0.000,67.639,0.000,0.000,9.817,0.000,0.000,0.000,1012.140,14.940,9.240,45.0000000,-122.0000000,9.440,0.000,0.000,0.000,8,00:00:00,0.000,0.000,0.000
117.847,8.590178400000001,117.847,7,0.000,0.000,8.397,0.000,0.000,-3.992,0.000,0.000,-0.007,0.000,67.848,0.000,0.000,9.803,0.000,0.000,0.000,1012.240,14.940,8.407,45.0000000,-122.0000000,8.590,0.000,0.000,0.000,8,00:00:00,0.000,0.000,0.000
118.056,7.735519200000001,118.056,7,0.000,0.000,7.565,0.000,0.000,-3.992,0.000,0.000,-0.004,0.000,68.057,0.000,0.000,9.806,0.000,0.000,0.000,1012.340,14.950,7.575,45.0000000,-122.0000000,7.740,0.000,0.000,0.000,8,00:00:00,0.000,0.000,0.000
118.265,6.880555200000001,118.265,7,0.000,0.000,6.733,0.000,0.000,-3.982,0.000,0.000,0.046,0.000,68.266,0.000,0.000,9.856,0.000,0.000,0.000,1012.440,14.950,6.742,45.0000000,-122.0000000,6.880,0.000,0.000,0.000,8,00:00:00,0.000,0.000,0.000
118.474,6.027115200000001,118.474,7,0.000,0.000,5.901,0.000,0.000,-3.990,0.000,0.000,-0.045,0.000,68.475,0.000,0.000,9.765,0.000,0.000,0.000,1012.540,14.960,5.909,45.0000000,-122.0000000,6.030,0.000,0.000,0.000,8,00:00:00,0.000,0.000,0.000
118.683,5.1715416,118.683,7,0.000,0.000,5.069,0.000,0.000,-3.989,0.000,0.000,0.002,0.000,68.684,0.000,0.000,9.812,0.000,0.000,0.000,1012.640,14.970,5.077,45.0000000,-122.0000000,5.170,0.000,0.000,0.000,8,00:00:00,0.000,0.000,0.000
118.892,4.3171872,118.892,7,0.000,0.000,4.237,0.000,0.000,-3.985,0.000,0.000,0.019,0.000,68.893,0.000,0.000,9.829,0.000,0.000,0.000,1012.740,14.970,4.244,45.0000000,-122.0000000,4.320,0.000,0.000,0.000,8,00:00:00,0.000,0.000,0.000
119.101,3.4631376,119.101,7,0.000,0.000,3.405,0.000,0.000,-3.985,0.000,0.000,-0.004,0.000,69.102,0.000,0.000,9.806,0.000,0.000,0.000,1012.840,14.980,3.412,45.0000000,-122.0000000,3.460,0.000,0.000,0.000,8,00:00:00,0.000,0.000,0.000
119.31,2.6087832,119.310,7,0.000,0.000,2.573,0.000,0.000,-3.985,0.000,0.000,0.000,0.000,69.311,0.000,0.000,9.810,0.000,0.000,0.000,1012.940,14.980,2.580,45.0000000,-122.0000000,2.610,0.000,0.000,0.000,8,00:00:00,0.000,0.000,0.000
119.519,1.7544288000000001,119.519,7,0.000,0.000,1.741,0.000,0.000,-3.987,0.000,0.000,-0.010,0.000,69.520,0.000,0.000,9.800,0.000,0.000,0.000,1013.040,14.990,1.748,45.0000000,-122.0000000,1.750,0.000,0.000,0.000,8,00:00:00,0.000,0.000,0.000
119.948,0.0,119.948,7,0.000,0.000,0.027,0.000,0.000,-3.984,0.000,0.000,0.011,0.000,69.949,0.000,0.000,9.821,0.000,0.000,0.000,1013.250,15.000,0.000,45.0000000,-122.0000000,0.000,0.000,0.000,0.000,8,00:00:00,0.000,0.000,0.000
