Sim_Time,Sim_Alt,State - Time (s),State - Flight Stage,State - PX (m),State - PY (m),State - PZ (m),State - VX (m/s),State - VY (m/s),State - VZ (m/s),State - AX (m/s/s),State - AY (m/s/s),State - AZ (m/s/s),State - Off-Vert Angle (deg),State - Time in Stage (s),HITL_Accelerometer - Acc X (m/s^2),HITL_Accelerometer - Acc Y (m/s^2),HITL_Accelerometer - Acc Z (m/s^2),HITL_Gyroscope - Gyro X (rad/s),HITL_Gyroscope - Gyro Y (rad/s),HITL_Gyroscope - Gyro Z (rad/s),HITL_Barometer - Pres (hPa),HITL_Barometer - Temp (C),HITL_Barometer - Alt ASL (m),HITL_GPS - Lat (deg),HITL_GPS - Lon (deg),HITL_GPS - Alt (m),HITL_GPS - vN (m/s),HITL_GPS - vE (m/s),HITL_GPS - vD (m/s),HITL_GPS - Fix Quality,HITL_GPS - Time of Day,HITL_Magnetometer - Mag X (uT),HITL_Magnetometer - Mag Y (uT),HITL_Magnetometer - Mag Z (uT)
0.0,0.0,0.000,0,0.000,0.000,0.666,0.000,0.000,0.000,0.000,0.000,0.000,0.000,0.000,-0.064,-0.030,9.922,0.012,-0.012,0.003,1013.170,15.000,0.666,45.0000000,-122.0000000,0.640,0.000,0.000,0.000,8,00:00:00,0.020,0.250,0.580
0.02,0.0,0.020,0,-0.000,0.000,-0.458,-0.000,0.000,-4.161,-0.000,0.000,-0.038,0.306,0.020,-0.038,0.036,9.772,-0.009,-0.007,0.006,1013.350,15.000,-0.832,45.0000000,-122.0000000,-0.870,0.000,0.000,0.000,8,00:00:00,-0.160,-0.930,0.270
0.04,0.0,0.040,0,-0.000,0.000,-1.026,-0.000,-0.000,-8.322,0.000,-0.000,-0.015,0.425,0.040,0.007,-0.072,9.795,-0.004,-0.011,-0.006,1013.380,15.000,-1.082,45.0000000,-122.0000000,-1.060,0.000,0.000,0.000,8,00:00:00,-0.240,0.060,-0.200
0.06,0.0,0.060,0,-0.000,0.000,-2.095,-0.000,0.000,-18.542,0.000,0.000,0.044,0.574,0.060,-0.013,-0.098,9.853,-0.003,0.007,-0.002,1013.600,15.000,-2.912,45.0000000,-122.0000000,-2.880,0.000,0.000,0.000,8,00:00:00,-0.450,1.040,0.500
0.08,0.0,0.080,0,-0.000,0.000,-2.226,-0.000,0.000,-15.716,-0.000,-0.000,0.035,0.831,0.080,0.045,0.136,9.844,-0.008,0.002,0.008,1013.390,15.000,-1.165,45.0000000,-122.0000000,-1.140,0.000,0.000,0.000,8,00:00:00,-0.970,0.220,0.100
0.1,0.0,0.100,0,-0.000,0.000,-2.274,-0.000,0.000,-12.758,0.000,0.000,-0.012,0.383,0.100,-0.026,-0.060,9.798,-0.011,-0.006,0.011,1013.390,15.000,-1.165,45.0000000,-122.0000000,-1.180,0.000,0.000,0.000,8,00:00:00,-0.540,0.250,-1.250
0.12000000000000001,0.0,0.120,0,-0.000,0.000,-0.816,-0.000,0.000,4.626,0.000,0.000,0.091,0.511,0.120,0.025,0.085,9.900,-0.004,-0.004,0.000,1012.910,15.000,2.829,45.0000000,-122.0000000,2.840,0.000,0.000,0.000,8,00:00:00,0.760,0.220,-0.150
0.14,0.0,0.140,0,-0.000,0.000,-0.500,0.000,0.000,6.683,0.000,0.000,0.049,0.173,0.140,-0.014,-0.026,9.859,-0.018,-0.003,0.013,1013.180,15.000,0.582,45.0000000,-122.0000000,0.600,0.000,0.000,0.000,8,00:00:00,-0.430,0.050,-0.830
0.16,0.0,0.160,0,-0.000,0.000,-2.287,0.000,0.000,-9.290,-0.000,-0.000,-0.032,0.600,0.160,0.001,0.102,9.777,0.004,0.008,-0.016,1013.910,15.000,-5.490,45.0000000,-122.0000000,-5.520,0.000,0.000,0.000,8,00:00:00,-0.100,-0.170,0.370
0.18,0.0,0.180,0,0.000,0.000,-2.741,0.000,-0.000,-11.316,0.000,-0.000,-0.025,0.317,0.180,0.019,-0.051,9.785,0.006,-0.001,-0.003,1013.570,15.000,-2.662,45.0000000,-122.0000000,-2.670,0.000,0.000,0.000,8,00:00:00,0.290,0.420,0.640
0.19999999999999998,0.0,0.200,0,-0.000,0.000,-2.386,-0.000,-0.000,-7.301,-0.000,0.000,-0.090,0.191,0.200,0.032,-0.002,9.720,0.003,0.013,0.011,1013.290,15.000,-0.333,45.0000000,-122.0000000,-0.320,0.000,0.000,0.000,8,00:00:00,-0.850,0.750,-0.850
0.21999999999999997,0.0,0.220,0,-0.000,0.000,-2.014,-0.000,-0.000,-4.000,-0.000,-0.000,-0.039,0.449,0.220,-0.013,-0.075,9.770,0.019,0.008,0.010,1013.250,15.000,0.000,45.0000000,-122.0000000,0.000,0.000,0.000,0.000,8,00:00:00,0.050,0.150,-0.020
0.23999999999999996,0.0,0.240,0,-0.000,-0.000,-1.829,-0.000,-0.000,-2.439,0.000,-0.000,0.023,0.484,0.240,0.077,-0.030,9.833,-0.011,0.008,-0.006,1013.300,15.000,-0.416,45.0000000,-122.0000000,-0.450,0.000,0.000,0.000,8,00:00:00,0.040,0.740,-0.030
0.25999999999999995,0.0,0.260,0,-0.000,-0.000,-1.413,-0.000,-0.000,0.103,-0.000,-0.000,0.011,0.861,0.260,-0.066,-0.132,9.820,0.008,0.011,-0.016,1013.170,15.000,0.666,45.0000000,-122.0000000,0.650,0.000,0.000,0.000,8,00:00:00,-0.180,0.180,-0.200
0.27999999999999997,0.0,0.280,0,-0.000,-0.000,-2.113,-0.000,-0.000,-3.484,0.000,0.000,0.063,0.617,0.280,0.090,0.057,9.872,-0.008,0.001,-0.003,1013.700,15.000,-3.744,45.0000000,-122.0000000,-3.730,0.000,0.000,0.000,8,00:00:00,0.300,-0.580,0.700
0.3,0.0,0.300,0,-0.000,-0.000,-0.811,-0.000,-0.000,3.089,-0.000,0.000,0.046,0.466,0.300,0.053,-0.060,9.855,0.009,-0.008,0.006,1012.690,15.000,4.661,45.0000000,-122.0000000,4.680,0.000,0.000,0.000,8,00:00:00,0.180,0.450,-0.310
0.32,0.0,0.320,0,-0.000,-0.000,-1.837,-0.000,-0.000,-1.817,0.000,0.000,-0.014,0.285,0.320,-0.043,-0.022,9.796,0.014,0.009,-0.002,1013.880,15.000,-5.241,45.0000000,-122.0000000,-5.220,0.000,0.000,0.000,8,00:00:00,0.080,-1.010,-0.490
0.34,0.0,0.340,0,-0.000,-0.000,-1.531,-0.000,-0.000,-0.357,-0.000,-0.000,0.039,0.274,0.340,-0.047,-0.001,9.849,-0.018,-0.004,0.011,1013.190,15.000,0.499,45.0000000,-122.0000000,0.480,0.000,0.000,0.000,8,00:00:00,-0.490,0.280,-0.040
0.36000000000000004,0.0,0.360,0,-0.000,-0.000,-1.594,-0.000,-0.000,-0.582,-0.000,-0.000,0.029,0.426,0.360,-0.026,-0.068,9.838,0.017,0.000,-0.015,1013.390,15.000,-1.165,45.0000000,-122.0000000,-1.140,0.000,0.000,0.000,8,00:00:00,-0.290,0.170,-0.940
0.38000000000000006,0.0,0.380,0,-0.000,-0.000,-0.244,-0.000,-0.000,4.629,0.000,-0.000,0.037,0.473,0.380,0.043,-0.069,9.847,-0.003,-0.001,0.002,1012.470,15.000,6.492,45.0000000,-122.0000000,6.530,0.000,0.000,0.000,8,00:00:00,-0.360,1.170,-0.950
0.4000000000000001,0.0,0.400,0,-0.000,-0.000,0.707,-0.000,-0.000,7.756,-0.000,-0.000,-0.058,0.256,0.400,-0.015,-0.041,9.752,-0.005,0.008,-0.001,1012.600,15.000,5.410,45.0000000,-122.0000000,5.450,0.000,0.000,0.000,8,00:00:00,0.130,0.950,0.540
0.4200000000000001,0.0,0.420,0,-0.000,-0.000,1.011,-0.000,-0.000,8.273,0.000,-0.000,-0.041,0.422,0.420,0.046,-0.055,9.768,-0.006,0.002,-0.025,1012.960,15.000,2.413,45.0000000,-122.0000000,2.380,0.000,0.000,0.000,8,00:00:00,-0.250,0.250,0.190
0.4400000000000001,0.0,0.440,0,-0.000,-0.000,0.409,-0.000,-0.000,5.720,-0.000,-0.000,0.004,0.282,0.440,-0.013,-0.046,9.814,0.016,0.000,0.002,1013.600,15.000,-2.912,45.0000000,-122.0000000,-2.920,0.000,0.000,0.000,8,00:00:00,0.420,0.290,0.310
0.46000000000000013,0.0,0.460,0,-0.000,-0.000,1.399,-0.000,-0.000,8.509,0.000,-0.000,0.049,0.245,0.460,0.005,-0.042,9.859,0.018,-0.004,0.007,1012.430,15.000,6.825,45.0000000,-122.0000000,6.830,0.000,0.000,0.000,8,00:00:00,-0.100,0.490,-0.090
0.48000000000000015,0.0,0.480,0,-0.000,-0.000,1.011,-0.000,-0.000,6.804,-0.000,-0.000,0.064,0.199,0.480,0.024,0.025,9.874,-0.002,0.014,0.001,1013.430,15.000,-1.498,45.0000000,-122.0000000,-1.530,0.000,0.000,0.000,8,00:00:00,0.460,0.230,-0.790
0.5000000000000001,0.0,0.500,0,-0.000,-0.000,0.849,-0.000,-0.000,5.929,-0.000,-0.000,-0.082,0.389,0.500,0.018,0.064,9.727,0.000,0.001,-0.018,1013.280,15.000,-0.250,45.0000000,-122.0000000,-0.250,0.000,0.000,0.000,8,00:00:00,-0.110,0.590,-0.200
0.5200000000000001,0.0,0.520,0,-0.000,-0.000,1.552,-0.000,-0.000,7.580,-0.000,-0.000,-0.015,0.111,0.520,-0.017,-0.008,9.795,-0.010,-0.004,0.001,1012.550,15.000,5.826,45.0000000,-122.0000000,5.860,0.000,0.000,0.000,8,00:00:00,-0.200,-0.270,-0.530
0.5400000000000001,0.0,0.540,0,-0.000,-0.000,1.474,-0.000,-0.000,6.955,-0.000,0.000,0.024,0.221,0.540,0.025,-0.029,9.834,-0.008,-0.017,-0.010,1013.170,15.000,0.666,45.0000000,-122.0000000,0.670,0.000,0.000,0.000,8,00:00:00,0.260,-0.160,0.260
0.5600000000000002,0.0,0.560,0,-0.000,-0.000,0.437,-0.000,-0.000,3.866,-0.000,0.000,0.039,0.216,0.560,-0.030,0.022,9.849,-0.005,0.002,0.006,1014.060,15.000,-6.738,45.0000000,-122.0000000,-6.710,0.000,0.000,0.000,8,00:00:00,0.410,-0.530,0.450
0.5800000000000002,0.0,0.580,0,-0.000,-0.000,0.376,-0.000,-0.000,3.514,0.000,0.000,0.033,0.845,0.580,0.130,0.064,9.842,-0.006,-0.002,0.004,1013.240,15.000,0.083,45.0000000,-122.0000000,0.080,0.000,0.000,0.000,8,00:00:00,-0.660,0.050,-0.160
0.6000000000000002,0.0,0.600,0,-0.000,-0.000,1.075,-0.000,-0.000,5.058,-0.000,-0.000,-0.002,0.625,0.600,-0.023,-0.105,9.807,0.004,0.008,-0.008,1012.500,15.000,6.242,45.0000000,-122.0000000,6.270,0.000,0.000,0.000,8,00:00:00,0.680,0.080,0.290
0.6200000000000002,0.0,0.620,0,-0.000,-0.000,1.571,-0.000,-0.000,5.997,0.000,0.000,-0.026,0.509,0.620,-0.085,-0.020,9.784,0.005,0.024,0.014,1012.630,15.000,5.160,45.0000000,-122.0000000,5.190,0.000,0.000,0.000,8,00:00:00,0.350,-0.070,0.600
0.6400000000000002,0.0,0.640,0,-0.000,-0.000,1.082,-0.000,-0.000,4.593,-0.000,-0.000,-0.036,0.056,0.640,0.009,0.001,9.774,-0.003,-0.013,-0.010,1013.600,15.000,-2.912,45.0000000,-122.0000000,-2.910,0.000,0.000,0.000,8,00:00:00,0.200,-0.370,0.410
0.6600000000000003,0.0,0.660,0,-0.000,-0.000,1.332,-0.000,-0.000,4.946,0.000,0.000,-0.006,0.434,0.660,-0.072,-0.017,9.803,-0.001,0.006,0.001,1012.860,15.000,3.246,45.0000000,-122.0000000,3.270,0.000,0.000,0.000,8,00:00:00,0.310,0.050,0.000
0.6800000000000003,0.0,0.680,0,-0.000,-0.000,0.693,-0.000,-0.000,3.344,0.000,-0.000,0.066,0.305,0.680,0.041,-0.034,9.876,0.012,0.003,-0.002,1013.810,15.000,-4.659,45.0000000,-122.0000000,-4.690,0.000,0.000,0.000,8,00:00:00,-0.860,-0.300,-0.110
0.7000000000000003,0.0,0.700,0,-0.000,-0.000,0.289,-0.000,-0.000,2.352,-0.000,0.000,0.020,0.207,0.700,-0.035,0.008,9.830,-0.007,0.004,0.009,1013.610,15.000,-2.995,45.0000000,-122.0000000,-3.010,0.000,0.000,0.000,8,00:00:00,0.590,-0.150,-0.690
0.7200000000000003,0.0,0.720,0,-0.000,-0.000,0.836,-0.000,-0.000,3.379,-0.000,0.000,0.039,0.045,0.720,-0.008,0.001,9.849,0.002,-0.022,0.003,1012.550,15.000,5.826,45.0000000,-122.0000000,5.810,0.000,0.000,0.000,8,00:00:00,-0.250,0.240,-0.500
0.7400000000000003,0.0,0.740,0,-0.000,-0.000,0.418,-0.000,-0.000,2.408,0.000,0.000,0.006,0.291,0.740,-0.028,-0.041,9.816,-0.013,-0.010,0.010,1013.640,15.000,-3.245,45.0000000,-122.0000000,-3.260,0.000,0.000,0.000,8,00:00:00,0.580,-0.060,-0.320
0.7600000000000003,0.0,0.760,0,-0.000,-0.000,0.723,-0.000,-0.000,2.907,0.000,0.000,-0.093,0.272,0.760,0.029,0.036,9.717,0.009,0.012,-0.016,1012.800,15.000,3.745,45.0000000,-122.0000000,3.770,0.000,0.000,0.000,8,00:00:00,0.130,0.280,0.020
0.7800000000000004,0.0,0.780,0,-0.000,-0.000,0.866,-0.000,-0.000,3.069,-0.000,-0.000,0.013,0.225,0.780,-0.033,-0.019,9.822,-0.010,0.005,-0.002,1012.970,15.000,2.330,45.0000000,-122.0000000,2.290,0.000,0.000,0.000,8,00:00:00,-0.920,-0.490,-0.340
0.8000000000000004,0.0,0.800,0,-0.000,-0.000,1.638,-0.000,-0.000,4.385,-0.000,-0.000,0.052,0.029,0.800,0.001,0.005,9.862,-0.007,0.019,0.006,1012.150,15.000,9.157,45.0000000,-122.0000000,9.170,0.000,0.000,0.000,8,00:00:00,-0.540,-0.080,0.010
0.8200000000000004,0.0,0.820,0,-0.000,-0.000,1.323,-0.000,-0.000,3.657,0.000,-0.000,0.002,0.171,0.820,0.009,-0.028,9.812,-0.018,0.001,-0.006,1013.490,15.000,-1.997,45.0000000,-122.0000000,-2.010,0.000,0.000,0.000,8,00:00:00,-0.100,-0.140,-0.010
0.8400000000000004,0.0,0.840,0,-0.000,-0.000,1.129,-0.000,-0.000,3.186,0.000,0.000,0.010,0.408,0.840,-0.013,-0.069,9.820,-0.001,0.010,0.011,1013.360,15.000,-0.915,45.0000000,-122.0000000,-0.920,0.000,0.000,0.000,8,00:00:00,0.860,-0.210,0.480
0.8600000000000004,0.0,0.860,0,-0.000,-0.000,1.220,-0.000,-0.000,3.230,0.000,-0.000,-0.091,0.274,0.860,-0.038,0.026,9.718,-0.017,-0.004,0.021,1012.990,15.000,2.164,45.0000000,-122.0000000,2.170,0.000,0.000,0.000,8,00:00:00,-0.310,0.390,-0.100
0.8800000000000004,0.0,0.880,0,-0.000,-0.000,1.317,-0.000,-0.000,3.285,0.000,-0.000,-0.040,0.948,0.880,0.162,-0.001,9.768,0.007,0.007,0.002,1012.970,15.000,2.330,45.0000000,-122.0000000,2.310,0.000,0.000,0.000,8,00:00:00,0.390,-0.000,0.440
0.9000000000000005,0.0,0.900,0,-0.000,-0.000,0.979,-0.000,-0.000,2.621,-0.000,0.000,0.032,0.132,0.900,-0.022,0.006,9.841,0.004,-0.020,-0.009,1013.580,15.000,-2.746,45.0000000,-122.0000000,-2.780,0.000,0.000,0.000,8,00:00:00,-0.270,0.860,0.160
0.9200000000000005,0.0,0.920,0,-0.000,-0.000,0.700,-0.000,-0.000,2.086,-0.000,0.000,-0.009,0.197,0.920,-0.030,0.015,9.801,-0.013,0.001,-0.012,1013.530,15.000,-2.330,45.0000000,-122.0000000,-2.310,0.000,0.000,0.000,8,00:00:00,-0.570,-1.230,-0.040
0.9400000000000005,0.0,0.940,0,-0.000,-0.000,0.816,-0.000,-0.000,2.204,-0.000,-0.000,0.046,0.534,0.940,0.087,0.029,9.856,0.004,0.000,0.005,1012.970,15.000,2.330,45.0000000,-122.0000000,2.330,0.000,0.000,0.000,8,00:00:00,-0.420,-0.200,-0.810
0.9600000000000005,0.0,0.960,0,-0.000,-0.000,0.266,-0.000,-0.000,1.285,-0.000,-0.000,0.019,0.147,0.960,0.012,0.022,9.829,0.005,-0.002,-0.005,1013.970,15.000,-5.989,45.0000000,-122.0000000,-6.030,0.000,0.000,0.000,8,00:00:00,0.330,-0.920,-0.190
0.9800000000000005,0.0,0.980,0,-0.000,-0.000,-0.060,-0.000,0.000,0.750,-0.000,0.000,-0.066,0.022,0.980,0.003,-0.002,9.744,0.004,0.017,-0.002,1013.680,15.000,-3.577,45.0000000,-122.0000000,-3.590,0.000,0.000,0.000,8,00:00:00,-0.070,-0.840,-0.250
1.0000000000000004,0.0,1.000,0,-0.000,-0.000,0.123,-0.000,0.000,0.999,-0.000,-0.000,-0.051,0.031,1.000,0.005,0.002,9.759,-0.013,0.004,-0.004,1012.910,15.000,2.829,45.0000000,-122.0000000,2.870,0.000,0.000,0.000,8,00:00:00,-0.710,0.610,-0.490
1.0200000000000005,0.0,1.020,0,-0.000,-0.000,0.039,-0.000,0.000,0.848,0.000,-0.000,0.022,0.106,1.020,-0.004,0.018,9.832,0.018,-0.002,-0.003,1013.320,15.000,-0.582,45.0000000,-122.0000000,-0.580,0.000,0.000,0.000,8,00:00:00,0.650,-0.900,0.570
1.0400000000000005,0.0,1.040,0,-0.000,-0.000,0.442,-0.000,0.000,1.400,-0.000,0.000,-0.037,0.626,1.040,0.097,-0.046,9.772,0.003,0.003,-0.006,1012.530,15.000,5.993,45.0000000,-122.0000000,5.990,0.000,0.000,0.000,8,00:00:00,-0.350,-0.560,0.120
1.0600000000000005,0.0,1.060,0,-0.000,-0.000,0.371,-0.000,0.000,1.261,0.000,-0.000,0.049,0.317,1.060,0.007,-0.054,9.859,-0.018,0.000,-0.007,1013.280,15.000,-0.250,45.0000000,-122.0000000,-0.280,0.000,0.000,0.000,8,00:00:00,0.040,-0.250,-0.290
1.0800000000000005,0.0,1.080,0,-0.000,-0.000,0.415,-0.000,0.000,1.286,-0.000,0.000,-0.051,0.491,1.080,-0.083,0.008,9.759,-0.010,0.017,0.008,1013.090,15.000,1.331,45.0000000,-122.0000000,1.340,0.000,0.000,0.000,8,00:00:00,-0.080,-0.470,0.460
1.1000000000000005,0.0,1.100,0,-0.000,-0.000,0.271,-0.000,0.000,1.054,-0.000,0.000,-0.129,0.469,1.100,0.072,-0.033,9.681,-0.002,-0.002,0.006,1013.410,15.000,-1.331,45.0000000,-122.0000000,-1.320,0.000,0.000,0.000,8,00:00:00,-0.680,-0.080,0.620
1.1200000000000006,0.0,1.120,0,-0.000,-0.000,0.528,-0.000,-0.000,1.368,-0.000,-0.000,0.003,0.094,1.120,-0.011,-0.012,9.813,0.012,0.004,0.017,1012.720,15.000,4.411,45.0000000,-122.0000000,4.450,0.000,0.000,0.000,8,00:00:00,-0.160,0.030,-0.230
1.1400000000000006,0.0,1.140,0,-0.000,-0.000,0.563,-0.000,-0.000,1.377,-0.000,0.000,-0.030,0.203,1.140,0.028,-0.020,9.780,-0.025,-0.002,0.010,1013.090,15.000,1.331,45.0000000,-122.0000000,1.360,0.000,0.000,0.000,8,00:00:00,0.660,0.430,-0.190
1.1600000000000006,0.0,1.160,0,-0.000,-0.000,0.755,-0.000,-0.000,1.589,0.000,-0.000,0.033,0.393,1.160,0.060,-0.030,9.843,-0.010,0.006,0.020,1012.800,15.000,3.745,45.0000000,-122.0000000,3.740,0.000,0.000,0.000,8,00:00:00,-0.040,-0.030,0.540
1.1800000000000006,0.0,1.180,0,-0.000,-0.000,0.049,-0.000,-0.000,0.659,-0.000,0.000,0.056,0.161,1.180,-0.026,0.008,9.866,-0.001,-0.011,0.007,1014.440,15.000,-9.897,45.0000000,-122.0000000,-9.880,0.000,0.000,0.000,8,00:00:00,0.040,-0.200,0.070
1.2000000000000006,0.0,1.200,0,-0.000,-0.000,-0.267,-0.000,-0.000,0.252,-0.000,-0.000,0.059,0.480,1.200,0.044,0.070,9.868,-0.002,-0.002,0.000,1013.780,15.000,-4.409,45.0000000,-122.0000000,-4.430,0.000,0.000,0.000,8,00:00:00,-0.060,0.160,0.100
1.2200000000000006,0.0,1.220,0,-0.000,-0.000,0.295,-0.000,-0.000,0.932,0.000,-0.000,0.010,0.411,1.220,-0.070,0.005,9.820,0.016,0.003,0.014,1012.140,15.000,9.240,45.0000000,-122.0000000,9.280,0.000,0.000,0.000,8,00:00:00,-0.710,0.260,0.070
1.2400000000000007,0.0,1.240,0,-0.000,-0.000,-0.067,-0.000,-0.000,0.476,0.000,-0.000,0.044,0.232,1.240,-0.039,0.006,9.854,-0.008,-0.006,0.000,1013.870,15.000,-5.158,45.0000000,-122.0000000,-5.160,0.000,0.000,0.000,8,00:00:00,-0.250,-0.070,-0.120
1.2600000000000007,0.0,1.260,0,-0.000,-0.000,-0.135,-0.000,-0.000,0.384,-0.000,-0.000,0.008,0.386,1.260,0.027,0.060,9.818,-0.007,-0.003,-0.013,1013.330,15.000,-0.666,45.0000000,-122.0000000,-0.660,0.000,0.000,0.000,8,00:00:00,0.430,-0.610,-0.210
1.2800000000000007,0.0,1.280,0,-0.000,-0.000,-0.645,-0.000,-0.000,-0.218,-0.000,-0.000,0.035,0.762,1.280,0.108,0.073,9.844,-0.008,-0.011,-0.006,1014.220,15.000,-8.068,45.0000000,-122.0000000,-8.040,0.000,0.000,0.000,8,00:00:00,-0.420,-0.530,1.180
1.3000000000000007,0.0,1.300,0,-0.000,-0.000,-0.922,-0.000,-0.000,-0.531,0.000,-0.000,-0.054,0.120,1.300,0.020,-0.003,9.756,-0.009,-0.001,-0.029,1013.800,15.000,-4.575,45.0000000,-122.0000000,-4.590,0.000,0.000,0.000,8,00:00:00,-0.270,1.090,-0.050
1.3200000000000007,0.0,1.320,0,-0.000,-0.000,-1.111,-0.000,-0.000,-0.734,0.000,0.000,-0.046,0.223,1.320,0.034,0.017,9.764,-0.003,-0.006,-0.021,1013.650,15.000,-3.328,45.0000000,-122.0000000,-3.320,0.000,0.000,0.000,8,00:00:00,-0.460,-0.390,-0.720
1.3400000000000007,0.0,1.340,0,-0.000,-0.000,-1.023,-0.000,-0.000,-0.619,-0.000,-0.000,0.027,0.314,1.340,-0.051,-0.017,9.837,0.006,-0.013,-0.012,1013.090,15.000,1.331,45.0000000,-122.0000000,1.350,0.000,0.000,0.000,8,00:00:00,0.450,0.410,0.410
1.3600000000000008,0.0,1.360,0,-0.000,-0.000,-0.863,-0.000,-0.000,-0.430,0.000,0.000,-0.002,0.246,1.360,-0.036,-0.022,9.808,-0.010,-0.004,0.001,1012.930,15.000,2.663,45.0000000,-122.0000000,2.700,0.000,0.000,0.000,8,00:00:00,-0.680,-0.190,-0.010
1.3800000000000008,0.0,1.380,0,-0.000,-0.000,-1.139,-0.000,-0.000,-0.719,-0.000,0.000,0.036,0.239,1.380,-0.039,0.011,9.846,0.007,0.002,0.020,1013.850,15.000,-4.991,45.0000000,-122.0000000,-4.960,0.000,0.000,0.000,8,00:00:00,0.120,-0.720,1.040
1.4000000000000008,0.0,1.400,0,-0.000,-0.000,-1.076,-0.000,0.000,-0.636,0.000,0.000,0.039,0.166,1.400,0.024,0.016,9.848,-0.011,-0.006,0.001,1013.140,15.000,0.915,45.0000000,-122.0000000,0.960,0.000,0.000,0.000,8,00:00:00,-0.590,0.330,0.310
1.4200000000000008,0.0,1.420,0,-0.000,-0.000,-1.179,-0.000,-0.000,-0.732,0.000,-0.000,-0.083,0.147,1.420,-0.017,0.019,9.727,-0.001,0.020,-0.005,1013.500,15.000,-2.080,45.0000000,-122.0000000,-2.100,0.000,0.000,0.000,8,00:00:00,-0.410,-0.350,-0.290
1.4400000000000008,0.0,1.440,0,-0.000,-0.000,-1.228,-0.000,-0.000,-0.767,-0.000,-0.000,0.013,0.658,1.440,0.091,0.067,9.823,0.014,-0.009,0.005,1013.390,15.000,-1.165,45.0000000,-122.0000000,-1.130,0.000,0.000,0.000,8,00:00:00,-0.920,-0.420,0.430
1.4600000000000009,0.0,1.460,0,-0.000,-0.000,-1.129,-0.000,-0.000,-0.649,-0.000,0.000,0.083,0.618,1.460,-0.106,0.011,9.892,0.003,0.011,0.010,1013.060,15.000,1.581,45.0000000,-122.0000000,1.560,0.000,0.000,0.000,8,00:00:00,-0.650,-0.620,-0.110
1.4800000000000009,0.0,1.480,0,-0.000,-0.000,-1.126,-0.000,-0.000,-0.632,-0.000,-0.000,0.016,0.122,1.480,0.020,0.006,9.826,-0.012,-0.001,-0.008,1013.270,15.000,-0.166,45.0000000,-122.0000000,-0.180,0.000,0.000,0.000,8,00:00:00,0.220,0.270,-0.400
1.5000000000000009,0.0,1.500,0,-0.000,-0.000,-0.912,-0.000,-0.000,-0.405,-0.000,-0.000,0.061,0.199,1.500,0.024,0.025,9.871,0.003,0.002,0.008,1012.780,15.000,3.912,45.0000000,-122.0000000,3.890,0.000,0.000,0.000,8,00:00:00,0.690,0.810,0.050
1.520000000000001,0.0,1.520,0,-0.000,-0.000,-0.988,-0.000,-0.000,-0.472,-0.000,-0.000,-0.026,0.178,1.520,0.022,0.021,9.784,0.016,-0.009,0.005,1013.440,15.000,-1.581,45.0000000,-122.0000000,-1.570,0.000,0.000,0.000,8,00:00:00,-0.020,1.040,-0.110
1.540000000000001,0.0,1.540,0,-0.000,-0.000,-0.721,-0.000,-0.000,-0.204,0.000,0.000,0.008,0.211,1.540,-0.035,-0.009,9.818,0.003,0.007,0.015,1012.630,15.000,5.160,45.0000000,-122.0000000,5.130,0.000,0.000,0.000,8,00:00:00,1.060,0.740,-0.460
1.560000000000001,0.0,1.560,0,-0.000,-0.000,-0.560,-0.000,-0.000,-0.046,0.000,-0.000,0.026,0.691,1.560,0.048,-0.108,9.835,0.001,0.009,-0.001,1012.860,15.000,3.246,45.0000000,-122.0000000,3.240,0.000,0.000,0.000,8,00:00:00,0.090,0.100,0.310
1.580000000000001,0.0,1.580,0,-0.000,-0.000,-0.378,-0.000,-0.000,0.127,-0.000,-0.000,-0.018,0.372,1.580,0.062,0.014,9.792,0.004,0.019,0.007,1012.790,15.000,3.828,45.0000000,-122.0000000,3.810,0.000,0.000,0.000,8,00:00:00,0.310,0.960,-0.530
1.600000000000001,0.0,1.600,0,-0.000,-0.000,-0.135,-0.000,-0.000,0.350,0.000,0.000,-0.086,0.289,1.600,-0.030,-0.039,9.723,-0.002,0.010,0.025,1012.620,15.000,5.243,45.0000000,-122.0000000,5.290,0.000,0.000,0.000,8,00:00:00,0.830,-0.250,-0.730
1.620000000000001,0.0,1.620,0,-0.000,-0.000,-0.114,-0.000,-0.000,0.364,0.000,0.000,0.020,0.304,1.620,-0.008,-0.051,9.829,0.013,0.012,0.014,1013.150,15.000,0.832,45.0000000,-122.0000000,0.800,0.000,0.000,0.000,8,00:00:00,-0.590,-0.390,-0.030
1.640000000000001,0.0,1.640,0,-0.000,-0.000,0.257,-0.000,-0.000,0.694,-0.000,0.000,-0.062,0.477,1.640,0.059,-0.056,9.748,0.004,-0.002,0.021,1012.260,15.000,8.241,45.0000000,-122.0000000,8.260,0.000,0.000,0.000,8,00:00:00,-0.940,-0.940,0.690
1.660000000000001,0.0,1.660,0,-0.000,-0.000,0.180,-0.000,-0.000,0.611,-0.000,-0.000,-0.070,0.358,1.660,-0.006,-0.061,9.740,0.000,0.002,-0.002,1013.370,15.000,-0.998,45.0000000,-122.0000000,-0.970,0.000,0.000,0.000,8,00:00:00,0.060,0.040,0.040
1.680000000000001,0.0,1.680,0,-0.000,-0.000,0.114,-0.000,-0.000,0.542,0.000,-0.000,0.038,0.709,1.680,-0.007,0.122,9.848,0.005,0.014,-0.019,1013.350,15.000,-0.832,45.0000000,-122.0000000,-0.860,0.000,0.000,0.000,8,00:00:00,-0.320,0.050,-0.360
1.700000000000001,0.0,1.700,0,-0.000,-0.000,0.161,-0.000,0.000,0.574,-0.000,0.000,-0.002,0.114,1.700,0.005,-0.019,9.808,0.024,0.005,0.011,1013.060,15.000,1.581,45.0000000,-122.0000000,1.590,0.000,0.000,0.000,8,00:00:00,0.050,0.820,-0.830
1.720000000000001,0.0,1.720,0,-0.000,-0.000,0.075,-0.000,0.000,0.488,-0.000,-0.000,-0.011,0.428,1.720,0.015,0.071,9.799,0.001,0.001,-0.002,1013.410,15.000,-1.331,45.0000000,-122.0000000,-1.330,0.000,0.000,0.000,8,00:00:00,-0.230,-0.500,0.400
1.740000000000001,0.0,1.740,0,-0.000,-0.000,0.043,-0.000,0.000,0.452,-0.000,-0.000,-0.061,0.611,1.740,0.104,0.004,9.749,0.008,-0.002,0.005,1013.270,15.000,-0.166,45.0000000,-122.0000000,-0.170,0.000,0.000,0.000,8,00:00:00,0.300,-0.330,0.600
1.7600000000000011,0.0,1.760,0,-0.000,-0.000,-0.211,-0.000,0.000,0.226,0.000,0.000,-0.064,0.483,1.760,0.002,0.082,9.746,0.000,-0.003,0.001,1013.880,15.000,-5.241,45.0000000,-122.0000000,-5.280,0.000,0.000,0.000,8,00:00:00,0.660,-0.920,0.580
1.7800000000000011,0.0,1.780,0,-0.000,-0.000,-0.260,-0.000,0.000,0.181,0.000,0.000,-0.008,0.459,1.780,0.071,0.034,9.802,0.005,0.023,0.016,1013.340,15.000,-0.749,45.0000000,-122.0000000,-0.740,0.000,0.000,0.000,8,00:00:00,0.200,0.070,0.110
1.8000000000000012,0.0,1.800,0,-0.000,-0.000,-0.220,-0.000,-0.000,0.212,-0.000,-0.000,0.039,0.133,1.800,0.018,0.015,9.849,0.017,-0.005,0.004,1013.100,15.000,1.248,45.0000000,-122.0000000,1.230,0.000,0.000,0.000,8,00:00:00,0.160,0.410,-0.350
1.8200000000000012,0.0,1.820,0,-0.000,-0.000,-0.502,-0.000,-0.000,-0.025,-0.000,-0.000,-0.028,0.450,1.820,-0.029,-0.071,9.782,-0.005,-0.015,-0.007,1014.000,15.000,-6.239,45.0000000,-122.0000000,-6.270,0.000,0.000,0.000,8,00:00:00,0.020,-0.220,0.310
1.8400000000000012,0.0,1.840,0,-0.000,-0.000,-0.369,-0.000,-0.000,0.084,0.000,-0.000,-0.046,0.586,1.840,0.047,-0.088,9.763,0.020,0.007,-0.008,1012.850,15.000,3.329,45.0000000,-122.0000000,3.330,0.000,0.000,0.000,8,00:00:00,-0.350,-0.410,0.410
1.8600000000000012,0.0,1.860,0,-0.000,-0.000,-0.404,-0.000,-0.000,0.055,-0.000,-0.000,0.032,0.181,1.860,0.019,0.024,9.842,-0.017,0.002,-0.005,1013.320,15.000,-0.582,45.0000000,-122.0000000,-0.550,0.000,0.000,0.000,8,00:00:00,0.410,0.060,-0.600
1.8800000000000012,0.0,1.880,0,-0.000,-0.000,-0.431,-0.000,-0.000,0.033,0.000,0.000,0.046,0.517,1.880,0.089,0.004,9.855,0.022,-0.011,0.018,1013.300,15.000,-0.416,45.0000000,-122.0000000,-0.390,0.000,0.000,0.000,8,00:00:00,-0.580,-1.180,0.020
1.9000000000000012,0.0,1.900,0,-0.000,-0.000,-0.563,-0.000,0.000,-0.074,-0.000,0.000,-0.110,0.059,1.900,0.004,-0.009,9.700,0.020,-0.007,-0.004,1013.610,15.000,-2.995,45.0000000,-122.0000000,-3.010,0.000,0.000,0.000,8,00:00:00,-0.710,0.020,0.520
1.9200000000000013,0.0,1.920,0,-0.000,-0.000,-0.711,-0.000,0.000,-0.189,0.000,-0.000,0.001,0.843,1.920,-0.124,0.074,9.810,0.012,-0.008,0.020,1013.670,15.000,-3.494,45.0000000,-122.0000000,-3.470,0.000,0.000,0.000,8,00:00:00,-0.580,-0.180,-0.210
1.9400000000000013,0.0,1.940,0,-0.000,-0.000,-1.189,-0.000,-0.000,-0.555,0.000,-0.000,0.032,0.197,1.940,-0.031,0.013,9.842,0.006,0.006,-0.002,1014.670,15.000,-11.809,45.0000000,-122.0000000,-11.840,0.000,0.000,0.000,8,00:00:00,-0.110,0.190,-0.450
1.9600000000000013,0.0,1.960,0,-0.000,-0.000,-1.032,-0.000,-0.000,-0.427,-0.000,-0.000,-0.031,0.522,1.960,-0.057,-0.068,9.779,0.000,-0.001,0.027,1012.810,15.000,3.662,45.0000000,-122.0000000,3.640,0.000,0.000,0.000,8,00:00:00,0.690,0.360,-0.310
1.9800000000000013,0.0,1.980,0,-0.000,-0.000,-0.970,-0.000,-0.000,-0.375,0.000,-0.000,-0.075,0.211,1.980,0.014,-0.033,9.735,0.005,0.017,-0.003,1013.080,15.000,1.415,45.0000000,-122.0000000,1.410,0.000,0.000,0.000,8,00:00:00,-0.040,0.480,1.100
2.0000000000000013,0.0,2.000,0,-0.000,-0.000,-0.920,-0.000,-0.000,-0.331,0.000,-0.000,0.022,0.231,2.000,0.036,-0.016,9.832,-0.001,-0.011,0.014,1013.110,15.000,1.165,45.0000000,-122.0000000,1.200,0.000,0.000,0.000,8,00:00:00,-0.080,-0.450,0.270
2.0200000000000014,0.0,2.020,0,-0.000,-0.000,-0.936,-0.000,-0.000,-0.337,0.000,-0.000,0.060,0.204,2.020,0.031,-0.016,9.870,0.009,-0.005,0.029,1013.310,15.000,-0.499,45.0000000,-122.0000000,-0.490,0.000,0.000,0.000,8,00:00:00,0.240,0.450,0.290
2.0400000000000014,0.0,2.040,0,-0.000,-0.000,-0.692,-0.000,-0.000,-0.152,-0.000,0.000,0.012,0.512,2.040,-0.029,0.083,9.822,-0.017,0.015,0.005,1012.500,15.000,6.242,45.0000000,-122.0000000,6.230,0.000,0.000,0.000,8,00:00:00,-0.510,0.010,-0.660
2.0600000000000014,0.0,2.060,0,-0.000,-0.000,-0.685,-0.000,-0.000,-0.145,-0.000,0.000,-0.028,0.720,2.060,0.112,-0.052,9.781,0.012,0.012,0.009,1013.220,15.000,0.250,45.0000000,-122.0000000,0.270,0.000,0.000,0.000,8,00:00:00,0.300,-0.360,0.510
2.0800000000000014,0.0,2.080,0,-0.000,-0.000,-0.727,-0.000,-0.000,-0.172,-0.000,-0.000,0.079,0.279,2.080,-0.031,-0.037,9.888,0.015,-0.004,-0.001,1013.380,15.000,-1.082,45.0000000,-122.0000000,-1.110,0.000,0.000,0.000,8,00:00:00,0.060,-0.190,-0.230
2.1000000000000014,0.0,2.100,0,-0.000,-0.000,-0.588,-0.000,-0.000,-0.068,-0.000,0.000,0.093,0.377,2.100,0.012,-0.064,9.903,-0.016,-0.015,-0.001,1012.800,15.000,3.745,45.0000000,-122.0000000,3.780,0.000,0.000,0.000,8,00:00:00,-1.280,-0.480,0.270
2.1200000000000014,0.0,2.120,0,-0.000,-0.000,-0.587,-0.000,-0.000,-0.067,-0.000,-0.000,-0.058,0.312,2.120,-0.033,-0.042,9.752,-0.006,-0.017,-0.003,1013.230,15.000,0.166,45.0000000,-122.0000000,0.150,0.000,0.000,0.000,8,00:00:00,-0.080,-0.750,0.260
2.1400000000000015,0.0,2.140,0,-0.000,-0.000,-0.780,-0.000,-0.000,-0.201,-0.000,0.000,0.044,0.436,2.140,0.055,-0.051,9.854,-0.004,0.002,0.010,1013.870,15.000,-5.158,45.0000000,-122.0000000,-5.180,0.000,0.000,0.000,8,00:00:00,0.070,-0.430,0.190
2.1600000000000015,0.0,2.160,0,-0.000,-0.000,-0.758,-0.000,-0.000,-0.185,0.000,0.000,-0.064,0.442,2.160,-0.054,-0.052,9.746,-0.018,-0.009,0.008,1013.180,15.000,0.582,45.0000000,-122.0000000,0.590,0.000,0.000,0.000,8,00:00:00,-0.370,0.750,-0.730
2.1800000000000015,0.0,2.180,0,-0.000,-0.000,-0.615,-0.000,-0.000,-0.084,0.000,0.000,-0.084,0.361,2.180,0.061,0.001,9.726,-0.027,-0.013,0.014,1012.770,15.000,3.995,45.0000000,-122.0000000,4.020,0.000,0.000,0.000,8,00:00:00,-0.660,0.100,0.310
2.2000000000000015,0.0,2.200,0,-0.000,-0.000,-0.461,-0.000,-0.000,0.023,0.000,-0.000,0.024,0.250,2.200,-0.016,0.040,9.834,-0.005,-0.023,0.002,1012.720,15.000,4.411,45.0000000,-122.0000000,4.410,0.000,0.000,0.000,8,00:00:00,0.060,1.190,0.100
2.2200000000000015,0.0,2.220,0,-0.000,-0.000,-0.467,-0.000,-0.000,0.018,-0.000,0.000,-0.008,0.331,2.220,-0.034,0.045,9.802,0.003,-0.000,-0.006,1013.250,15.000,0.000,45.0000000,-122.0000000,0.000,0.000,0.000,0.000,8,00:00:00,-0.630,-0.380,-1.000
2.2400000000000015,0.0,2.240,0,-0.000,-0.000,-0.439,-0.000,-0.000,0.038,0.000,-0.000,0.042,0.436,2.240,-0.069,0.029,9.852,-0.003,0.005,-0.003,1013.130,15.000,0.999,45.0000000,-122.0000000,1.030,0.000,0.000,0.000,8,00:00:00,0.060,-0.750,0.120
2.2600000000000016,0.0,2.260,0,-0.000,-0.000,-0.281,-0.000,-0.000,0.144,0.000,-0.000,0.050,0.793,2.260,-0.070,0.117,9.859,0.004,-0.021,-0.006,1012.680,15.000,4.744,45.0000000,-122.0000000,4.740,0.000,0.000,0.000,8,00:00:00,-0.800,0.230,0.300
2.2800000000000016,0.0,2.280,0,-0.000,-0.000,-0.372,-0.000,-0.000,0.081,-0.000,0.000,-0.048,0.210,2.280,0.004,-0.035,9.762,0.012,0.013,-0.002,1013.530,15.000,-2.330,45.0000000,-122.0000000,-2.350,0.000,0.000,0.000,8,00:00:00,0.110,0.320,0.420
2.3000000000000016,0.0,2.300,0,-0.000,-0.000,-0.548,-0.000,-0.000,-0.035,0.000,-0.000,0.051,0.092,2.300,0.016,-0.001,9.861,0.005,-0.028,-0.008,1013.840,15.000,-4.908,45.0000000,-122.0000000,-4.870,0.000,0.000,0.000,8,00:00:00,1.080,1.010,1.550
2.3200000000000016,0.0,2.320,0,-0.000,-0.000,-0.689,-0.000,-0.000,-0.125,0.000,-0.000,0.052,0.254,2.320,0.025,-0.036,9.862,0.004,-0.004,0.012,1013.730,15.000,-3.993,45.0000000,-122.0000000,-4.020,0.000,0.000,0.000,8,00:00:00,0.130,0.770,0.220
2.3400000000000016,0.0,2.340,0,-0.000,-0.000,-0.522,-0.000,-0.000,-0.017,0.000,0.000,-0.034,0.287,2.340,0.035,0.035,9.776,-0.012,0.002,-0.001,1012.650,15.000,4.994,45.0000000,-122.0000000,4.970,0.000,0.000,0.000,8,00:00:00,0.490,0.100,0.650
2.3600000000000017,0.0,2.360,0,-0.000,-0.000,-0.727,-0.000,-0.000,-0.146,0.000,-0.000,0.109,0.241,2.360,0.042,-0.005,9.919,0.001,0.007,-0.011,1013.970,15.000,-5.989,45.0000000,-122.0000000,-6.000,0.000,0.000,0.000,8,00:00:00,-0.490,-0.010,0.530
2.3800000000000017,0.0,2.380,0,-0.000,-0.000,-0.703,-0.000,-0.000,-0.128,0.000,-0.000,0.021,0.147,2.380,-0.018,0.017,9.831,0.005,0.021,0.005,1013.160,15.000,0.749,45.0000000,-122.0000000,0.750,0.000,0.000,0.000,8,00:00:00,-0.440,0.240,-0.470
2.4000000000000017,0.0,2.400,0,-0.000,-0.000,-0.778,-0.000,-0.000,-0.173,-0.000,-0.000,0.079,0.457,2.400,0.069,0.038,9.889,-0.004,-0.012,0.009,1013.520,15.000,-2.246,45.0000000,-122.0000000,-2.250,0.000,0.000,0.000,8,00:00:00,0.240,0.300,0.000
2.4200000000000017,0.0,2.420,0,-0.000,-0.000,-0.764,-0.000,-0.000,-0.161,-0.000,-0.000,0.036,0.498,2.420,0.081,0.029,9.846,-0.001,0.003,-0.005,1013.200,15.000,0.416,45.0000000,-122.0000000,0.400,0.000,0.000,0.000,8,00:00:00,0.830,-0.490,-0.090
2.4400000000000017,0.0,2.440,0,-0.000,-0.000,-0.818,-0.000,-0.000,-0.191,-0.000,0.000,0.068,0.492,2.440,0.042,-0.074,9.877,-0.009,-0.009,0.001,1013.450,15.000,-1.664,45.0000000,-122.0000000,-1.680,0.000,0.000,0.000,8,00:00:00,-0.350,-0.640,-0.600
2.4600000000000017,0.0,2.460,0,-0.000,-0.000,-0.630,-0.000,-0.000,-0.071,0.000,0.000,0.058,0.332,2.460,-0.052,-0.024,9.868,0.007,-0.004,-0.003,1012.550,15.000,5.826,45.0000000,-122.0000000,5.820,0.000,0.000,0.000,8,00:00:00,0.240,0.990,-0.020
2.4800000000000018,0.0,2.480,0,-0.000,-0.000,-0.638,-0.000,-0.000,-0.075,0.000,-0.000,0.012,0.313,2.480,-0.053,0.007,9.822,0.011,-0.019,-0.010,1013.270,15.000,-0.166,45.0000000,-122.0000000,-0.140,0.000,0.000,0.000,8,00:00:00,-0.280,-0.190,0.360
2.5000000000000018,0.0,2.500,0,-0.000,-0.000,-0.693,-0.000,0.000,-0.109,0.000,0.000,-0.077,0.210,2.500,0.009,0.035,9.733,-0.002,-0.010,0.001,1013.450,15.000,-1.664,45.0000000,-122.0000000,-1.700,0.000,0.000,0.000,8,00:00:00,0.170,0.320,-0.150
2.520000000000002,0.0,2.520,0,-0.000,-0.000,-0.686,-0.000,0.000,-0.103,0.000,0.000,0.042,0.442,2.520,-0.063,-0.042,9.852,-0.012,0.012,-0.025,1013.220,15.000,0.250,45.0000000,-122.0000000,0.280,0.000,0.000,0.000,8,00:00:00,0.680,-0.070,-0.490
2.540000000000002,0.0,2.540,0,-0.000,-0.000,-0.835,-0.000,-0.000,-0.191,0.000,-0.000,0.004,0.178,2.540,0.026,-0.015,9.814,-0.003,-0.001,0.007,1013.820,15.000,-4.742,45.0000000,-122.0000000,-4.720,0.000,0.000,0.000,8,00:00:00,0.390,0.120,0.120
2.560000000000002,0.0,2.560,0,-0.000,-0.000,-0.751,-0.000,-0.000,-0.139,-0.000,-0.000,-0.017,0.782,2.560,0.112,0.073,9.792,-0.004,-0.005,-0.005,1012.930,15.000,2.663,45.0000000,-122.0000000,2.700,0.000,0.000,0.000,8,00:00:00,-0.680,-0.710,0.010
2.580000000000002,0.0,2.580,0,-0.000,-0.000,-0.787,-0.000,0.000,-0.158,-0.000,0.000,0.046,0.185,2.580,-0.003,0.032,9.856,0.028,-0.007,-0.016,1013.390,15.000,-1.165,45.0000000,-122.0000000,-1.140,0.000,0.000,0.000,8,00:00:00,0.410,0.510,-0.050
2.600000000000002,0.0,2.600,0,-0.000,-0.000,-0.847,-0.000,0.000,-0.192,0.000,0.000,-0.008,0.129,2.600,0.015,0.016,9.802,0.015,0.001,-0.007,1013.490,15.000,-1.997,45.0000000,-122.0000000,-1.960,0.000,0.000,0.000,8,00:00:00,0.270,0.970,0.520
2.620000000000002,0.0,2.620,0,-0.000,-0.000,-0.652,-0.000,0.000,-0.076,0.000,-0.000,-0.052,0.197,2.620,-0.033,0.008,9.758,0.007,-0.010,-0.008,1012.480,15.000,6.409,45.0000000,-122.0000000,6.400,0.000,0.000,0.000,8,00:00:00,-0.880,0.650,-0.770
2.640000000000002,0.0,2.640,0,-0.000,-0.000,-0.694,-0.000,0.000,-0.099,0.000,0.000,0.053,0.272,2.640,0.046,0.005,9.863,-0.013,-0.000,0.003,1013.410,15.000,-1.331,45.0000000,-122.0000000,-1.310,0.000,0.000,0.000,8,00:00:00,0.710,0.610,0.650
2.660000000000002,0.0,2.660,0,-0.000,-0.000,-0.650,-0.000,0.000,-0.072,0.000,0.000,0.015,0.890,2.660,0.145,0.047,9.823,-0.012,-0.002,0.006,1013.070,15.000,1.498,45.0000000,-122.0000000,1.520,0.000,0.000,0.000,8,00:00:00,1.180,0.780,0.130
2.680000000000002,0.0,2.680,0,-0.000,-0.000,-0.625,-0.000,0.000,-0.056,0.000,0.000,0.027,0.643,2.680,0.110,0.002,9.836,0.010,0.008,-0.007,1013.140,15.000,0.915,45.0000000,-122.0000000,0.910,0.000,0.000,0.000,8,00:00:00,-0.240,0.480,0.090
2.700000000000002,0.0,2.700,0,-0.000,-0.000,-0.625,-0.000,0.000,-0.055,-0.000,-0.000,0.020,0.335,2.700,-0.055,-0.017,9.830,0.015,-0.013,-0.003,1013.240,15.000,0.083,45.0000000,-122.0000000,0.050,0.000,0.000,0.000,8,00:00:00,-0.660,-0.030,0.940
2.720000000000002,0.0,2.720,0,-0.000,-0.000,-0.615,-0.000,0.000,-0.048,-0.000,-0.000,0.043,0.292,2.720,-0.050,-0.004,9.853,0.008,0.010,0.018,1013.200,15.000,0.416,45.0000000,-122.0000000,0.400,0.000,0.000,0.000,8,00:00:00,0.560,0.690,0.110
2.740000000000002,0.0,2.740,0,-0.000,-0.000,-0.569,-0.000,0.000,-0.023,-0.000,-0.000,-0.049,0.557,2.740,-0.043,-0.085,9.760,-0.004,-0.010,0.003,1013.050,15.000,1.664,45.0000000,-122.0000000,1.670,0.000,0.000,0.000,8,00:00:00,-0.890,0.710,0.650
2.760000000000002,0.0,2.760,0,-0.000,-0.000,-0.718,-0.000,0.000,-0.106,-0.000,-0.000,-0.022,0.319,2.760,-0.048,-0.027,9.788,0.008,-0.009,0.006,1013.860,15.000,-5.074,45.0000000,-122.0000000,-5.040,0.000,0.000,0.000,8,00:00:00,0.010,0.200,0.690
2.780000000000002,0.0,2.780,0,-0.000,-0.000,-0.628,-0.000,0.000,-0.057,-0.000,0.000,-0.073,0.103,2.780,0.010,-0.014,9.737,0.021,0.014,0.016,1012.870,15.000,3.162,45.0000000,-122.0000000,3.170,0.000,0.000,0.000,8,00:00:00,-0.390,-1.200,-0.240
2.800000000000002,0.0,2.800,0,-0.000,0.000,-0.727,-0.000,0.000,-0.110,-0.000,0.000,0.050,0.217,2.800,0.024,-0.028,9.860,0.009,0.002,0.011,1013.660,15.000,-3.411,45.0000000,-122.0000000,-3.380,0.000,0.000,0.000,8,00:00:00,-0.480,0.250,0.420
2.820000000000002,0.0,2.820,0,-0.000,0.000,-0.608,-0.000,0.000,-0.042,-0.000,0.000,0.045,0.490,2.820,-0.027,0.080,9.854,0.000,-0.015,0.000,1012.740,15.000,4.244,45.0000000,-122.0000000,4.240,0.000,0.000,0.000,8,00:00:00,-0.400,0.990,0.160
2.840000000000002,0.0,2.840,0,-0.000,0.000,-0.489,-0.000,0.000,0.024,0.000,-0.000,0.075,0.474,2.840,0.068,-0.045,9.884,0.001,-0.001,-0.021,1012.730,15.000,4.328,45.0000000,-122.0000000,4.360,0.000,0.000,0.000,8,00:00:00,-0.900,0.220,0.220
2.860000000000002,0.0,2.860,0,-0.000,0.000,-0.542,-0.000,0.000,-0.005,0.000,0.000,-0.010,0.669,2.860,0.090,0.070,9.800,0.003,0.003,0.011,1013.460,15.000,-1.747,45.0000000,-122.0000000,-1.790,0.000,0.000,0.000,8,00:00:00,0.020,0.180,0.140
2.880000000000002,0.0,2.880,0,-0.000,0.000,-0.560,-0.000,0.000,-0.013,0.000,-0.000,0.077,0.693,2.880,0.077,-0.092,9.887,-0.015,0.011,0.006,1013.310,15.000,-0.499,45.0000000,-122.0000000,-0.490,0.000,0.000,0.000,8,00:00:00,-0.380,0.350,0.400
2.900000000000002,0.0,2.900,0,-0.000,0.000,-0.595,-0.000,0.000,-0.032,-0.000,0.000,-0.046,0.142,2.900,-0.015,0.019,9.764,0.002,0.007,-0.001,1013.390,15.000,-1.165,45.0000000,-122.0000000,-1.140,0.000,0.000,0.000,8,00:00:00,-0.820,-0.360,0.400
2.920000000000002,0.0,2.920,0,-0.000,0.000,-0.554,-0.000,0.000,-0.010,0.000,0.000,0.030,0.142,2.920,-0.020,-0.014,9.840,0.005,0.005,0.015,1013.060,15.000,1.581,45.0000000,-122.0000000,1.540,0.000,0.000,0.000,8,00:00:00,0.620,-0.310,-0.160
2.940000000000002,0.0,2.940,0,-0.000,0.000,-0.733,-0.000,0.000,-0.104,-0.000,0.000,-0.020,0.550,2.940,-0.078,0.053,9.790,0.001,-0.001,0.011,1014.030,15.000,-6.488,45.0000000,-122.0000000,-6.520,0.000,0.000,0.000,8,00:00:00,-0.660,0.400,0.630
2.960000000000002,0.0,2.960,0,-0.000,0.000,-0.743,-0.000,0.000,-0.108,0.000,0.000,-0.000,0.254,2.960,0.027,0.034,9.809,-0.014,-0.018,0.005,1013.290,15.000,-0.333,45.0000000,-122.0000000,-0.360,0.000,0.000,0.000,8,00:00:00,0.420,-0.480,0.040
2.980000000000002,0.0,2.980,0,-0.000,0.000,-0.769,-0.000,0.000,-0.121,-0.000,-0.000,-0.008,0.145,2.980,0.003,0.025,9.802,0.016,0.019,-0.003,1013.370,15.000,-0.998,45.0000000,-122.0000000,-0.960,0.000,0.000,0.000,8,00:00:00,0.550,-0.570,-0.050
3.000000000000002,0.0,3.000,0,-0.000,0.000,-0.809,-0.000,0.000,-0.140,-0.000,0.000,0.013,0.286,3.000,-0.009,0.048,9.823,-0.005,-0.003,0.001,1013.430,15.000,-1.498,45.0000000,-122.0000000,-1.500,0.000,0.000,0.000,8,00:00:00,0.290,0.290,-0.180
3.0200000000000022,0.0,3.020,0,-0.000,0.000,-0.660,-0.000,0.000,-0.063,-0.000,0.000,-0.050,0.087,3.020,-0.012,0.009,9.760,-0.003,-0.010,-0.006,1012.580,15.000,5.576,45.0000000,-122.0000000,5.570,0.000,0.000,0.000,8,00:00:00,-1.470,-0.990,-0.340
3.0400000000000023,0.0,3.040,0,-0.000,0.000,-0.714,-0.000,0.000,-0.089,0.000,0.000,0.074,0.308,3.040,-0.040,-0.035,9.883,0.001,-0.003,-0.001,1013.490,15.000,-1.997,45.0000000,-122.0000000,-2.020,0.000,0.000,0.000,8,00:00:00,-0.300,-0.300,-0.610
3.0600000000000023,0.0,3.060,0,-0.000,0.000,-0.832,-0.000,0.000,-0.147,0.000,-0.000,0.055,0.349,3.060,0.041,-0.044,9.865,-0.006,0.005,0.003,1013.790,15.000,-4.492,45.0000000,-122.0000000,-4.450,0.000,0.000,0.000,8,00:00:00,-0.080,0.100,0.420
3.0800000000000023,0.0,3.080,0,-0.000,0.000,-0.785,-0.000,0.000,-0.120,-0.000,-0.000,0.066,0.283,3.080,-0.029,-0.039,9.876,0.011,-0.008,0.010,1013.040,15.000,1.748,45.0000000,-122.0000000,1.750,0.000,0.000,0.000,8,00:00:00,-0.020,0.130,0.200
3.1000000000000023,0.0,3.100,0,-0.000,0.000,-0.797,-0.000,0.000,-0.126,0.000,-0.000,-0.028,0.547,3.100,-0.091,0.020,9.782,-0.004,0.003,0.014,1013.310,15.000,-0.499,45.0000000,-122.0000000,-0.510,0.000,0.000,0.000,8,00:00:00,-0.060,-0.310,-0.560
3.1200000000000023,0.0,3.120,0,-0.000,0.000,-0.743,-0.000,0.000,-0.097,0.000,-0.000,-0.019,0.314,3.120,-0.047,0.025,9.790,0.018,0.009,-0.011,1013.000,15.000,2.080,45.0000000,-122.0000000,2.080,0.000,0.000,0.000,8,00:00:00,0.830,-0.620,-0.390
3.1400000000000023,0.0,3.140,0,-0.000,0.000,-0.469,-0.000,0.000,0.040,-0.000,-0.000,-0.031,0.259,3.140,0.041,0.017,9.779,-0.004,-0.022,-0.019,1011.960,15.000,10.739,45.0000000,-122.0000000,10.760,0.000,0.000,0.000,8,00:00:00,0.260,0.020,1.040
3.1600000000000024,0.0,3.160,0,-0.000,0.000,-0.511,-0.000,0.000,0.018,-0.000,-0.000,-0.016,0.541,3.160,-0.036,-0.085,9.794,-0.003,0.002,-0.005,1013.430,15.000,-1.498,45.0000000,-122.0000000,-1.460,0.000,0.000,0.000,8,00:00:00,-0.100,-0.410,-0.050
3.1800000000000024,0.0,3.180,0,-0.000,0.000,-0.351,-0.000,0.000,0.096,-0.000,0.000,-0.071,0.238,3.180,0.017,-0.037,9.739,0.007,0.001,0.006,1012.470,15.000,6.492,45.0000000,-122.0000000,6.480,0.000,0.000,0.000,8,00:00:00,-0.120,-0.700,-1.060
3.2000000000000024,0.0,3.200,0,-0.000,0.000,-0.223,-0.000,0.000,0.158,-0.000,-0.000,-0.003,0.308,3.200,0.024,0.047,9.807,0.007,-0.007,0.005,1012.610,15.000,5.327,45.0000000,-122.0000000,5.300,0.000,0.000,0.000,8,00:00:00,0.250,-0.270,-0.330
3.2200000000000024,0.0,3.220,0,-0.000,0.000,-0.318,-0.000,0.000,0.111,0.000,-0.000,0.078,0.370,3.220,0.050,-0.039,9.888,0.013,0.013,0.014,1013.670,15.000,-3.494,45.0000000,-122.0000000,-3.490,0.000,0.000,0.000,8,00:00:00,0.630,-0.680,0.530
3.2400000000000024,0.0,3.240,0,-0.000,0.000,-0.252,-0.000,0.000,0.143,0.000,-0.000,0.026,0.385,3.240,0.054,-0.038,9.835,-0.019,-0.000,0.001,1012.900,15.000,2.913,45.0000000,-122.0000000,2.890,0.000,0.000,0.000,8,00:00:00,0.030,-0.780,-0.190
3.2600000000000025,0.0,3.260,0,-0.000,0.000,-0.264,-0.000,0.000,0.134,-0.000,-0.000,-0.075,0.274,3.260,-0.001,-0.046,9.735,-0.013,0.007,-0.009,1013.270,15.000,-0.166,45.0000000,-122.0000000,-0.170,0.000,0.000,0.000,8,00:00:00,-0.380,-0.160,0.830
3.2800000000000025,0.0,3.280,0,-0.000,0.000,-0.506,-0.000,0.000,0.016,0.000,0.000,0.018,0.375,3.280,-0.061,-0.021,9.828,0.019,0.006,0.007,1014.400,15.000,-9.565,45.0000000,-122.0000000,-9.600,0.000,0.000,0.000,8,00:00:00,0.470,0.190,0.370
3.3000000000000025,0.0,3.300,0,-0.000,0.000,-0.532,-0.000,0.000,0.004,-0.000,0.000,0.030,0.117,3.300,-0.017,0.011,9.840,-0.004,0.019,-0.009,1013.360,15.000,-0.915,45.0000000,-122.0000000,-0.890,0.000,0.000,0.000,8,00:00:00,-0.080,-0.060,0.070
3.3200000000000025,0.0,3.320,0,-0.000,0.000,-0.482,-0.000,0.000,0.029,0.000,0.000,0.041,0.317,3.320,-0.014,-0.053,9.851,-0.002,-0.005,0.018,1012.990,15.000,2.164,45.0000000,-122.0000000,2.140,0.000,0.000,0.000,8,00:00:00,-0.310,-0.430,0.270
3.3400000000000025,0.0,3.340,0,-0.000,0.000,-0.520,-0.000,0.000,0.010,0.000,-0.000,-0.040,0.172,3.340,0.024,-0.016,9.770,0.009,-0.004,0.009,1013.420,15.000,-1.414,45.0000000,-122.0000000,-1.420,0.000,0.000,0.000,8,00:00:00,-0.780,-0.330,0.130
3.3600000000000025,0.0,3.360,0,-0.000,0.000,-0.648,-0.000,0.000,-0.050,0.000,0.000,0.017,0.159,3.360,0.008,0.026,9.827,0.000,0.017,-0.004,1013.870,15.000,-5.158,45.0000000,-122.0000000,-5.180,0.000,0.000,0.000,8,00:00:00,-0.870,0.490,-0.080
3.3800000000000026,0.0,3.380,0,-0.000,0.000,-0.790,-0.000,0.000,-0.116,-0.000,0.000,0.050,0.363,3.380,-0.062,0.002,9.860,0.003,0.013,-0.003,1013.960,15.000,-5.906,45.0000000,-122.0000000,-5.920,0.000,0.000,0.000,8,00:00:00,0.240,-0.730,0.320
3.4000000000000026,0.0,3.400,0,-0.000,0.000,-0.754,-0.000,0.000,-0.097,-0.000,-0.000,0.035,0.459,3.400,0.040,0.068,9.845,-0.004,-0.003,-0.030,1013.070,15.000,1.498,45.0000000,-122.0000000,1.470,0.000,0.000,0.000,8,00:00:00,-0.030,0.620,0.210
3.4200000000000026,0.0,3.420,0,-0.000,0.000,-0.864,-0.000,0.000,-0.149,-0.000,0.000,-0.087,0.206,3.420,0.008,-0.034,9.723,0.010,0.004,0.006,1013.810,15.000,-4.659,45.0000000,-122.0000000,-4.690,0.000,0.000,0.000,8,00:00:00,-0.060,-0.050,-0.770
3.4400000000000026,0.0,3.440,0,-0.000,0.000,-0.930,0.000,0.000,-0.180,0.000,0.000,-0.062,0.335,3.440,0.050,0.027,9.748,-0.007,0.002,0.007,1013.600,15.000,-2.912,45.0000000,-122.0000000,-2.890,0.000,0.000,0.000,8,00:00:00,1.220,0.190,-0.690
3.4600000000000026,0.0,3.460,0,-0.000,0.000,-1.146,0.000,0.000,-0.278,-0.000,0.000,0.000,0.416,3.460,0.070,-0.016,9.810,0.007,-0.010,-0.012,1014.370,15.000,-9.315,45.0000000,-122.0000000,-9.360,0.000,0.000,0.000,8,00:00:00,0.310,-0.670,0.860
3.4800000000000026,0.0,3.480,0,-0.000,0.000,-1.061,-0.000,0.000,-0.236,-0.000,0.000,0.007,0.725,3.480,-0.119,0.034,9.817,-0.007,-0.022,0.024,1012.840,15.000,3.412,45.0000000,-122.0000000,3.450,0.000,0.000,0.000,8,00:00:00,0.020,-0.260,-0.180
3.5000000000000027,0.0,3.500,0,-0.000,0.000,-1.029,-0.000,0.000,-0.219,-0.000,0.000,0.029,0.197,3.500,0.019,-0.028,9.839,0.002,-0.007,0.012,1013.110,15.000,1.165,45.0000000,-122.0000000,1.170,0.000,0.000,0.000,8,00:00:00,-0.210,1.080,-0.230
3.5200000000000027,0.0,3.520,0,-0.000,0.000,-0.956,-0.000,0.000,-0.184,-0.000,-0.000,-0.024,0.641,3.520,0.003,0.110,9.786,-0.010,0.008,-0.004,1012.890,15.000,2.996,45.0000000,-122.0000000,2.990,0.000,0.000,0.000,8,00:00:00,-0.680,-0.340,0.260
3.5400000000000027,0.0,3.540,0,-0.000,0.000,-1.027,-0.000,0.000,-0.214,-0.000,-0.000,0.037,0.370,3.540,0.029,0.056,9.847,-0.008,0.006,-0.018,1013.640,15.000,-3.245,45.0000000,-122.0000000,-3.240,0.000,0.000,0.000,8,00:00:00,0.120,-0.460,-1.320
3.5600000000000027,0.0,3.560,0,-0.000,0.000,-0.879,-0.000,0.000,-0.145,-0.000,-0.000,-0.003,0.336,3.560,-0.022,-0.053,9.807,-0.009,0.016,-0.004,1012.490,15.000,6.326,45.0000000,-122.0000000,6.340,0.000,0.000,0.000,8,00:00:00,-0.050,0.360,-0.490
3.5800000000000027,0.0,3.580,0,-0.000,0.000,-0.996,-0.000,0.000,-0.195,-0.000,-0.000,0.047,0.435,3.580,0.068,0.032,9.857,-0.008,-0.015,-0.003,1013.880,15.000,-5.241,45.0000000,-122.0000000,-5.210,0.000,0.000,0.000,8,00:00:00,0.260,-0.080,-0.090
3.6000000000000028,0.0,3.600,0,-0.000,0.000,-0.940,-0.000,0.000,-0.168,-0.000,-0.000,-0.005,0.345,3.600,0.037,0.046,9.805,0.015,0.010,-0.002,1012.970,15.000,2.330,45.0000000,-122.0000000,2.320,0.000,0.000,0.000,8,00:00:00,0.100,0.160,-0.040
3.6200000000000028,0.0,3.620,0,-0.000,0.000,-0.851,-0.000,-0.000,-0.128,-0.000,-0.000,-0.037,0.529,3.620,0.021,0.088,9.773,0.000,-0.008,0.018,1012.790,15.000,3.828,45.0000000,-122.0000000,3.790,0.000,0.000,0.000,8,00:00:00,0.440,0.030,-0.330
3.640000000000003,0.0,3.640,0,-0.000,0.000,-0.774,-0.000,-0.000,-0.095,-0.000,0.000,-0.091,0.527,3.640,-0.057,0.069,9.719,-0.013,0.005,-0.017,1012.850,15.000,3.329,45.0000000,-122.0000000,3.300,0.000,0.000,0.000,8,00:00:00,0.290,0.780,0.120
3.660000000000003,0.0,3.660,0,-0.000,0.000,-0.941,-0.000,0.000,-0.166,0.000,0.000,0.057,0.342,3.660,-0.042,-0.041,9.867,-0.005,-0.006,0.018,1014.150,15.000,-7.486,45.0000000,-122.0000000,-7.460,0.000,0.000,0.000,8,00:00:00,-0.710,-0.100,0.950
3.680000000000003,0.0,3.680,0,-0.000,0.000,-0.969,-0.000,0.000,-0.177,0.000,0.000,0.041,1.042,3.680,-0.098,-0.150,9.850,0.007,0.016,0.005,1013.420,15.000,-1.414,45.0000000,-122.0000000,-1.440,0.000,0.000,0.000,8,00:00:00,0.100,-0.620,0.750
3.700000000000003,0.0,3.700,0,-0.000,0.000,-1.012,-0.000,0.000,-0.194,-0.000,0.000,-0.019,0.110,3.700,-0.014,0.013,9.790,-0.014,-0.005,0.003,1013.500,15.000,-2.080,45.0000000,-122.0000000,-2.090,0.000,0.000,0.000,8,00:00:00,0.510,-0.090,0.060
3.720000000000003,0.0,3.720,0,-0.000,0.000,-1.013,-0.000,0.000,-0.193,-0.000,-0.000,0.041,0.201,3.720,-0.010,-0.033,9.851,-0.017,-0.011,-0.011,1013.280,15.000,-0.250,45.0000000,-122.0000000,-0.270,0.000,0.000,0.000,8,00:00:00,0.290,-0.200,0.000
3.740000000000003,0.0,3.740,0,-0.000,0.000,-1.013,-0.000,0.000,-0.190,0.000,-0.000,0.066,0.591,3.740,0.032,-0.097,9.875,0.010,-0.002,0.001,1013.270,15.000,-0.166,45.0000000,-122.0000000,-0.170,0.000,0.000,0.000,8,00:00:00,0.500,0.130,0.210
3.760000000000003,0.0,3.760,0,-0.000,0.000,-1.053,-0.000,-0.000,-0.206,0.000,-0.000,-0.019,0.333,3.760,-0.009,0.056,9.791,-0.000,-0.003,0.008,1013.490,15.000,-1.997,45.0000000,-122.0000000,-2.030,0.000,0.000,0.000,8,00:00:00,1.180,0.460,-1.110
3.780000000000003,0.0,3.780,0,-0.000,0.000,-1.027,-0.000,0.000,-0.193,-0.000,0.000,-0.015,0.063,3.780,-0.007,0.008,9.795,0.009,0.020,0.004,1013.130,15.000,0.999,45.0000000,-122.0000000,0.990,0.000,0.000,0.000,8,00:00:00,-0.340,0.060,0.040
3.800000000000003,0.0,3.800,0,-0.000,0.000,-1.010,-0.000,0.000,-0.183,-0.000,0.000,0.063,0.229,3.800,-0.011,0.038,9.873,0.002,-0.005,0.007,1013.180,15.000,0.582,45.0000000,-122.0000000,0.540,0.000,0.000,0.000,8,00:00:00,-0.450,0.420,-0.400
3.820000000000003,0.0,3.820,0,-0.000,0.000,-0.958,-0.000,0.000,-0.159,-0.000,-0.000,-0.022,0.321,3.820,-0.053,-0.015,9.788,-0.015,0.001,-0.006,1012.980,15.000,2.247,45.0000000,-122.0000000,2.270,0.000,0.000,0.000,8,00:00:00,0.010,0.540,0.620
3.840000000000003,0.0,3.840,0,-0.000,0.000,-0.957,-0.000,0.000,-0.157,-0.000,-0.000,-0.013,0.679,3.840,-0.114,-0.021,9.796,0.017,0.002,-0.012,1013.260,15.000,-0.083,45.0000000,-122.0000000,-0.080,0.000,0.000,0.000,8,00:00:00,-0.590,0.340,-0.400
3.860000000000003,0.0,3.860,0,-0.000,0.000,-0.929,-0.000,0.000,-0.145,0.000,0.000,-0.075,0.094,3.860,0.016,0.002,9.735,0.003,-0.004,-0.004,1013.110,15.000,1.165,45.0000000,-122.0000000,1.200,0.000,0.000,0.000,8,00:00:00,-0.220,0.510,-0.240
3.880000000000003,0.0,3.880,0,-0.000,0.000,-0.806,-0.000,0.000,-0.092,0.000,0.000,-0.001,0.426,3.880,-0.052,-0.051,9.809,-0.020,-0.007,-0.025,1012.570,15.000,5.660,45.0000000,-122.0000000,5.670,0.000,0.000,0.000,8,00:00:00,-0.000,0.650,0.490
3.900000000000003,0.0,3.900,0,-0.000,0.000,-0.777,-0.000,0.000,-0.080,0.000,-0.000,-0.056,0.444,3.900,0.056,-0.051,9.753,0.003,-0.002,-0.018,1013.090,15.000,1.331,45.0000000,-122.0000000,1.350,0.000,0.000,0.000,8,00:00:00,-0.300,-0.150,1.040
3.920000000000003,0.0,3.920,0,-0.000,0.000,-0.767,-0.000,0.000,-0.075,0.000,0.000,-0.029,0.408,3.920,0.048,0.051,9.781,-0.013,-0.014,0.002,1013.200,15.000,0.416,45.0000000,-122.0000000,0.380,0.000,0.000,0.000,8,00:00:00,0.550,-0.570,-0.290
3.940000000000003,0.0,3.940,0,-0.000,0.000,-0.822,-0.000,0.000,-0.097,0.000,0.000,0.042,0.399,3.940,-0.036,-0.059,9.852,-0.003,0.004,-0.010,1013.570,15.000,-2.662,45.0000000,-122.0000000,-2.630,0.000,0.000,0.000,8,00:00:00,-0.010,-0.720,0.700
3.960000000000003,0.0,3.960,0,-0.000,0.000,-0.759,-0.000,0.000,-0.071,0.000,0.000,-0.076,0.240,3.960,0.034,0.023,9.733,0.007,0.002,0.004,1012.890,15.000,2.996,45.0000000,-122.0000000,2.970,0.000,0.000,0.000,8,00:00:00,-0.900,-0.450,0.030
3.980000000000003,0.0,3.980,0,-0.000,0.000,-0.684,-0.000,0.000,-0.039,-0.000,-0.000,0.017,0.512,3.980,0.088,0.003,9.826,0.008,0.013,0.002,1012.820,15.000,3.579,45.0000000,-122.0000000,3.610,0.000,0.000,0.000,8,00:00:00,0.210,0.650,0.210
4.000000000000003,0.0,4.000,0,-0.000,0.000,-0.657,-0.000,0.000,-0.027,0.000,-0.000,0.013,0.519,4.000,-0.089,0.001,9.823,-0.012,-0.005,-0.026,1013.090,15.000,1.331,45.0000000,-122.0000000,1.350,0.000,0.000,0.000,8,00:00:00,0.300,-0.280,-0.290
4.020000000000002,0.0,4.020,0,-0.000,0.000,-0.714,-0.000,0.000,-0.050,0.000,-0.000,0.029,0.179,4.019,0.023,-0.021,9.839,-0.005,-0.001,0.002,1013.580,15.000,-2.746,45.0000000,-122.0000000,-2.750,0.000,0.000,0.000,8,00:00:00,0.900,-0.190,-0.700
4.040000000000002,0.0,4.040,0,-0.000,0.000,-0.782,-0.000,0.000,-0.078,-0.000,0.000,-0.008,0.371,4.040,-0.035,0.053,9.802,0.006,-0.016,-0.003,1013.650,15.000,-3.328,45.0000000,-122.0000000,-3.330,0.000,0.000,0.000,8,00:00:00,0.980,0.470,0.720
4.060000000000001,0.0,4.060,0,-0.000,0.000,-0.878,-0.000,0.000,-0.117,0.000,-0.000,0.020,0.208,4.059,0.027,-0.023,9.830,0.010,0.014,0.006,1013.820,15.000,-4.742,45.0000000,-122.0000000,-4.740,0.000,0.000,0.000,8,00:00:00,-0.070,0.250,0.120
4.080000000000001,0.0,4.080,0,-0.000,0.000,-0.837,0.000,-0.000,-0.100,0.000,-0.000,-0.033,0.085,4.080,-0.009,0.011,9.777,-0.003,-0.001,0.007,1013.020,15.000,1.914,45.0000000,-122.0000000,1.870,0.000,0.000,0.000,8,00:00:00,-0.930,0.470,0.280
4.1000000000000005,0.0,4.100,0,-0.000,0.000,-0.913,-0.000,-0.000,-0.129,-0.000,-0.000,0.077,0.294,4.100,-0.046,-0.022,9.887,0.010,0.003,-0.012,1013.710,15.000,-3.827,45.0000000,-122.0000000,-3.830,0.000,0.000,0.000,8,00:00:00,0.320,-0.740,0.210
4.12,0.0,4.120,0,-0.000,0.000,-0.948,0.000,-0.000,-0.142,0.000,0.000,-0.003,0.251,4.120,-0.042,-0.009,9.806,0.021,0.016,0.002,1013.470,15.000,-1.830,45.0000000,-122.0000000,-1.820,0.000,0.000,0.000,8,00:00:00,0.190,0.850,0.370
4.14,0.0,4.140,0,-0.000,0.000,-0.995,0.000,-0.000,-0.160,0.000,0.000,0.015,0.225,4.140,-0.039,-0.002,9.825,-0.014,-0.011,0.004,1013.550,15.000,-2.496,45.0000000,-122.0000000,-2.510,0.000,0.000,0.000,8,00:00:00,0.130,-0.040,0.180
4.159999999999999,0.0,4.160,0,-0.000,0.000,-1.040,0.000,-0.000,-0.177,-0.000,-0.000,-0.010,0.133,4.160,0.011,0.020,9.800,-0.002,0.004,-0.002,1013.540,15.000,-2.413,45.0000000,-122.0000000,-2.400,0.000,0.000,0.000,8,00:00:00,0.390,-0.720,-0.160
4.179999999999999,0.0,4.180,0,-0.000,0.000,-0.973,0.000,-0.000,-0.146,0.000,0.000,0.120,0.699,4.180,-0.076,-0.095,9.929,0.003,0.001,0.008,1012.870,15.000,3.162,45.0000000,-122.0000000,3.190,0.000,0.000,0.000,8,00:00:00,0.690,-0.220,-0.700
4.199999999999998,0.0,4.200,0,-0.000,0.000,-0.787,0.000,-0.000,-0.069,-0.000,-0.000,0.023,0.236,4.200,-0.038,-0.014,9.833,-0.001,-0.013,-0.005,1012.150,15.000,9.157,45.0000000,-122.0000000,9.190,0.000,0.000,0.000,8,00:00:00,0.810,0.270,-0.520
4.219999999999998,0.0,4.220,0,-0.000,0.000,-0.941,-0.000,-0.000,-0.131,-0.000,0.000,0.009,0.267,4.220,0.042,-0.018,9.819,-0.006,0.015,-0.007,1014.190,15.000,-7.819,45.0000000,-122.0000000,-7.790,0.000,0.000,0.000,8,00:00:00,-0.030,0.380,-0.120
4.2399999999999975,0.0,4.240,0,-0.000,0.000,-0.920,0.000,-0.000,-0.120,0.000,-0.000,0.033,0.181,4.240,0.020,-0.024,9.843,-0.002,-0.005,0.007,1013.140,15.000,0.915,45.0000000,-122.0000000,0.880,0.000,0.000,0.000,8,00:00:00,0.050,-0.570,0.600
4.259999999999997,0.0,4.260,0,-0.000,0.000,-0.952,0.000,-0.000,-0.133,0.000,0.000,-0.040,0.196,4.260,0.009,0.032,9.770,0.016,0.002,-0.003,1013.460,15.000,-1.747,45.0000000,-122.0000000,-1.770,0.000,0.000,0.000,8,00:00:00,0.350,0.280,0.390
4.279999999999997,0.0,4.280,0,-0.000,0.000,-0.949,0.000,-0.000,-0.131,0.000,-0.000,-0.007,0.264,4.280,-0.038,0.024,9.803,0.004,-0.020,0.007,1013.250,15.000,0.000,45.0000000,-122.0000000,0.040,0.000,0.000,0.000,8,00:00:00,0.210,0.930,-0.320
4.299999999999996,0.0,4.300,0,-0.000,0.000,-0.962,0.000,-0.000,-0.134,0.000,0.000,0.049,0.247,4.300,-0.028,-0.032,9.859,-0.002,-0.018,0.006,1013.350,15.000,-0.832,45.0000000,-122.0000000,-0.830,0.000,0.000,0.000,8,00:00:00,0.020,-0.630,0.530
4.319999999999996,0.0,4.320,0,-0.000,0.000,-0.959,0.000,-0.000,-0.133,0.000,0.000,-0.040,0.485,4.320,0.081,0.019,9.770,0.002,-0.011,0.007,1013.250,15.000,0.000,45.0000000,-122.0000000,0.020,0.000,0.000,0.000,8,00:00:00,0.200,-0.510,-0.720
4.339999999999995,0.0,4.340,0,-0.000,0.000,-0.951,0.000,-0.000,-0.128,-0.000,0.000,0.012,0.056,4.340,0.005,-0.009,9.822,0.011,0.006,-0.012,1013.220,15.000,0.250,45.0000000,-122.0000000,0.240,0.000,0.000,0.000,8,00:00:00,1.250,-0.050,-0.020
4.359999999999995,0.0,4.360,0,-0.000,0.000,-1.064,0.000,-0.000,-0.173,-0.000,0.000,-0.041,0.228,4.360,0.033,-0.021,9.769,0.002,0.001,0.012,1013.970,15.000,-5.989,45.0000000,-122.0000000,-6.000,0.000,0.000,0.000,8,00:00:00,-0.060,-0.210,-0.680
4.379999999999995,0.0,4.380,0,-0.000,0.000,-1.090,0.000,-0.000,-0.181,-0.000,-0.000,0.062,0.315,4.380,0.005,0.054,9.872,-0.005,0.003,0.013,1013.440,15.000,-1.581,45.0000000,-122.0000000,-1.550,0.000,0.000,0.000,8,00:00:00,-0.620,-0.110,-0.490
4.399999999999994,0.0,4.400,0,-0.000,0.000,-1.151,0.000,-0.000,-0.207,-0.000,0.000,-0.145,0.319,4.400,-0.030,0.044,9.665,0.005,-0.004,0.005,1013.660,15.000,-3.411,45.0000000,-122.0000000,-3.420,0.000,0.000,0.000,8,00:00:00,0.520,0.430,-0.690
4.419999999999994,0.0,4.420,0,-0.000,0.000,-1.171,-0.000,-0.000,-0.213,-0.000,-0.000,0.030,0.181,4.420,0.026,0.017,9.840,-0.002,0.003,0.012,1013.410,15.000,-1.331,45.0000000,-122.0000000,-1.320,0.000,0.000,0.000,8,00:00:00,-0.360,0.010,-0.760
4.439999999999993,0.0,4.440,0,-0.000,0.000,-1.133,0.000,-0.000,-0.195,0.000,0.000,0.036,0.437,4.440,-0.075,-0.009,9.846,0.017,0.006,0.002,1013.040,15.000,1.748,45.0000000,-122.0000000,1.710,0.000,0.000,0.000,8,00:00:00,0.080,-0.170,0.790
4.459999999999993,0.0,4.460,0,-0.000,0.000,-1.181,0.000,0.000,-0.212,0.000,0.000,0.005,0.330,4.460,-0.050,-0.027,9.814,-0.024,0.004,0.021,1013.590,15.000,-2.829,45.0000000,-122.0000000,-2.830,0.000,0.000,0.000,8,00:00:00,-0.010,1.220,-0.980
4.479999999999992,0.0,4.480,0,-0.000,0.000,-1.242,0.000,-0.000,-0.234,-0.000,-0.000,0.035,0.556,4.480,0.072,0.063,9.845,0.009,0.001,-0.013,1013.670,15.000,-3.494,45.0000000,-122.0000000,-3.470,0.000,0.000,0.000,8,00:00:00,0.260,-0.090,-0.600
4.499999999999992,0.0,4.500,0,-0.000,0.000,-1.159,-0.000,-0.000,-0.199,-0.000,-0.000,-0.011,0.047,4.500,-0.004,-0.007,9.799,0.013,0.016,0.017,1012.760,15.000,4.078,45.0000000,-122.0000000,4.110,0.000,0.000,0.000,8,00:00:00,-0.200,-0.310,0.090
4.519999999999992,0.0,4.520,0,-0.000,0.000,-1.175,-0.000,-0.000,-0.206,0.000,-0.000,-0.062,0.743,4.520,0.087,-0.092,9.747,0.005,0.008,0.009,1013.390,15.000,-1.165,45.0000000,-122.0000000,-1.150,0.000,0.000,0.000,8,00:00:00,0.950,-0.790,0.460
4.539999999999991,0.0,4.540,0,-0.000,0.000,-1.101,-0.000,-0.000,-0.176,0.000,-0.000,-0.054,0.246,4.540,0.040,-0.013,9.756,-0.003,-0.010,0.013,1012.810,15.000,3.662,45.0000000,-122.0000000,3.670,0.000,0.000,0.000,8,00:00:00,-0.040,0.050,0.040
4.559999999999991,0.0,4.560,0,-0.000,0.000,-1.025,-0.000,-0.000,-0.145,0.000,0.000,-0.012,0.484,4.560,-0.035,-0.075,9.798,0.010,-0.011,-0.010,1012.790,15.000,3.828,45.0000000,-122.0000000,3.830,0.000,0.000,0.000,8,00:00:00,-0.560,-0.170,0.520
4.57999999999999,0.0,4.580,0,-0.000,0.000,-1.033,-0.000,-0.000,-0.147,-0.000,0.000,0.002,0.449,4.580,0.017,-0.075,9.812,0.005,0.020,-0.009,1013.330,15.000,-0.666,45.0000000,-122.0000000,-0.690,0.000,0.000,0.000,8,00:00:00,0.600,-0.050,-0.120
4.59999999999999,0.0,4.600,0,-0.000,0.000,-0.884,0.000,-0.000,-0.088,0.000,0.000,-0.011,0.296,4.600,0.037,0.035,9.799,0.010,0.013,-0.004,1012.310,15.000,7.824,45.0000000,-122.0000000,7.790,0.000,0.000,0.000,8,00:00:00,0.110,-0.820,-0.570
4.6199999999999894,0.0,4.620,0,-0.000,0.000,-0.928,0.000,-0.000,-0.104,0.000,-0.000,-0.003,0.535,4.620,-0.059,0.070,9.807,0.012,0.005,0.004,1013.550,15.000,-2.496,45.0000000,-122.0000000,-2.470,0.000,0.000,0.000,8,00:00:00,0.440,-0.640,0.030
4.639999999999989,0.0,4.640,0,-0.000,0.000,-1.043,0.000,-0.000,-0.148,0.000,0.000,0.016,0.232,4.640,-0.037,-0.014,9.826,0.005,-0.011,0.011,1014.020,15.000,-6.405,45.0000000,-122.0000000,-6.380,0.000,0.000,0.000,8,00:00:00,-0.180,0.030,0.020
4.659999999999989,0.0,4.660,0,-0.000,0.000,-1.036,0.000,-0.000,-0.144,-0.000,-0.000,-0.018,0.527,4.660,-0.045,-0.078,9.792,-0.010,-0.004,0.005,1013.230,15.000,0.166,45.0000000,-122.0000000,0.140,0.000,0.000,0.000,8,00:00:00,-0.420,0.560,-1.000
4.679999999999988,0.0,4.680,0,-0.000,0.000,-1.038,0.000,-0.000,-0.145,-0.000,0.000,-0.061,0.138,4.680,-0.012,0.021,9.749,-0.013,-0.003,0.010,1013.290,15.000,-0.333,45.0000000,-122.0000000,-0.370,0.000,0.000,0.000,8,00:00:00,-0.100,-0.260,-0.760
4.699999999999988,0.0,4.700,0,-0.000,0.000,-0.874,-0.000,-0.000,-0.079,-0.000,-0.000,0.094,0.309,4.700,0.045,0.028,9.904,0.005,0.003,-0.006,1012.200,15.000,8.741,45.0000000,-122.0000000,8.760,0.000,0.000,0.000,8,00:00:00,-0.230,0.100,0.140
4.719999999999987,0.0,4.720,0,-0.000,0.000,-0.895,-0.000,-0.000,-0.087,-0.000,0.000,-0.035,0.427,4.720,-0.071,0.014,9.775,0.007,-0.008,0.006,1013.400,15.000,-1.248,45.0000000,-122.0000000,-1.290,0.000,0.000,0.000,8,00:00:00,-0.180,-0.180,0.680
4.739999999999987,0.0,4.740,0,-0.000,0.000,-0.762,-0.000,0.000,-0.036,0.000,0.000,-0.050,0.329,4.740,-0.013,-0.054,9.760,-0.009,-0.004,0.009,1012.390,15.000,7.158,45.0000000,-122.0000000,7.200,0.000,0.000,0.000,8,00:00:00,-0.110,-0.150,-0.980
4.7599999999999865,0.0,4.760,0,-0.000,0.000,-0.775,-0.000,0.000,-0.040,-0.000,-0.000,0.028,0.579,4.760,-0.046,-0.088,9.838,-0.006,0.004,-0.018,1013.340,15.000,-0.749,45.0000000,-122.0000000,-0.730,0.000,0.000,0.000,8,00:00:00,-0.350,0.540,0.190
4.779999999999986,0.0,4.780,0,-0.000,0.000,-0.874,0.000,-0.000,-0.077,0.000,-0.000,0.061,0.276,4.780,0.042,-0.022,9.871,-0.022,0.016,0.004,1013.920,15.000,-5.573,45.0000000,-122.0000000,-5.610,0.000,0.000,0.000,8,00:00:00,0.410,-1.070,0.320
4.799999999999986,0.0,4.800,0,-0.000,0.000,-0.782,0.000,-0.000,-0.040,0.000,-0.000,0.014,0.419,4.800,-0.009,0.071,9.824,0.005,0.006,-0.003,1012.650,15.000,4.994,45.0000000,-122.0000000,5.030,0.000,0.000,0.000,8,00:00:00,-0.830,-0.560,0.630
4.819999999999985,0.0,4.820,0,-0.000,0.000,-0.689,0.000,-0.000,-0.002,-0.000,0.000,0.090,0.525,4.820,-0.072,0.055,9.900,0.015,-0.001,0.001,1012.640,15.000,5.077,45.0000000,-122.0000000,5.100,0.000,0.000,0.000,8,00:00:00,-0.090,0.770,0.560
4.839999999999985,0.0,4.840,0,-0.000,0.000,-0.756,-0.000,-0.000,-0.028,-0.000,-0.000,0.022,0.445,4.840,0.050,0.057,9.832,0.001,-0.013,0.013,1013.700,15.000,-3.744,45.0000000,-122.0000000,-3.710,0.000,0.000,0.000,8,00:00:00,0.330,-0.550,0.360
4.859999999999984,0.0,4.860,0,-0.000,0.000,-0.807,-0.000,-0.000,-0.047,0.000,-0.000,-0.015,0.693,4.860,0.118,-0.004,9.794,-0.002,0.010,0.008,1013.600,15.000,-2.912,45.0000000,-122.0000000,-2.920,0.000,0.000,0.000,8,00:00:00,-0.670,-0.330,-0.280
4.879999999999984,0.0,4.880,0,-0.000,0.000,-0.874,-0.000,-0.000,-0.073,-0.000,0.000,-0.002,0.538,4.880,0.055,-0.074,9.807,0.016,-0.022,-0.006,1013.710,15.000,-3.827,45.0000000,-122.0000000,-3.810,0.000,0.000,0.000,8,00:00:00,-0.250,-0.100,-0.560
4.8999999999999835,0.0,4.900,0,-0.000,0.000,-0.857,0.000,-0.000,-0.066,0.000,0.000,-0.016,0.561,4.900,0.070,0.065,9.794,-0.002,0.006,0.001,1013.150,15.000,0.832,45.0000000,-122.0000000,0.810,0.000,0.000,0.000,8,00:00:00,-0.020,0.340,-0.490
4.919999999999983,0.0,4.920,0,-0.000,0.000,-0.920,0.000,-0.000,-0.088,0.000,-0.000,0.089,0.306,4.920,-0.041,0.034,9.899,0.027,-0.002,0.010,1013.690,15.000,-3.661,45.0000000,-122.0000000,-3.640,0.000,0.000,0.000,8,00:00:00,0.800,-0.120,-0.770
4.939999999999983,0.0,4.940,0,-0.000,0.000,-0.895,0.000,-0.000,-0.078,-0.000,0.000,-0.054,0.315,4.940,-0.049,0.021,9.756,-0.002,-0.007,-0.006,1013.100,15.000,1.248,45.0000000,-122.0000000,1.210,0.000,0.000,0.000,8,00:00:00,0.320,-0.310,0.800
4.959999999999982,0.0,4.960,0,-0.000,0.000,-0.811,-0.000,-0.000,-0.046,-0.000,-0.000,-0.005,0.072,4.960,0.008,0.009,9.805,0.009,0.004,-0.007,1012.700,15.000,4.577,45.0000000,-122.0000000,4.560,0.000,0.000,0.000,8,00:00:00,0.130,0.390,0.080
4.979999999999982,0.0,4.980,0,-0.000,-0.000,-0.700,-0.000,-0.000,-0.004,-0.000,0.000,-0.028,0.864,4.980,-0.105,0.104,9.781,-0.009,-0.006,-0.009,1012.500,15.000,6.242,45.0000000,-122.0000000,6.260,0.000,0.000,0.000,8,00:00:00,-1.630,-0.490,-0.200
4.999999999999981,0.0,5.000,0,-0.000,-0.000,-0.601,-0.000,-0.000,0.033,0.000,0.000,-0.006,0.486,5.000,0.078,0.028,9.804,-0.012,-0.002,0.002,1012.580,15.000,5.576,45.0000000,-122.0000000,5.610,0.000,0.000,0.000,8,00:00:00,-0.020,0.220,-0.130
5.011,0.0009144000000000001,5.011,0,-0.000,-0.000,-0.619,-0.005,-0.002,0.571,-0.484,-0.166,49.597,0.486,5.011,-0.010,0.005,59.410,0.008,-0.005,0.003,1013.390,15.000,-1.165,45.0000000,-122.0000000,-1.190,0.000,0.000,0.000,8,00:00:00,0.340,-0.330,0.260
5.021,0.0057912,5.021,0,-0.000,-0.000,-0.658,-0.010,-0.004,1.051,-0.445,-0.237,49.831,0.486,5.021,0.031,-0.065,59.643,-0.003,0.006,-0.004,1013.570,15.000,-2.662,45.0000000,-122.0000000,-2.640,0.000,0.000,0.000,8,00:00:00,-0.430,0.290,-1.480
5.031,0.0155448,5.031,0,-0.000,-0.000,-0.658,-0.015,-0.006,1.546,-0.494,-0.169,49.962,0.486,5.031,-0.017,0.003,59.774,-0.006,0.008,-0.006,1013.340,15.000,-0.749,45.0000000,-122.0000000,-0.710,0.000,0.000,0.000,8,00:00:00,0.150,-0.870,-0.020
5.041,0.030175200000000003,5.041,0,-0.000,-0.000,-0.600,-0.020,-0.007,2.064,-0.532,-0.125,50.256,0.486,5.041,-0.052,0.048,60.069,0.009,0.004,0.004,1012.960,15.000,2.413,45.0000000,-122.0000000,2.450,0.000,0.000,0.000,8,00:00:00,-0.310,0.110,-0.060
5.051,0.050292,5.051,0,-0.001,-0.000,-0.478,-0.025,-0.009,2.606,-0.460,-0.147,50.484,0.486,5.051,0.021,0.027,60.296,0.001,-0.002,0.003,1012.530,15.000,5.993,45.0000000,-122.0000000,6.010,0.000,0.000,0.000,8,00:00:00,-0.500,-0.200,0.250
5.055,0.059436,5.055,0,-0.001,-0.000,-0.614,-0.027,-0.010,2.752,-0.518,-0.225,50.513,0.486,5.055,-0.037,-0.051,60.326,-0.006,-0.020,0.000,1014.300,15.000,-8.733,45.0000000,-122.0000000,-8.730,0.000,0.000,0.000,8,00:00:00,-0.170,0.300,0.640
5.061,0.0749808,5.061,0,-0.001,-0.000,-0.609,-0.030,-0.010,3.049,-0.486,-0.103,50.218,0.486,5.061,-0.007,0.070,60.030,0.006,0.024,0.012,1013.330,15.000,-0.666,45.0000000,-122.0000000,-0.660,0.000,0.000,0.000,8,00:00:00,-0.140,-0.370,0.920
5.07,0.10180320000000001,5.070,0,-0.001,-0.000,-0.497,-0.034,-0.012,3.529,-0.473,-0.168,49.851,0.486,5.070,0.003,0.004,59.663,0.011,-0.017,-0.013,1012.630,15.000,5.160,45.0000000,-122.0000000,5.140,0.000,0.000,0.000,8,00:00:00,-0.180,-0.050,-0.320
5.08,0.13624560000000002,5.080,0,-0.001,-0.001,-0.415,-0.040,-0.013,4.041,-0.626,-0.156,49.513,0.486,5.080,-0.153,0.015,59.326,0.007,0.003,-0.001,1012.890,15.000,2.996,45.0000000,-122.0000000,2.990,0.000,0.000,0.000,8,00:00:00,-0.740,0.130,0.080
5.089,0.17129760000000002,5.089,0,-0.002,-0.001,-0.298,-0.044,-0.015,4.511,-0.461,-0.152,48.964,0.486,5.089,0.008,0.018,58.776,0.009,0.010,-0.003,1012.620,15.000,5.243,45.0000000,-122.0000000,5.230,0.000,0.000,0.000,8,00:00:00,0.720,-0.560,0.580
5.099,0.21518879999999999,5.099,0,-0.002,-0.001,-0.300,-0.050,-0.016,4.989,-0.552,-0.129,49.610,0.486,5.099,-0.078,0.042,59.422,-0.008,-0.016,-0.003,1013.580,15.000,-2.746,45.0000000,-122.0000000,-2.720,0.000,0.000,0.000,8,00:00:00,-0.050,0.230,-0.310
5.109,0.2639568,5.109,0,-0.003,-0.001,-0.203,-0.054,-0.018,5.507,-0.463,-0.214,50.176,0.486,5.109,0.015,-0.040,59.988,0.004,0.010,-0.010,1012.860,15.000,3.246,45.0000000,-122.0000000,3.230,0.000,0.000,0.000,8,00:00:00,-1.080,-0.080,0.140
5.119,0.31760160000000004,5.119,1,-0.003,-0.001,-0.184,-0.060,-0.020,6.000,-0.562,-0.202,50.711,0.486,0.000,-0.079,-0.027,60.524,-0.001,0.005,-0.007,1013.480,15.000,-1.914,45.0000000,-122.0000000,-1.900,0.000,0.000,0.000,8,00:00:00,0.540,-0.190,-0.660
5.129,0.37642800000000004,5.129,1,-0.004,-0.001,-0.104,-0.065,-0.022,6.520,-0.465,-0.188,51.345,0.003,0.010,0.020,-0.013,61.157,-0.003,0.005,0.007,1013.050,15.000,1.664,45.0000000,-122.0000000,1.630,0.000,0.000,0.000,8,00:00:00,-0.050,0.710,0.310
5.139,0.44043600000000005,5.139,1,-0.004,-0.002,-0.011,-0.070,-0.023,7.048,-0.491,-0.154,51.840,0.014,0.020,-0.005,0.010,61.652,-0.019,0.004,-0.019,1012.980,15.000,2.247,45.0000000,-122.0000000,2.260,0.000,0.000,0.000,8,00:00:00,-0.600,-0.910,0.140
5.149,0.5096256,5.149,1,-0.005,-0.002,0.077,-0.075,-0.024,7.578,-0.538,-0.063,52.411,0.017,0.030,-0.055,0.103,62.223,-0.001,0.011,-0.001,1013.040,15.000,1.748,45.0000000,-122.0000000,1.710,0.000,0.000,0.000,8,00:00:00,0.150,-0.120,0.050
5.155,0.5535168,5.155,1,-0.005,-0.002,0.060,-0.078,-0.025,7.870,-0.548,-0.210,52.812,0.019,0.036,-0.064,-0.043,62.625,0.001,0.006,-0.002,1013.670,15.000,-3.494,45.0000000,-122.0000000,-3.490,0.000,0.000,0.000,8,00:00:00,0.020,-0.380,-0.880
5.164,0.623316,5.164,1,-0.006,-0.002,0.243,-0.082,-0.026,8.389,-0.396,-0.120,52.931,0.024,0.045,0.087,0.041,62.742,-0.011,0.004,0.010,1012.260,15.000,8.241,45.0000000,-122.0000000,8.270,0.000,0.000,0.000,8,00:00:00,0.450,-1.150,0.450
5.174,0.705612,5.174,1,-0.007,-0.002,0.255,-0.087,-0.027,8.891,-0.530,-0.053,53.068,0.017,0.055,-0.043,0.117,62.880,0.012,-0.004,-0.014,1013.740,15.000,-4.076,45.0000000,-122.0000000,-4.070,0.000,0.000,0.000,8,00:00:00,-0.040,-0.070,0.200
5.184,0.7930896,5.184,1,-0.008,-0.003,0.343,-0.092,-0.029,9.421,-0.518,-0.191,53.159,0.016,0.065,-0.029,-0.020,62.971,0.002,-0.002,-0.012,1013.160,14.990,0.749,45.0000000,-122.0000000,0.720,0.000,0.000,0.000,8,00:00:00,0.060,0.180,0.730
5.194,0.8860536000000001,5.194,1,-0.008,-0.003,0.508,-0.097,-0.030,9.981,-0.452,-0.133,53.407,0.024,0.075,0.039,0.026,63.219,-0.021,-0.001,-0.003,1012.550,14.990,5.826,45.0000000,-122.0000000,5.840,0.000,0.000,0.000,8,00:00:00,0.030,-0.080,-0.050
5.2,0.9445752000000001,5.200,1,-0.009,-0.003,0.443,-0.099,-0.031,10.254,-0.431,-0.081,53.340,0.028,0.081,0.061,0.072,63.151,-0.013,-0.004,-0.006,1014.150,14.990,-7.486,45.0000000,-122.0000000,-7.480,0.000,0.000,0.000,8,00:00:00,0.020,0.870,-0.080
5.209,1.0357104000000001,5.209,1,-0.010,-0.003,0.561,-0.104,-0.032,10.743,-0.493,-0.182,53.391,0.029,0.090,0.006,-0.031,63.203,-0.006,-0.012,-0.013,1012.910,14.990,2.829,45.0000000,-122.0000000,2.840,0.000,0.000,0.000,8,00:00:00,-1.080,0.360,-0.010
5.219,1.1420856,5.219,1,-0.011,-0.003,0.657,-0.109,-0.033,11.273,-0.578,-0.107,53.498,0.034,0.100,-0.085,0.039,63.311,-0.007,0.010,0.007,1013.210,14.990,0.333,45.0000000,-122.0000000,0.310,0.000,0.000,0.000,8,00:00:00,-0.160,-0.140,0.230
5.229,1.2536424000000002,5.229,1,-0.012,-0.004,0.678,-0.114,-0.034,11.772,-0.493,-0.064,53.505,0.032,0.110,0.005,0.083,63.317,0.002,-0.006,-0.005,1013.880,14.990,-5.241,45.0000000,-122.0000000,-5.220,0.000,0.000,0.000,8,00:00:00,0.200,-0.650,0.600
5.239,1.3706856,5.239,1,-0.013,-0.004,0.904,-0.119,-0.035,12.347,-0.481,-0.108,53.536,0.034,0.120,0.020,0.038,63.348,-0.003,-0.004,-0.001,1012.170,14.990,8.990,45.0000000,-122.0000000,8.960,0.000,0.000,0.000,8,00:00:00,-0.530,0.150,0.330
5.249,1.4929104,5.249,1,-0.014,-0.004,0.996,-0.125,-0.036,12.871,-0.635,-0.100,53.662,0.040,0.130,-0.133,0.039,63.476,-0.011,-0.001,-0.003,1013.340,14.990,-0.749,45.0000000,-122.0000000,-0.710,0.000,0.000,0.000,8,00:00:00,-0.360,0.090,-0.120
5.259,1.6206216000000002,5.259,1,-0.015,-0.005,1.264,-0.130,-0.037,13.460,-0.510,-0.136,53.721,0.033,0.140,-0.006,0.011,63.533,0.012,-0.003,0.010,1011.850,14.990,11.656,45.0000000,-122.0000000,11.640,0.000,0.000,0.000,8,00:00:00,0.350,-0.340,-0.050
5.269,1.7538192,5.269,1,-0.016,-0.005,1.429,-0.136,-0.039,14.008,-0.544,-0.146,53.796,0.037,0.150,-0.049,-0.002,63.609,-0.004,0.017,0.019,1012.760,14.990,4.078,45.0000000,-122.0000000,4.100,0.000,0.000,0.000,8,00:00:00,0.270,0.340,0.590
5.279,1.8925032,5.279,1,-0.017,-0.005,1.525,-0.140,-0.040,14.530,-0.474,-0.154,53.967,0.041,0.160,0.018,-0.012,63.779,-0.005,0.005,-0.002,1013.390,14.990,-1.165,45.0000000,-122.0000000,-1.190,0.000,0.000,0.000,8,00:00:00,-0.360,0.270,0.490
5.289,2.0363688,5.289,1,-0.018,-0.006,1.629,-0.145,-0.042,15.053,-0.520,-0.176,53.915,0.047,0.170,-0.027,-0.043,63.727,-0.013,-0.002,0.001,1013.360,14.990,-0.915,45.0000000,-122.0000000,-0.880,0.000,0.000,0.000,8,00:00:00,-0.290,0.240,-0.370
5.3,2.200656,5.300,1,-0.020,-0.006,1.842,-0.151,-0.044,15.663,-0.547,-0.160,53.929,0.043,0.181,-0.065,-0.017,63.742,0.014,0.015,0.002,1012.560,14.990,5.743,45.0000000,-122.0000000,5.750,0.000,0.000,0.000,8,00:00:00,-0.430,0.190,0.330
5.31,2.3557992000000003,5.310,1,-0.021,-0.006,1.960,-0.156,-0.046,16.186,-0.505,-0.193,53.910,0.042,0.191,-0.018,-0.049,63.723,-0.000,-0.006,-0.005,1013.300,14.980,-0.416,45.0000000,-122.0000000,-0.410,0.000,0.000,0.000,8,00:00:00,-0.030,-0.280,0.550
5.32,2.5164288000000004,5.320,1,-0.022,-0.007,2.105,-0.162,-0.047,16.720,-0.556,-0.138,54.114,0.046,0.201,-0.054,-0.004,63.927,-0.016,-0.022,-0.006,1013.090,14.980,1.331,45.0000000,-122.0000000,1.360,0.000,0.000,0.000,8,00:00:00,-0.220,-0.450,-0.970
5.33,2.6825448,5.330,1,-0.024,-0.007,2.253,-0.168,-0.048,17.253,-0.600,-0.101,54.185,0.046,0.211,-0.101,0.033,63.998,0.002,0.006,0.013,1013.100,14.980,1.248,45.0000000,-122.0000000,1.230,0.000,0.000,0.000,8,00:00:00,-0.250,-0.080,0.470
5.34,2.8538424,5.340,1,-0.025,-0.008,2.489,-0.172,-0.049,17.819,-0.416,-0.155,54.298,0.054,0.221,0.089,-0.030,64.109,-0.016,-0.009,-0.004,1012.320,14.980,7.741,45.0000000,-122.0000000,7.760,0.000,0.000,0.000,8,00:00:00,0.200,-0.210,0.540
5.35,3.0309312000000004,5.350,1,-0.026,-0.008,2.541,-0.176,-0.051,18.315,-0.448,-0.144,54.392,0.050,0.231,0.047,-0.012,64.204,0.012,0.018,-0.001,1014.030,14.980,-6.488,45.0000000,-122.0000000,-6.460,0.000,0.000,0.000,8,00:00:00,0.080,0.520,0.930
5.36,3.2132016,5.360,1,-0.028,-0.008,2.755,-0.180,-0.053,18.870,-0.417,-0.181,54.460,0.065,0.241,0.074,-0.065,64.271,-0.026,0.006,0.007,1012.580,14.980,5.576,45.0000000,-122.0000000,5.570,0.000,0.000,0.000,8,00:00:00,0.850,0.320,-0.130
5.37,3.4009584,5.370,1,-0.029,-0.009,2.929,-0.185,-0.054,19.408,-0.518,-0.105,54.520,0.059,0.251,-0.028,0.018,64.333,0.012,0.002,-0.001,1012.980,14.980,2.247,45.0000000,-122.0000000,2.280,0.000,0.000,0.000,8,00:00:00,0.360,-0.330,-0.820
5.38,3.5942016000000003,5.380,1,-0.031,-0.009,3.089,-0.191,-0.055,19.940,-0.538,-0.121,54.580,0.056,0.261,-0.054,0.010,64.392,0.012,0.012,0.011,1013.140,14.980,0.915,45.0000000,-122.0000000,0.890,0.000,0.000,0.000,8,00:00:00,0.220,0.970,-0.540
5.39,3.7926264,5.390,1,-0.032,-0.010,3.315,-0.195,-0.057,20.496,-0.479,-0.227,54.676,0.051,0.271,0.007,-0.091,64.488,0.006,-0.003,-0.016,1012.550,14.980,5.826,45.0000000,-122.0000000,5.820,0.000,0.000,0.000,8,00:00:00,0.180,0.790,-0.360
5.4,3.9968424000000002,5.400,1,-0.034,-0.010,3.501,-0.200,-0.058,21.035,-0.432,-0.057,54.680,0.051,0.281,0.056,0.078,64.492,-0.001,-0.002,-0.001,1012.950,14.970,2.497,45.0000000,-122.0000000,2.500,0.000,0.000,0.000,8,00:00:00,0.050,0.250,0.190
5.41,4.2065448000000005,5.410,1,-0.036,-0.011,3.776,-0.204,-0.058,21.607,-0.425,-0.079,54.867,0.046,0.291,0.067,0.061,64.678,0.008,-0.004,-0.001,1012.140,14.970,9.240,45.0000000,-122.0000000,9.250,0.000,0.000,0.000,8,00:00:00,0.960,0.150,-0.120
5.42,4.4214288,5.420,1,-0.037,-0.011,3.995,-0.209,-0.059,22.156,-0.541,-0.107,54.940,0.037,0.301,-0.045,0.043,64.753,0.015,-0.004,0.009,1012.690,14.970,4.661,45.0000000,-122.0000000,4.640,0.000,0.000,0.000,8,00:00:00,0.050,0.400,0.680
5.43,4.642104000000001,5.430,1,-0.039,-0.012,4.176,-0.214,-0.060,22.691,-0.535,-0.047,55.091,0.032,0.311,-0.032,0.107,64.903,0.006,-0.010,0.014,1013.070,14.970,1.498,45.0000000,-122.0000000,1.490,0.000,0.000,0.000,8,00:00:00,-0.390,0.360,0.010
5.445,4.983175200000001,5.445,1,-0.042,-0.012,4.566,-0.223,-0.062,23.536,-0.589,-0.168,55.248,0.038,0.326,-0.089,-0.019,65.061,-0.006,0.004,-0.019,1012.220,14.970,8.574,45.0000000,-122.0000000,8.550,0.000,0.000,0.000,8,00:00:00,-0.830,0.510,-0.450
5.468,5.518404,5.468,1,-0.046,-0.014,5.073,-0.233,-0.067,24.791,-0.467,-0.224,55.364,0.008,0.349,0.049,-0.044,65.177,0.021,-0.010,-0.006,1013.020,14.960,1.914,45.0000000,-122.0000000,1.930,0.000,0.000,0.000,8,00:00:00,0.320,0.980,-0.370
5.5,6.340754400000001,5.500,1,-0.054,-0.016,5.981,-0.251,-0.071,26.608,-0.541,-0.098,55.775,0.040,0.381,-0.063,0.088,65.587,0.002,0.020,-0.007,1011.650,14.960,13.322,45.0000000,-122.0000000,13.290,0.000,0.000,0.000,8,00:00:00,-0.040,-0.400,-0.140
5.549,7.6852272,5.549,1,-0.066,-0.019,7.334,-0.275,-0.081,29.360,-0.495,-0.224,56.292,0.067,0.430,-0.020,0.022,66.105,0.018,0.002,-0.004,1012.450,14.950,6.659,45.0000000,-122.0000000,6.680,0.000,0.000,0.000,8,00:00:00,-0.370,0.090,-0.420
5.6,9.242755200000001,5.600,1,-0.079,-0.023,8.788,-0.297,-0.096,32.207,-0.450,-0.290,56.708,0.104,0.481,0.031,0.011,66.520,0.016,-0.001,-0.013,1013.150,14.940,0.832,45.0000000,-122.0000000,0.840,0.000,0.000,0.000,8,00:00:00,0.110,0.560,-0.300
5.65,10.905744,5.650,1,-0.094,-0.028,10.341,-0.323,-0.107,35.008,-0.521,-0.227,56.988,0.042,0.531,-0.008,0.010,66.801,-0.020,-0.009,-0.014,1013.040,14.930,1.748,45.0000000,-122.0000000,1.730,0.000,0.000,0.000,8,00:00:00,0.170,-0.580,-0.190
5.7,12.711684,5.700,1,-0.109,-0.033,12.251,-0.353,-0.116,37.908,-0.614,-0.171,57.333,0.061,0.581,-0.086,0.093,67.146,0.008,-0.004,0.011,1010.960,14.920,19.072,45.0000000,-122.0000000,19.070,0.000,0.000,0.000,8,00:00:00,0.200,-0.110,0.520
5.75,14.66088,5.750,1,-0.126,-0.039,14.279,-0.384,-0.124,40.826,-0.628,-0.164,57.893,0.056,0.631,-0.052,0.086,67.707,-0.005,-0.013,-0.001,1010.960,14.900,19.072,45.0000000,-122.0000000,19.060,0.000,0.000,0.000,8,00:00:00,0.490,0.510,-0.710
5.8,16.7545512,5.800,1,-0.144,-0.045,16.504,-0.410,-0.133,43.785,-0.528,-0.190,58.334,0.060,0.681,0.063,0.060,68.146,-0.001,-0.003,-0.006,1010.300,14.890,24.575,45.0000000,-122.0000000,24.580,0.000,0.000,0.000,8,00:00:00,0.390,-0.980,0.410
5.85,18.9942216,5.850,1,-0.163,-0.051,18.674,-0.435,-0.145,46.688,-0.517,-0.230,58.768,0.066,0.731,-0.008,0.036,68.581,0.004,0.025,-0.007,1011.650,14.880,13.322,45.0000000,-122.0000000,13.370,0.000,0.000,0.000,8,00:00:00,-0.450,-0.060,0.650
5.9,21.3805008,5.900,1,-0.183,-0.058,21.178,-0.459,-0.159,49.674,-0.487,-0.289,58.997,0.089,0.781,-0.009,-0.012,68.809,0.003,0.009,-0.013,1009.900,14.860,27.912,45.0000000,-122.0000000,27.930,0.000,0.000,0.000,8,00:00:00,0.080,-0.150,-0.230
5.95,23.914607999999998,5.950,1,-0.204,-0.065,23.584,-0.484,-0.173,52.565,-0.518,-0.286,58.996,0.068,0.831,0.004,-0.013,68.808,-0.001,-0.013,-0.014,1011.470,14.840,14.822,45.0000000,-122.0000000,14.870,0.000,0.000,0.000,8,00:00:00,-0.310,-0.110,1.400
6.0,26.595933600000002,6.000,1,-0.226,-0.073,26.227,-0.505,-0.183,55.486,-0.441,-0.203,58.864,0.047,0.881,0.075,0.039,68.675,-0.009,0.001,-0.004,1010.450,14.830,23.324,45.0000000,-122.0000000,23.370,0.000,0.000,0.000,8,00:00:00,0.640,-0.750,0.190
6.05,29.424477600000003,6.050,1,-0.248,-0.081,29.026,-0.534,-0.195,58.421,-0.579,-0.257,59.102,0.089,0.931,-0.117,0.000,68.915,0.004,0.016,0.007,1010.040,14.810,26.744,45.0000000,-122.0000000,26.780,0.000,0.000,0.000,8,00:00:00,0.090,-0.650,-0.250
6.1,32.4011544,6.100,1,-0.272,-0.090,31.991,-0.557,-0.203,61.378,-0.491,-0.160,59.365,0.102,0.981,-0.030,0.119,69.177,0.006,0.001,-0.024,1009.540,14.790,30.916,45.0000000,-122.0000000,30.940,0.000,0.000,0.000,8,00:00:00,-0.120,-0.300,0.450
6.15,35.525964,6.150,1,-0.296,-0.099,35.004,-0.579,-0.214,64.285,-0.464,-0.230,59.170,0.133,1.031,-0.013,0.091,68.982,0.012,0.002,-0.010,1009.860,14.770,28.246,45.0000000,-122.0000000,28.270,0.000,0.000,0.000,8,00:00:00,-0.170,-0.960,0.980
6.2,38.798601600000005,6.200,1,-0.321,-0.109,38.262,-0.597,-0.230,67.231,-0.374,-0.329,59.164,0.156,1.081,0.050,0.005,68.976,0.004,0.008,0.008,1008.780,14.750,37.261,45.0000000,-122.0000000,37.250,0.000,0.000,0.000,8,00:00:00,-0.390,-0.900,0.090
6.25,42.219067200000005,6.250,1,-0.346,-0.119,41.510,-0.615,-0.242,70.112,-0.393,-0.254,59.092,0.149,1.131,0.002,0.032,68.904,-0.014,0.008,0.003,1009.410,14.730,32.001,45.0000000,-122.0000000,31.990,0.000,0.000,0.000,8,00:00:00,0.320,0.070,-0.210
6.3,45.787056,6.300,1,-0.372,-0.129,45.178,-0.636,-0.252,73.095,-0.447,-0.194,58.953,0.128,1.181,-0.038,0.065,68.765,-0.008,-0.004,0.004,1007.190,14.700,50.547,45.0000000,-122.0000000,50.600,0.000,0.000,0.000,8,00:00:00,0.040,0.060,0.180
6.35,49.502568000000004,6.350,1,-0.399,-0.140,48.961,-0.655,-0.265,76.056,-0.422,-0.288,58.794,0.168,1.231,-0.062,-0.023,68.606,0.002,0.014,0.002,1006.960,14.680,52.470,45.0000000,-122.0000000,52.470,0.000,0.000,0.000,8,00:00:00,0.240,-0.610,0.610
6.4,53.3649936,6.400,1,-0.426,-0.152,52.772,-0.676,-0.279,78.957,-0.436,-0.280,58.528,0.196,1.281,-0.088,0.038,68.339,0.016,0.003,0.003,1007.240,14.650,50.128,45.0000000,-122.0000000,50.180,0.000,0.000,0.000,8,00:00:00,0.050,-0.880,-0.070
6.45,57.37402800000001,6.450,1,-0.453,-0.164,56.800,-0.690,-0.298,81.872,-0.330,-0.392,58.253,0.233,1.331,0.023,0.002,68.065,0.022,-0.002,-0.011,1006.320,14.630,57.823,45.0000000,-122.0000000,57.850,0.000,0.000,0.000,8,00:00:00,0.590,0.180,0.600
6.5,61.52845200000001,6.500,1,-0.481,-0.176,60.936,-0.704,-0.317,84.757,-0.317,-0.399,57.938,0.236,1.381,-0.004,-0.046,67.750,-0.011,0.011,0.008,1006.040,14.600,60.167,45.0000000,-122.0000000,60.180,0.000,0.000,0.000,8,00:00:00,-0.600,-0.580,-0.110
6.55,65.8273512,6.550,1,-0.508,-0.190,65.081,-0.711,-0.333,87.558,-0.181,-0.342,57.351,0.276,1.431,0.072,0.006,67.162,-0.001,0.017,0.003,1006.320,14.570,57.823,45.0000000,-122.0000000,57.870,0.000,0.000,0.000,8,00:00:00,-0.060,-0.060,0.280
6.6,70.2698112,6.600,1,-0.536,-0.203,69.518,-0.720,-0.346,90.393,-0.211,-0.267,56.798,0.292,1.481,0.016,0.073,66.609,-0.002,0.007,0.002,1004.910,14.540,69.628,45.0000000,-122.0000000,69.670,0.000,0.000,0.000,8,00:00:00,0.140,-0.430,-0.240
6.65,74.85461280000001,6.650,1,-0.563,-0.218,74.127,-0.732,-0.360,93.228,-0.290,-0.303,56.532,0.290,1.531,-0.070,0.015,66.343,-0.006,0.002,0.007,1004.190,14.510,75.661,45.0000000,-122.0000000,75.700,0.000,0.000,0.000,8,00:00:00,-0.000,-0.360,-0.250
6.7,79.5805368,6.700,1,-0.590,-0.232,78.938,-0.733,-0.375,96.071,-0.063,-0.307,56.226,0.332,1.581,0.106,0.016,66.036,0.002,0.015,0.001,1003.290,14.480,83.207,45.0000000,-122.0000000,83.280,0.000,0.000,0.000,8,00:00:00,0.450,-0.410,-0.500
6.75,84.4466688,6.750,1,-0.617,-0.248,83.773,-0.740,-0.393,98.844,-0.197,-0.385,55.772,0.352,1.631,-0.053,-0.065,65.583,0.000,0.007,0.020,1003.350,14.450,82.704,45.0000000,-122.0000000,82.790,0.000,0.000,0.000,8,00:00:00,0.270,0.620,-0.860
6.8,89.45270400000001,6.800,1,-0.644,-0.263,88.641,-0.744,-0.405,101.557,-0.128,-0.257,55.433,0.350,1.681,0.011,0.039,65.244,-0.007,0.001,-0.016,1003.310,14.420,83.039,45.0000000,-122.0000000,83.130,0.000,0.000,0.000,8,00:00:00,-0.130,-0.100,-0.180
6.85,94.59681360000002,6.850,1,-0.671,-0.279,93.605,-0.751,-0.411,104.225,-0.194,-0.152,54.825,0.333,1.731,-0.042,0.128,64.635,-0.004,-0.005,-0.004,1002.900,14.380,86.479,45.0000000,-122.0000000,86.560,0.000,0.000,0.000,8,00:00:00,0.300,0.240,-0.940
6.9,99.878388,6.900,1,-0.697,-0.295,98.704,-0.752,-0.425,106.861,-0.071,-0.308,54.197,0.338,1.781,0.070,-0.054,64.008,-0.007,0.003,0.003,1002.270,14.350,91.766,45.0000000,-122.0000000,91.860,0.000,0.000,0.000,8,00:00:00,-0.010,0.030,0.380
6.95,105.29529360000001,6.950,1,-0.723,-0.312,104.174,-0.756,-0.435,109.575,-0.141,-0.223,53.805,0.331,1.831,0.010,0.046,63.616,0.006,-0.004,-0.007,1000.420,14.320,107.307,45.0000000,-122.0000000,107.340,0.000,0.000,0.000,8,00:00:00,-0.330,-0.290,0.130
7.0,110.8469208,7.000,1,-0.748,-0.328,109.676,-0.767,-0.448,112.228,-0.289,-0.271,53.408,0.289,1.881,-0.091,-0.004,63.219,-0.000,-0.015,0.018,1000.270,14.280,108.568,45.0000000,-122.0000000,108.650,0.000,0.000,0.000,8,00:00:00,1.050,0.150,0.470
7.05,116.53174560000001,7.050,1,-0.774,-0.345,115.250,-0.772,-0.462,114.824,-0.160,-0.314,52.766,0.275,1.931,0.065,-0.014,62.577,0.011,-0.009,0.002,999.890,14.240,111.764,45.0000000,-122.0000000,111.810,0.000,0.000,0.000,8,00:00:00,-0.330,1.020,0.460
7.1,122.3488536,7.100,1,-0.799,-0.363,121.066,-0.777,-0.477,117.439,-0.165,-0.342,52.210,0.274,1.981,0.053,-0.058,62.021,-0.004,0.002,0.002,998.660,14.210,122.114,45.0000000,-122.0000000,122.170,0.000,0.000,0.000,8,00:00:00,0.310,0.230,0.220
7.15,128.29641600000002,7.150,1,-0.824,-0.380,127.027,-0.785,-0.490,120.010,-0.233,-0.279,51.225,0.275,2.031,-0.025,-0.013,61.036,-0.004,0.002,-0.002,997.880,14.170,128.683,45.0000000,-122.0000000,128.770,0.000,0.000,0.000,8,00:00:00,0.770,0.640,-0.520
7.2,134.3719944,7.200,1,-0.849,-0.398,132.987,-0.793,-0.501,122.488,-0.227,-0.259,50.388,0.261,2.081,0.013,0.045,60.199,0.014,-0.011,-0.016,997.760,14.130,129.694,45.0000000,-122.0000000,129.760,0.000,0.000,0.000,8,00:00:00,-0.740,-0.320,0.450
7.227,137.70528720000001,7.227,1,-0.856,-0.405,136.304,-0.797,-0.512,123.770,-0.273,-0.466,47.591,0.262,2.108,-0.030,-0.154,57.403,0.014,-0.008,0.001,996.930,14.110,136.690,45.0000000,-122.0000000,136.810,0.000,0.000,0.000,8,00:00:00,0.280,-0.190,0.060
7.25,140.5710168,7.250,1,-0.859,-0.410,138.951,-0.799,-0.513,124.472,-0.240,-0.123,34.239,0.238,2.131,-0.028,0.121,44.049,0.004,-0.026,-0.014,997.540,14.090,131.548,45.0000000,-122.0000000,131.600,0.000,0.000,0.000,8,00:00:00,0.490,0.180,-0.160
7.285,144.903444,7.285,1,-0.873,-0.421,143.366,-0.803,-0.519,125.306,-0.217,-0.206,23.324,0.219,2.166,-0.054,-0.036,33.135,-0.011,-0.003,0.009,995.860,14.060,145.715,45.0000000,-122.0000000,145.810,0.000,0.000,0.000,8,00:00:00,-0.370,0.300,0.500
7.29,145.596864,7.290,1,-0.862,-0.416,143.693,-0.800,-0.518,125.292,-0.191,-0.172,21.656,0.222,2.171,-0.036,-0.007,31.467,0.014,0.004,0.003,997.420,14.050,132.559,45.0000000,-122.0000000,132.620,0.000,0.000,0.000,8,00:00:00,-0.650,0.640,0.310
7.298,146.63867040000002,7.298,1,-0.854,-0.414,144.764,-0.798,-0.518,125.486,-0.169,-0.255,20.776,0.217,2.179,-0.016,-0.098,30.588,-0.007,-0.008,0.010,995.570,14.050,148.162,45.0000000,-122.0000000,148.220,0.000,0.000,0.000,8,00:00:00,-0.090,0.140,-0.380
7.311,148.2035136,7.311,1,-0.851,-0.414,146.377,-0.798,-0.520,125.731,-0.230,-0.279,19.437,0.226,2.192,-0.086,-0.124,29.249,0.010,0.007,0.011,995.800,14.040,146.221,45.0000000,-122.0000000,146.280,0.000,0.000,0.000,8,00:00:00,0.740,-0.350,-0.080
7.329000000000001,150.55656960000002,7.329,1,-0.851,-0.416,148.525,-0.797,-0.522,126.000,-0.117,-0.211,17.607,0.234,2.210,0.015,-0.062,27.418,0.007,0.005,-0.005,996.020,14.020,144.365,45.0000000,-122.0000000,144.470,0.000,0.000,0.000,8,00:00:00,0.140,-0.250,-0.500
7.357,154.0971264,7.357,1,-0.859,-0.424,152.131,-0.794,-0.524,126.439,-0.029,-0.119,14.634,0.251,2.238,0.075,0.007,24.444,-0.009,0.019,0.006,994.670,14.000,155.761,45.0000000,-122.0000000,155.880,0.000,0.000,0.000,8,00:00:00,0.260,0.190,-0.600
7.366,155.2401264,7.366,1,-0.853,-0.422,153.133,-0.791,-0.524,126.507,-0.045,-0.183,13.691,0.251,2.247,0.054,-0.065,23.502,-0.018,0.010,-0.007,995.580,13.990,148.078,45.0000000,-122.0000000,148.170,0.000,0.000,0.000,8,00:00:00,-0.320,0.230,0.220
7.379,156.95676000000003,7.379,1,-0.850,-0.422,154.813,-0.789,-0.523,126.657,-0.115,-0.037,10.492,0.262,2.260,-0.036,0.064,20.302,-0.004,0.019,-0.000,994.530,13.980,156.944,45.0000000,-122.0000000,157.060,0.000,0.000,0.000,8,00:00:00,0.350,0.330,-0.500
7.4,159.5816976,7.400,1,-0.853,-0.426,157.421,-0.787,-0.523,126.754,-0.043,-0.055,5.631,0.260,2.281,0.018,0.021,15.441,-0.002,-0.001,-0.000,994.660,13.960,155.845,45.0000000,-122.0000000,155.910,0.000,0.000,0.000,8,00:00:00,-0.110,-0.060,-0.280
7.431,163.52306640000003,7.431,1,-0.864,-0.436,161.391,-0.785,-0.522,126.723,-0.032,-0.028,-1.533,0.245,2.312,0.004,0.013,8.277,0.001,-0.010,0.003,993.720,13.940,163.788,45.0000000,-122.0000000,163.900,0.000,0.000,0.000,8,00:00:00,0.430,0.230,-0.680
7.4399999999999995,164.697156,7.440,1,-0.857,-0.433,162.479,-0.782,-0.520,126.670,-0.078,-0.008,-3.508,0.245,2.321,-0.051,0.024,6.302,0.002,-0.003,-0.008,994.060,13.930,160.915,45.0000000,-122.0000000,160.980,0.000,0.000,0.000,8,00:00:00,-0.070,-0.790,0.770
7.454000000000001,166.457376,7.454,1,-0.855,-0.434,164.206,-0.780,-0.519,126.577,-0.043,-0.030,-5.337,0.238,2.335,-0.024,-0.008,4.473,-0.010,-0.004,0.017,993.830,13.920,162.858,45.0000000,-122.0000000,162.970,0.000,0.000,0.000,8,00:00:00,0.460,0.650,0.320
7.474,169.0960296,7.474,1,-0.857,-0.438,166.603,-0.777,-0.518,126.360,-0.021,-0.013,-8.140,0.241,2.355,-0.013,-0.005,1.670,0.005,-0.000,0.008,994.000,13.900,161.422,45.0000000,-122.0000000,161.500,0.000,0.000,0.000,8,00:00:00,0.160,0.140,0.900
7.5,172.3586088,7.500,1,-0.864,-0.444,169.845,-0.774,-0.516,126.046,0.010,0.004,-11.453,0.246,2.381,0.003,-0.004,-1.643,0.005,0.001,-0.018,993.130,13.880,168.777,45.0000000,-122.0000000,168.840,0.000,0.000,0.000,8,00:00:00,0.260,-0.200,-0.770
7.538,177.2384568,7.538,1,-0.880,-0.457,174.637,-0.774,-0.515,125.581,-0.100,-0.013,-12.363,0.257,2.419,-0.110,-0.025,-2.553,-0.016,0.013,0.004,992.300,13.850,175.798,45.0000000,-122.0000000,175.880,0.000,0.000,0.000,8,00:00:00,-0.780,0.740,-0.210
7.588,183.57098160000004,7.588,2,-0.905,-0.475,180.971,-0.772,-0.510,124.932,-0.025,0.061,-13.566,0.271,0.000,-0.038,0.045,-3.756,-0.009,0.008,-0.006,991.250,13.810,184.688,45.0000000,-122.0000000,184.810,0.000,0.000,0.000,8,00:00:00,0.390,-0.210,-0.600
7.6,185.03981280000002,7.600,2,-0.900,-0.474,182.409,-0.769,-0.507,124.740,-0.004,0.078,-13.905,0.255,0.012,-0.019,0.062,-4.095,0.003,-0.025,-0.021,991.750,13.800,180.454,45.0000000,-122.0000000,180.520,0.000,0.000,0.000,8,00:00:00,-0.660,0.260,-0.280
7.617,187.2395544,7.617,2,-0.900,-0.475,184.422,-0.765,-0.506,124.461,0.028,0.001,-13.867,0.239,0.029,0.012,-0.015,-4.057,-0.011,-0.014,-0.004,991.750,13.780,180.454,45.0000000,-122.0000000,180.550,0.000,0.000,0.000,8,00:00:00,0.580,-0.610,0.170
7.644,190.53139439999998,7.644,2,-0.906,-0.482,187.712,-0.762,-0.503,124.061,0.012,0.020,-13.844,0.238,0.056,-0.004,0.004,-4.034,0.003,-0.002,-0.013,991.150,13.760,185.535,45.0000000,-122.0000000,185.660,0.000,0.000,0.000,8,00:00:00,0.460,0.240,0.200
7.683,195.451476,7.683,2,-0.922,-0.494,192.627,-0.762,-0.500,123.562,-0.099,0.040,-13.722,0.269,0.095,-0.112,0.024,-3.911,-0.001,0.015,0.005,989.790,13.730,197.062,45.0000000,-122.0000000,197.160,0.000,0.000,0.000,8,00:00:00,0.280,-1.080,0.900
7.7330000000000005,201.68494080000002,7.733,2,-0.946,-0.511,198.760,-0.760,-0.498,122.863,-0.016,0.004,-13.737,0.292,0.145,-0.028,-0.013,-3.927,0.008,0.006,0.011,989.650,13.690,198.249,45.0000000,-122.0000000,198.320,0.000,0.000,0.000,8,00:00:00,0.450,0.920,-0.200
7.7829999999999995,207.8839632,7.783,2,-0.969,-0.527,204.831,-0.756,-0.496,122.149,-0.001,0.006,-13.829,0.286,0.195,-0.014,-0.011,-4.019,-0.006,-0.001,-0.008,989.070,13.650,203.169,45.0000000,-122.0000000,203.260,0.000,0.000,0.000,8,00:00:00,0.460,-0.120,-1.450
7.833,214.0485432,7.833,2,-0.991,-0.544,210.860,-0.753,-0.492,121.440,-0.003,0.039,-13.692,0.266,0.245,-0.017,0.023,-3.882,0.003,-0.008,-0.008,988.380,13.610,209.026,45.0000000,-122.0000000,209.140,0.000,0.000,0.000,8,00:00:00,-0.160,-0.300,0.890
7.883,220.1786808,7.883,2,-1.013,-0.560,216.842,-0.749,-0.490,120.727,-0.001,-0.011,-13.669,0.258,0.295,-0.015,-0.027,-3.859,-0.003,-0.002,0.025,987.730,13.570,214.545,45.0000000,-122.0000000,214.680,0.000,0.000,0.000,8,00:00:00,-0.800,1.100,0.840
7.933,226.2746808,7.933,2,-1.033,-0.575,222.843,-0.741,-0.488,120.037,0.090,-0.004,-13.662,0.256,0.345,0.075,-0.019,-3.852,0.001,-0.001,0.020,986.760,13.530,222.788,45.0000000,-122.0000000,222.900,0.000,0.000,0.000,8,00:00:00,-0.290,-0.230,0.130
7.9830000000000005,232.33654320000002,7.983,2,-1.054,-0.590,228.791,-0.733,-0.488,119.343,0.076,-0.030,-13.568,0.215,0.395,0.060,-0.041,-3.758,-0.020,-0.011,-0.021,986.150,13.490,227.975,45.0000000,-122.0000000,228.150,0.000,0.000,0.000,8,00:00:00,0.950,0.210,-0.460
8.033,238.364268,8.033,2,-1.073,-0.605,234.729,-0.729,-0.489,118.656,0.005,-0.065,-13.649,0.189,0.444,-0.013,-0.076,-3.839,-0.006,-0.009,0.008,985.330,13.450,234.952,45.0000000,-122.0000000,235.120,0.000,0.000,0.000,8,00:00:00,-0.320,1.050,0.370
8.083,244.35816000000003,8.083,2,-1.092,-0.619,240.585,-0.727,-0.487,117.955,-0.030,-0.013,-13.532,0.172,0.495,-0.048,-0.023,-3.722,-0.006,-0.006,0.008,984.860,13.410,238.953,45.0000000,-122.0000000,239.080,0.000,0.000,0.000,8,00:00:00,0.220,0.060,-0.300
8.133,250.31821920000002,8.133,2,-1.110,-0.633,246.450,-0.724,-0.482,117.274,-0.039,0.048,-13.485,0.174,0.544,-0.058,0.035,-3.675,0.015,0.000,-0.011,983.970,13.370,246.534,45.0000000,-122.0000000,246.690,0.000,0.000,0.000,8,00:00:00,0.590,-0.570,-0.500
8.183,256.2447504,8.183,2,-1.128,-0.646,252.399,-0.719,-0.480,116.639,0.014,0.005,-13.536,0.146,0.595,-0.007,-0.007,-3.726,-0.002,-0.010,0.001,982.760,13.330,256.849,45.0000000,-122.0000000,256.960,0.000,0.000,0.000,8,00:00:00,0.730,-0.250,-0.080
8.233,262.13775360000005,8.233,2,-1.144,-0.660,258.397,-0.708,-0.479,116.044,0.132,-0.031,-13.360,0.147,0.645,0.113,-0.043,-3.550,0.004,-0.001,-0.001,981.720,13.300,265.723,45.0000000,-122.0000000,265.890,0.000,0.000,0.000,8,00:00:00,-0.130,-0.210,0.510
8.283,267.9972288,8.283,2,-1.160,-0.672,264.052,-0.706,-0.475,115.326,-0.049,0.017,-13.318,0.180,0.695,-0.066,0.004,-3.508,-0.001,0.012,-0.002,982.390,13.260,260.005,45.0000000,-122.0000000,260.190,0.000,0.000,0.000,8,00:00:00,-0.340,-0.420,-0.130
8.333,273.8237856,8.333,2,-1.176,-0.684,269.931,-0.702,-0.471,114.714,0.007,0.038,-13.276,0.154,0.745,-0.012,0.024,-3.466,0.014,-0.014,-0.001,980.610,13.220,275.203,45.0000000,-122.0000000,275.400,0.000,0.000,0.000,8,00:00:00,-0.410,-0.170,0.780
8.383,279.61711920000005,8.383,2,-1.191,-0.696,275.832,-0.697,-0.464,114.129,0.003,0.088,-13.173,0.115,0.795,-0.019,0.074,-3.363,0.001,-0.017,0.014,979.710,13.180,282.896,45.0000000,-122.0000000,283.060,0.000,0.000,0.000,8,00:00:00,0.630,-0.490,0.050
8.433,285.3775344,8.433,2,-1.205,-0.707,281.432,-0.693,-0.458,113.436,-0.013,0.054,-13.124,0.088,0.845,-0.037,0.039,-3.314,0.003,-0.019,0.016,980.170,13.150,278.963,45.0000000,-122.0000000,279.140,0.000,0.000,0.000,8,00:00:00,-0.650,0.010,-0.100
8.483,291.1050312,8.483,2,-1.219,-0.718,287.049,-0.687,-0.453,112.767,0.034,0.041,-13.086,0.163,0.895,0.011,0.023,-3.276,0.025,0.008,-0.012,979.300,13.110,286.402,45.0000000,-122.0000000,286.590,0.000,0.000,0.000,8,00:00:00,-0.540,-0.340,-0.200
8.533,296.7996096,8.533,2,-1.232,-0.728,292.585,-0.681,-0.454,112.081,0.006,-0.069,-13.028,0.162,0.945,-0.017,-0.087,-3.218,0.001,-0.002,0.007,978.840,13.070,290.338,45.0000000,-122.0000000,290.480,0.000,0.000,0.000,8,00:00:00,0.180,0.620,0.110
8.583,302.4615744,8.583,2,-1.245,-0.738,298.090,-0.673,-0.453,111.398,0.063,-0.036,-12.992,0.177,0.995,0.040,-0.054,-3.182,0.005,0.001,0.007,978.180,13.030,295.987,45.0000000,-122.0000000,296.120,0.000,0.000,0.000,8,00:00:00,-0.850,-0.180,0.390
8.633,308.09092560000005,8.633,2,-1.257,-0.748,303.666,-0.664,-0.450,110.753,0.099,0.003,-13.089,0.156,1.045,0.077,-0.015,-3.280,-0.010,0.005,-0.012,977.120,13.000,305.066,45.0000000,-122.0000000,305.220,0.000,0.000,0.000,8,00:00:00,-0.880,0.000,-0.400
8.683,313.68766320000003,8.683,2,-1.268,-0.757,309.305,-0.659,-0.446,110.150,-0.006,0.018,-12.991,0.142,1.095,-0.029,0.002,-3.181,-0.003,-0.006,-0.016,976.100,12.960,313.810,45.0000000,-122.0000000,313.980,0.000,0.000,0.000,8,00:00:00,0.540,-0.000,0.060
8.733,319.252092,8.733,2,-1.278,-0.766,314.808,-0.650,-0.443,109.508,0.076,0.001,-12.939,0.142,1.145,0.055,-0.014,-3.129,-0.005,0.010,0.011,975.860,12.930,315.869,45.0000000,-122.0000000,316.080,0.000,0.000,0.000,8,00:00:00,-0.940,0.510,0.140
8.783,324.78390720000004,8.783,2,-1.288,-0.774,320.169,-0.645,-0.437,108.819,0.011,0.063,-12.991,0.182,1.195,-0.009,0.045,-3.181,0.011,0.008,-0.024,975.650,12.890,317.670,45.0000000,-122.0000000,317.860,0.000,0.000,0.000,8,00:00:00,0.520,-0.420,-0.500
8.833,330.2834136,8.833,2,-1.297,-0.782,325.724,-0.637,-0.433,108.224,0.049,0.018,-12.941,0.186,1.245,0.028,-0.000,-3.131,0.009,-0.014,-0.015,974.150,12.850,330.547,45.0000000,-122.0000000,330.760,0.000,0.000,0.000,8,00:00:00,-0.120,0.110,-0.570
8.883,335.75061120000004,8.883,2,-1.306,-0.790,331.144,-0.636,-0.431,107.590,-0.075,-0.020,-12.878,0.204,1.295,-0.094,-0.039,-3.067,0.001,0.012,-0.013,973.910,12.820,332.609,45.0000000,-122.0000000,332.810,0.000,0.000,0.000,8,00:00:00,0.280,0.410,0.140
8.933,341.1858048,8.933,2,-1.314,-0.797,336.438,-0.628,-0.429,106.915,0.049,-0.031,-12.938,0.217,1.345,0.029,-0.050,-3.128,0.006,-0.003,0.001,973.640,12.780,334.929,45.0000000,-122.0000000,335.090,0.000,0.000,0.000,8,00:00:00,0.160,-0.480,-0.140
8.983,346.58899440000005,8.983,2,-1.322,-0.804,342.070,-0.618,-0.426,106.394,0.089,-0.003,-12.826,0.233,1.395,0.070,-0.023,-3.016,0.008,-0.003,0.010,971.640,12.750,352.131,45.0000000,-122.0000000,352.320,0.000,0.000,0.000,8,00:00:00,0.430,-0.240,-0.140
9.033000000000001,351.9604848000001,9.033,2,-1.328,-0.811,347.551,-0.607,-0.421,105.830,0.118,0.037,-12.673,0.225,1.445,0.100,0.019,-2.864,-0.004,0.001,0.010,971.460,12.710,353.681,45.0000000,-122.0000000,353.850,0.000,0.000,0.000,8,00:00:00,-0.440,-1.250,-0.060
9.083,357.2999712,9.083,2,-1.335,-0.817,352.830,-0.598,-0.420,105.198,0.069,-0.053,-12.655,0.250,1.495,0.052,-0.073,-2.845,0.007,0.005,-0.013,971.470,12.680,353.595,45.0000000,-122.0000000,353.780,0.000,0.000,0.000,8,00:00:00,0.300,-0.200,-0.170
9.133,362.60806320000006,9.133,2,-1.340,-0.823,358.047,-0.590,-0.418,104.561,0.048,-0.027,-12.537,0.273,1.545,0.031,-0.046,-2.727,0.007,0.004,0.004,970.970,12.640,357.901,45.0000000,-122.0000000,358.100,0.000,0.000,0.000,8,00:00:00,1.190,-0.250,-0.560
9.183,367.884456,9.183,2,-1.345,-0.829,363.495,-0.587,-0.412,104.028,-0.043,0.063,-12.514,0.253,1.595,-0.060,0.044,-2.704,-0.005,-0.005,-0.007,969.420,12.610,371.259,45.0000000,-122.0000000,371.500,0.000,0.000,0.000,8,00:00:00,0.210,0.060,0.650
9.233,373.1291496,9.233,2,-1.350,-0.834,368.411,-0.586,-0.409,103.292,-0.075,-0.011,-12.613,0.294,1.645,-0.092,-0.032,-2.802,0.014,0.004,0.010,970.610,12.570,361.002,45.0000000,-122.0000000,361.190,0.000,0.000,0.000,8,00:00:00,0.390,-0.180,0.540
9.283000000000001,378.3427536,9.283,2,-1.354,-0.839,373.657,-0.577,-0.407,102.705,0.053,-0.023,-12.497,0.326,1.695,0.038,-0.044,-2.687,0.007,0.011,-0.003,968.730,12.540,377.212,45.0000000,-122.0000000,377.460,0.000,0.000,0.000,8,00:00:00,-0.790,-0.410,0.440
9.333,383.52496320000006,9.333,2,-1.358,-0.844,378.783,-0.572,-0.405,102.083,-0.002,-0.034,-12.485,0.301,1.745,-0.017,-0.054,-2.675,-0.009,-0.002,-0.012,968.450,12.510,379.628,45.0000000,-122.0000000,379.880,0.000,0.000,0.000,8,00:00:00,-0.140,1.010,0.170
9.383,388.6760832,9.383,2,-1.361,-0.849,383.951,-0.569,-0.398,101.494,-0.044,0.076,-12.398,0.319,1.795,-0.057,0.057,-2.589,-0.001,0.014,-0.000,967.600,12.470,386.967,45.0000000,-122.0000000,387.200,0.000,0.000,0.000,8,00:00:00,0.370,0.420,0.280
9.433,393.7961136,9.433,2,-1.364,-0.853,389.084,-0.565,-0.392,100.897,-0.042,0.048,-12.503,0.329,1.845,-0.055,0.027,-2.693,0.000,0.006,-0.010,967.030,12.440,391.892,45.0000000,-122.0000000,392.150,0.000,0.000,0.000,8,00:00:00,0.120,-0.470,0.030
9.483,398.88474959999996,9.483,2,-1.367,-0.856,394.230,-0.559,-0.387,100.325,0.022,0.035,-12.350,0.335,1.895,0.010,0.016,-2.541,0.002,-0.000,-0.018,966.290,12.410,398.288,45.0000000,-122.0000000,398.560,0.000,0.000,0.000,8,00:00:00,0.350,-0.100,-0.360
9.533000000000001,403.9426008,9.533,2,-1.369,-0.859,399.376,-0.554,-0.383,99.763,-0.019,0.011,-12.380,0.359,1.945,-0.029,-0.009,-2.570,0.000,0.013,-0.006,965.600,12.370,404.256,45.0000000,-122.0000000,404.460,0.000,0.000,0.000,8,00:00:00,0.630,0.130,-0.520
9.583,408.9693624,9.583,2,-1.371,-0.862,404.251,-0.548,-0.373,99.106,0.003,0.125,-12.370,0.368,1.995,-0.006,0.106,-2.561,-0.006,0.011,0.014,965.850,12.340,402.093,45.0000000,-122.0000000,402.330,0.000,0.000,0.000,8,00:00:00,-0.220,-0.020,-0.590
9.633,413.9653392,9.633,2,-1.373,-0.865,409.361,-0.539,-0.372,98.561,0.062,-0.053,-12.231,0.417,2.045,0.056,-0.072,-2.421,0.012,0.013,0.007,964.370,12.310,414.903,45.0000000,-122.0000000,415.150,0.000,0.000,0.000,8,00:00:00,0.190,0.050,-0.270
9.683,418.9305312,9.683,2,-1.374,-0.867,414.278,-0.533,-0.368,97.944,0.021,0.008,-12.361,0.374,2.095,0.014,-0.010,-2.551,-0.020,-0.002,0.005,964.350,12.280,415.076,45.0000000,-122.0000000,415.310,0.000,0.000,0.000,8,00:00:00,0.660,-0.310,0.320
9.733,423.86463360000005,9.733,2,-1.374,-0.869,419.296,-0.527,-0.363,97.386,0.007,0.029,-12.210,0.367,2.145,0.000,0.013,-2.400,0.000,-0.003,-0.004,963.340,12.240,423.828,45.0000000,-122.0000000,424.080,0.000,0.000,0.000,8,00:00:00,0.270,-0.390,-0.220
9.783000000000001,428.76856080000005,9.783,2,-1.375,-0.870,424.421,-0.518,-0.358,96.883,0.069,0.036,-12.167,0.399,2.195,0.062,0.019,-2.357,0.006,0.009,-0.001,962.310,12.210,432.760,45.0000000,-122.0000000,433.040,0.000,0.000,0.000,8,00:00:00,-0.300,0.120,-1.160
9.833,433.64170320000005,9.833,2,-1.374,-0.872,429.409,-0.513,-0.353,96.335,-0.014,0.026,-12.177,0.390,2.245,-0.021,0.008,-2.367,0.007,-0.010,0.013,962.100,12.180,434.582,45.0000000,-122.0000000,434.840,0.000,0.000,0.000,8,00:00:00,0.300,0.790,-0.130
9.883,438.4843656,9.883,2,-1.374,-0.873,434.073,-0.508,-0.349,95.675,-0.015,-0.003,-12.149,0.318,2.295,-0.024,-0.018,-2.339,-0.021,-0.015,-0.018,962.530,12.150,430.851,45.0000000,-122.0000000,431.120,0.000,0.000,0.000,8,00:00:00,-0.040,0.300,-1.100
9.933,443.2968528,9.933,2,-1.373,-0.873,438.812,-0.499,-0.342,95.061,0.065,0.080,-12.057,0.293,2.345,0.055,0.066,-2.247,-0.002,-0.010,-0.013,961.630,12.120,438.661,45.0000000,-122.0000000,438.900,0.000,0.000,0.000,8,00:00:00,-0.230,-0.100,-0.220
9.983,448.0791648,9.983,2,-1.371,-0.873,443.568,-0.491,-0.336,94.463,0.034,0.033,-12.082,0.298,2.395,0.023,0.018,-2.272,0.006,-0.004,-0.014,960.930,12.090,444.739,45.0000000,-122.0000000,445.000,0.000,0.000,0.000,8,00:00:00,0.030,0.210,-0.190
10.033000000000001,452.8309968,10.033,2,-1.369,-0.874,448.269,-0.483,-0.337,93.861,0.061,-0.088,-11.996,0.336,2.445,0.052,-0.103,-2.186,0.013,0.006,0.005,960.470,12.060,448.735,45.0000000,-122.0000000,448.960,0.000,0.000,0.000,8,00:00:00,0.480,0.170,-0.740
10.083,457.55326320000006,10.083,2,-1.367,-0.873,453.331,-0.482,-0.331,93.410,-0.090,0.041,-11.960,0.313,2.495,-0.101,0.025,-2.150,0.001,-0.015,0.005,958.640,12.030,464.649,45.0000000,-122.0000000,464.950,0.000,0.000,0.000,8,00:00:00,0.860,-0.420,0.670
10.133,462.2450496,10.133,2,-1.365,-0.873,458.153,-0.473,-0.324,92.878,0.050,0.070,-11.908,0.301,2.545,0.039,0.055,-2.099,-0.004,-0.002,0.009,958.780,12.000,463.430,45.0000000,-122.0000000,463.710,0.000,0.000,0.000,8,00:00:00,-0.260,-0.940,0.450
10.183,466.9072704,10.183,2,-1.362,-0.872,463.196,-0.464,-0.324,92.441,0.078,-0.057,-11.900,0.321,2.595,0.068,-0.072,-2.090,0.009,-0.000,-0.007,957.420,11.960,475.271,45.0000000,-122.0000000,475.530,0.000,0.000,0.000,8,00:00:00,0.040,-0.050,-0.580
10.233,471.5396208,10.233,2,-1.359,-0.872,468.191,-0.463,-0.316,91.996,-0.101,0.084,-11.875,0.347,2.645,-0.112,0.066,-2.065,0.012,-0.004,-0.012,956.930,11.930,479.541,45.0000000,-122.0000000,479.780,0.000,0.000,0.000,8,00:00:00,0.820,0.200,-0.450
10.283000000000001,476.14210080000004,10.283,2,-1.355,-0.870,473.128,-0.459,-0.311,91.533,-0.025,0.019,-11.944,0.340,2.695,-0.037,0.001,-2.134,0.003,-0.013,0.014,956.480,11.910,483.463,45.0000000,-122.0000000,483.730,0.000,0.000,0.000,8,00:00:00,-0.390,-0.300,0.310
10.333,480.7147104,10.333,2,-1.352,-0.869,477.738,-0.453,-0.305,90.957,-0.001,0.058,-11.898,0.371,2.745,-0.010,0.041,-2.088,-0.003,0.030,0.010,956.910,11.880,479.715,45.0000000,-122.0000000,479.990,0.000,0.000,0.000,8,00:00:00,0.530,-0.100,-0.300
10.383,485.2574496,10.383,2,-1.348,-0.867,482.514,-0.446,-0.301,90.458,0.020,0.002,-11.824,0.359,2.795,0.011,-0.014,-2.014,-0.003,-0.003,-0.018,955.750,11.850,489.830,45.0000000,-122.0000000,490.140,0.000,0.000,0.000,8,00:00:00,-0.870,0.520,0.320
10.433,489.77092799999997,10.433,2,-1.344,-0.865,486.994,-0.435,-0.294,89.860,0.116,0.056,-11.735,0.364,2.845,0.108,0.042,-1.925,-0.003,0.008,0.005,956.090,11.820,486.864,45.0000000,-122.0000000,487.190,0.000,0.000,0.000,8,00:00:00,-0.930,-0.150,-1.190
10.483,494.25453600000003,10.483,2,-1.339,-0.863,491.755,-0.428,-0.290,89.377,0.026,0.018,-11.816,0.349,2.895,0.016,0.002,-2.007,-0.000,-0.009,-0.022,954.570,11.790,500.129,45.0000000,-122.0000000,500.460,0.000,0.000,0.000,8,00:00:00,-0.820,-0.860,-0.210
10.533000000000001,498.7085784,10.533,2,-1.335,-0.860,496.142,-0.424,-0.289,88.760,-0.025,-0.051,-11.830,0.344,2.945,-0.034,-0.067,-2.020,0.001,-0.005,-0.016,955.160,11.760,494.978,45.0000000,-122.0000000,495.290,0.000,0.000,0.000,8,00:00:00,-0.350,0.650,0.430
10.583,503.13305520000006,10.583,2,-1.330,-0.858,500.700,-0.419,-0.287,88.222,-0.017,-0.028,-11.774,0.344,2.995,-0.027,-0.044,-1.964,0.002,-0.004,-0.017,954.010,11.730,505.021,45.0000000,-122.0000000,505.350,0.000,0.000,0.000,8,00:00:00,0.750,0.140,-0.270
10.633,507.5282712,10.633,2,-1.324,-0.855,505.095,-0.410,-0.283,87.637,0.063,-0.008,-11.707,0.348,3.045,0.054,-0.022,-1.897,-0.005,0.011,0.006,953.930,11.700,505.720,45.0000000,-122.0000000,506.030,0.000,0.000,0.000,8,00:00:00,0.440,0.720,0.490
10.683,511.89392160000006,10.683,2,-1.319,-0.853,509.638,-0.407,-0.279,87.116,-0.040,0.011,-11.741,0.364,3.095,-0.048,-0.005,-1.931,0.003,0.005,0.002,952.860,11.670,515.073,45.0000000,-122.0000000,515.350,0.000,0.000,0.000,8,00:00:00,0.530,0.520,0.700
10.733,516.230616,10.733,2,-1.313,-0.850,513.926,-0.401,-0.279,86.520,0.007,-0.078,-11.520,0.389,3.145,0.001,-0.092,-1.710,-0.001,0.015,0.015,953.080,11.640,513.149,45.0000000,-122.0000000,513.490,0.000,0.000,0.000,8,00:00:00,-0.260,-0.380,-1.430
10.783000000000001,520.5377448,10.783,2,-1.307,-0.847,518.038,-0.399,-0.275,85.862,-0.075,0.013,-11.641,0.399,3.195,-0.082,-0.003,-1.831,0.004,0.001,0.003,953.060,11.620,513.324,45.0000000,-122.0000000,513.630,0.000,0.000,0.000,8,00:00:00,-0.850,-0.850,0.070
10.833,524.8162224,10.833,2,-1.301,-0.844,522.544,-0.392,-0.273,85.368,0.034,-0.030,-11.608,0.419,3.245,0.028,-0.045,-1.797,0.009,0.001,-0.000,951.230,11.590,529.337,45.0000000,-122.0000000,529.670,0.000,0.000,0.000,8,00:00:00,0.520,0.550,0.060
10.883,529.0654392,10.883,2,-1.295,-0.841,526.749,-0.388,-0.269,84.770,-0.033,0.021,-11.594,0.434,3.295,-0.039,0.005,-1.784,0.007,-0.001,-0.009,951.600,11.560,526.098,45.0000000,-122.0000000,526.370,0.000,0.000,0.000,8,00:00:00,0.280,0.900,1.100
10.933,533.2860048,10.933,2,-1.289,-0.838,530.891,-0.382,-0.266,84.165,0.000,-0.019,-11.471,0.449,3.345,-0.005,-0.034,-1.661,0.003,0.005,-0.007,951.230,11.530,529.337,45.0000000,-122.0000000,529.640,0.000,0.000,0.000,8,00:00:00,-0.800,-0.190,0.160
10.983,537.4776144,10.983,2,-1.282,-0.834,535.053,-0.377,-0.261,83.579,0.001,0.021,-11.483,0.451,3.395,-0.004,0.006,-1.674,-0.007,0.010,-0.010,950.600,11.510,534.856,45.0000000,-122.0000000,535.150,0.000,0.000,0.000,8,00:00:00,-0.090,0.080,1.010
11.033000000000001,541.6402680000001,11.033,2,-1.275,-0.831,539.396,-0.375,-0.257,83.069,-0.066,0.026,-11.541,0.415,3.445,-0.072,0.011,-1.731,-0.010,-0.008,-0.015,949.460,11.480,544.850,45.0000000,-122.0000000,545.170,0.000,0.000,0.000,8,00:00:00,-0.690,-0.010,0.190
11.083,545.7745752,11.083,2,-1.269,-0.827,543.309,-0.374,-0.253,82.407,-0.088,-0.003,-11.534,0.418,3.495,-0.093,-0.018,-1.724,0.000,0.001,-0.010,950.250,11.450,537.923,45.0000000,-122.0000000,538.250,0.000,0.000,0.000,8,00:00:00,0.110,-0.630,0.220
11.133,549.8799264,11.133,2,-1.262,-0.823,547.431,-0.372,-0.250,81.841,-0.067,-0.003,-11.441,0.413,3.545,-0.072,-0.017,-1.631,0.002,-0.004,0.015,949.040,11.430,548.534,45.0000000,-122.0000000,548.860,0.000,0.000,0.000,8,00:00:00,-0.530,0.820,0.080
11.183,553.9566264,11.183,2,-1.256,-0.819,551.412,-0.364,-0.248,81.228,0.041,-0.037,-11.540,0.396,3.595,0.036,-0.049,-1.730,-0.013,0.006,0.013,948.930,11.400,549.499,45.0000000,-122.0000000,549.840,0.000,0.000,0.000,8,00:00:00,-0.800,0.380,0.230
11.233,558.00498,11.233,2,-1.249,-0.815,555.563,-0.366,-0.244,80.697,-0.140,0.009,-11.402,0.436,3.645,-0.144,-0.005,-1.591,0.007,0.013,-0.007,947.850,11.370,558.980,45.0000000,-122.0000000,559.280,0.000,0.000,0.000,8,00:00:00,-0.230,-0.200,-0.040
11.283000000000001,562.0246824000001,11.283,2,-1.242,-0.811,559.661,-0.359,-0.239,80.162,0.031,0.044,-11.286,0.445,3.695,0.026,0.031,-1.477,0.018,-0.015,-0.008,947.460,11.350,562.406,45.0000000,-122.0000000,562.740,0.000,0.000,0.000,8,00:00:00,0.430,0.020,0.140
11.333,566.0157336000001,11.333,2,-1.235,-0.806,563.382,-0.353,-0.235,79.489,0.014,0.010,-11.410,0.433,3.745,0.009,-0.004,-1.600,-0.008,0.003,-0.009,948.100,11.320,556.785,45.0000000,-122.0000000,557.100,0.000,0.000,0.000,8,00:00:00,1.070,1.350,-0.430
11.383,569.9784384000001,11.383,2,-1.228,-0.802,567.716,-0.347,-0.231,79.062,0.010,-0.004,-11.335,0.469,3.795,0.005,-0.018,-1.524,0.022,-0.009,-0.016,945.650,11.300,578.320,45.0000000,-122.0000000,578.620,0.000,0.000,0.000,8,00:00:00,0.630,-0.200,-0.170
11.433,573.9127968,11.433,2,-1.221,-0.797,571.515,-0.340,-0.229,78.440,0.051,-0.021,-11.401,0.445,3.845,0.046,-0.035,-1.591,-0.012,0.002,-0.005,946.770,11.270,568.470,45.0000000,-122.0000000,568.800,0.000,0.000,0.000,8,00:00:00,0.120,0.110,0.170
11.483,577.8185040000001,11.483,2,-1.213,-0.793,575.440,-0.334,-0.225,77.883,0.011,0.009,-11.261,0.449,3.895,0.008,-0.003,-1.451,-0.011,0.015,0.008,945.850,11.240,576.561,45.0000000,-122.0000000,576.910,0.000,0.000,0.000,8,00:00:00,-0.820,0.450,-0.260
11.533000000000001,581.6961696000001,11.533,2,-1.205,-0.788,579.442,-0.332,-0.217,77.363,-0.059,0.091,-11.324,0.359,3.945,-0.065,0.079,-1.514,-0.022,-0.023,0.003,945.080,11.220,583.337,45.0000000,-122.0000000,583.700,0.000,0.000,0.000,8,00:00:00,-0.030,-0.150,0.410
11.583,585.5454888,11.583,2,-1.197,-0.783,583.382,-0.323,-0.215,76.831,0.063,-0.027,-11.283,0.383,3.995,0.058,-0.038,-1.473,0.003,0.009,-0.014,944.740,11.190,586.331,45.0000000,-122.0000000,586.680,0.000,0.000,0.000,8,00:00:00,-0.550,-0.710,-0.070
11.633,589.3667664,11.633,2,-1.190,-0.778,587.000,-0.322,-0.208,76.193,-0.074,0.080,-11.193,0.388,4.045,-0.079,0.070,-1.383,-0.012,0.013,0.000,945.220,11.170,582.105,45.0000000,-122.0000000,582.420,0.000,0.000,0.000,8,00:00:00,-0.390,-0.280,0.000
11.683,593.1600024,11.683,2,-1.182,-0.772,590.734,-0.319,-0.202,75.605,-0.046,0.051,-11.291,0.337,4.095,-0.051,0.041,-1.481,-0.019,-0.008,0.005,944.350,11.140,589.766,45.0000000,-122.0000000,590.150,0.000,0.000,0.000,8,00:00:00,0.760,0.250,-0.000
11.733,596.924892,11.733,2,-1.174,-0.767,594.615,-0.310,-0.201,75.090,0.090,-0.043,-11.163,0.357,4.145,0.087,-0.049,-1.353,-0.003,0.010,-0.016,943.380,11.120,598.314,45.0000000,-122.0000000,598.640,0.000,0.000,0.000,8,00:00:00,0.230,0.120,-0.950
11.783000000000001,600.6620448,11.783,2,-1.165,-0.762,598.159,-0.304,-0.201,74.459,0.017,-0.065,-11.152,0.358,4.195,0.015,-0.072,-1.341,-0.000,0.000,-0.006,943.910,11.100,593.642,45.0000000,-122.0000000,593.990,0.000,0.000,0.000,8,00:00:00,-0.600,-0.410,-0.010
11.833,604.371156,11.833,2,-1.157,-0.756,602.007,-0.298,-0.197,73.951,0.018,0.006,-11.189,0.289,4.245,0.012,-0.002,-1.379,0.003,-0.030,-0.011,942.470,11.070,606.340,45.0000000,-122.0000000,606.720,0.000,0.000,0.000,8,00:00:00,0.300,0.110,-0.590
11.883,608.0525304,11.883,2,-1.148,-0.751,605.330,-0.296,-0.191,73.258,-0.067,0.054,-11.149,0.301,4.295,-0.072,0.045,-1.339,-0.009,0.011,-0.004,943.590,11.050,596.463,45.0000000,-122.0000000,596.830,0.000,0.000,0.000,8,00:00:00,-0.890,-0.310,0.260
11.933,611.7058632000001,11.933,2,-1.140,-0.745,609.023,-0.291,-0.185,72.721,0.002,0.058,-11.079,0.321,4.345,-0.004,0.050,-1.270,0.017,-0.003,0.001,941.960,11.020,610.841,45.0000000,-122.0000000,611.170,0.000,0.000,0.000,8,00:00:00,0.510,0.280,-1.090
11.983,615.331764,11.983,2,-1.131,-0.739,612.462,-0.285,-0.184,72.096,0.036,-0.036,-11.118,0.364,4.395,0.033,-0.045,-1.308,0.014,0.008,-0.008,942.250,11.000,608.281,45.0000000,-122.0000000,608.630,0.000,0.000,0.000,8,00:00:00,-0.430,-0.010,0.300
12.033000000000001,618.9296232,12.033,2,-1.122,-0.733,616.273,-0.278,-0.185,71.624,0.041,-0.083,-11.098,0.296,4.445,0.036,-0.090,-1.288,-0.015,-0.018,0.024,940.610,10.980,622.765,45.0000000,-122.0000000,623.140,0.000,0.000,0.000,8,00:00:00,-0.310,-0.720,0.950
12.083,622.5003552000001,12.083,2,-1.114,-0.728,619.694,-0.274,-0.177,71.018,-0.031,0.089,-11.012,0.312,4.495,-0.037,0.081,-1.202,0.000,0.007,-0.006,941.320,10.950,616.492,45.0000000,-122.0000000,616.870,0.000,0.000,0.000,8,00:00:00,-0.410,0.110,0.260
12.133,626.0430456,12.133,2,-1.105,-0.722,622.961,-0.273,-0.174,70.366,-0.072,-0.003,-11.008,0.337,4.545,-0.075,-0.011,-1.198,-0.007,0.016,-0.004,941.320,10.930,616.492,45.0000000,-122.0000000,616.820,0.000,0.000,0.000,8,00:00:00,-0.740,0.500,-0.270
12.183,629.5586088000001,12.183,2,-1.096,-0.716,626.500,-0.269,-0.167,69.830,-0.020,0.090,-10.982,0.368,4.595,-0.024,0.082,-1.172,0.002,0.011,0.000,940.010,10.910,628.068,45.0000000,-122.0000000,628.440,0.000,0.000,0.000,8,00:00:00,-1.250,0.390,0.280
12.233,633.0464352,12.233,2,-1.087,-0.709,629.961,-0.266,-0.160,69.277,-0.019,0.079,-10.932,0.356,4.645,-0.022,0.072,-1.122,-0.008,-0.000,-0.005,939.770,10.890,630.191,45.0000000,-122.0000000,630.570,0.000,0.000,0.000,8,00:00:00,0.300,0.480,-0.300
12.283000000000001,636.5068296000001,12.283,2,-1.078,-0.703,633.353,-0.260,-0.155,68.705,0.014,0.024,-11.012,0.358,4.695,0.011,0.017,-1.202,-0.001,0.001,0.001,939.510,10.860,632.490,45.0000000,-122.0000000,632.860,0.000,0.000,0.000,8,00:00:00,0.930,0.670,-0.500
12.333,639.939792,12.333,2,-1.069,-0.696,636.461,-0.258,-0.154,68.042,-0.038,-0.041,-10.918,0.411,4.745,-0.039,-0.048,-1.108,0.015,0.013,-0.001,939.920,10.840,628.864,45.0000000,-122.0000000,629.220,0.000,0.000,0.000,8,00:00:00,-0.310,-0.390,0.280
12.383,643.3456272,12.383,2,-1.060,-0.690,639.847,-0.252,-0.150,67.491,0.027,0.027,-10.986,0.375,4.795,0.024,0.020,-1.176,-0.002,-0.013,-0.005,938.610,10.820,640.455,45.0000000,-122.0000000,640.810,0.000,0.000,0.000,8,00:00:00,-0.850,-0.190,0.170
12.433,646.7237256000001,12.433,2,-1.051,-0.683,643.546,-0.245,-0.148,67.071,0.047,-0.008,-10.944,0.383,4.845,0.045,-0.014,-1.134,0.002,0.002,-0.004,937.180,10.800,653.122,45.0000000,-122.0000000,653.510,0.000,0.000,0.000,8,00:00:00,0.210,0.570,0.080
12.483,650.0750016,12.483,2,-1.042,-0.677,646.893,-0.243,-0.149,66.532,-0.059,-0.083,-10.827,0.327,4.895,-0.061,-0.090,-1.016,-0.007,-0.019,-0.003,937.790,10.770,647.716,45.0000000,-122.0000000,648.120,0.000,0.000,0.000,8,00:00:00,0.080,-0.780,-0.390
12.533000000000001,653.3985408,12.533,2,-1.033,-0.670,650.038,-0.244,-0.144,65.922,-0.098,0.040,-10.939,0.336,4.945,-0.102,0.033,-1.129,-0.012,0.010,0.004,937.950,10.750,646.299,45.0000000,-122.0000000,646.640,0.000,0.000,0.000,8,00:00:00,-1.340,-0.600,-0.810
12.583,656.6952576000001,12.583,2,-1.024,-0.664,653.202,-0.244,-0.139,65.338,-0.096,0.035,-10.788,0.281,4.995,-0.100,0.029,-0.978,-0.012,-0.015,0.004,937.450,10.730,650.729,45.0000000,-122.0000000,651.140,0.000,0.000,0.000,8,00:00:00,0.390,0.060,-0.280
12.633,659.9648472,12.633,2,-1.015,-0.657,656.247,-0.239,-0.134,64.720,0.001,0.040,-10.808,0.289,5.045,-0.003,0.034,-0.999,0.019,-0.007,-0.011,937.370,10.710,651.438,45.0000000,-122.0000000,651.830,0.000,0.000,0.000,8,00:00:00,0.590,-0.400,-0.560
12.683,663.2070048,12.683,2,-1.006,-0.650,659.638,-0.231,-0.129,64.242,0.080,0.041,-10.825,0.331,5.095,0.075,0.036,-1.016,0.018,0.005,0.010,935.870,10.690,664.739,45.0000000,-122.0000000,665.110,0.000,0.000,0.000,8,00:00:00,0.260,-0.430,-0.020
12.733,666.4223400000001,12.733,2,-0.997,-0.643,662.797,-0.226,-0.125,63.683,0.013,0.038,-10.873,0.316,5.145,0.009,0.031,-1.063,-0.003,-0.005,-0.002,936.130,10.670,662.433,45.0000000,-122.0000000,662.860,0.000,0.000,0.000,8,00:00:00,-0.180,0.120,0.440
12.783000000000001,669.6105480000001,12.783,2,-0.988,-0.636,665.866,-0.223,-0.118,63.106,-0.021,0.084,-10.786,0.286,5.195,-0.026,0.077,-0.977,-0.003,-0.011,-0.006,935.970,10.650,663.852,45.0000000,-122.0000000,664.270,0.000,0.000,0.000,8,00:00:00,0.520,-0.270,0.110
12.833,672.7719336,12.833,2,-0.979,-0.629,668.733,-0.222,-0.116,62.461,-0.072,-0.021,-10.836,0.271,5.245,-0.076,-0.029,-1.025,0.001,-0.009,-0.004,936.160,10.630,662.166,45.0000000,-122.0000000,662.590,0.000,0.000,0.000,8,00:00:00,-0.100,-0.050,-0.010
12.883,675.906192,12.883,2,-0.970,-0.622,671.997,-0.219,-0.111,61.978,-0.022,0.055,-10.819,0.295,5.295,-0.028,0.048,-1.010,0.010,0.001,-0.008,934.520,10.610,676.726,45.0000000,-122.0000000,677.110,0.000,0.000,0.000,8,00:00:00,0.150,0.720,-0.210
12.933,679.0133232000001,12.933,2,-0.961,-0.615,675.056,-0.215,-0.110,61.429,-0.015,-0.041,-10.785,0.277,5.345,-0.019,-0.048,-0.975,-0.009,0.000,0.012,934.710,10.590,675.038,45.0000000,-122.0000000,675.450,0.000,0.000,0.000,8,00:00:00,-0.370,0.140,0.140
12.983,682.0939368,12.983,2,-0.952,-0.608,678.270,-0.212,-0.109,60.951,-0.011,-0.040,-10.720,0.342,5.395,-0.014,-0.047,-0.909,0.017,0.015,-0.026,933.810,10.570,683.035,45.0000000,-122.0000000,683.420,0.000,0.000,0.000,8,00:00:00,0.520,-0.410,0.120
13.033,685.1474232,13.033,2,-0.943,-0.601,681.083,-0.207,-0.106,60.332,0.014,0.011,-10.715,0.339,5.445,0.010,0.004,-0.905,0.009,-0.013,0.004,934.610,10.550,675.926,45.0000000,-122.0000000,676.300,0.000,0.000,0.000,8,00:00:00,-0.470,-1.490,0.760
13.083,688.174392,13.083,2,-0.934,-0.594,684.141,-0.201,-0.103,59.819,0.041,0.015,-10.677,0.310,5.495,0.037,0.009,-0.867,-0.015,0.003,0.002,933.450,10.530,686.236,45.0000000,-122.0000000,686.680,0.000,0.000,0.000,8,00:00:00,0.420,0.350,0.750
13.133,691.1745384,13.133,2,-0.925,-0.587,687.101,-0.197,-0.099,59.281,0.004,0.018,-10.620,0.303,5.545,0.000,0.013,-0.810,0.001,-0.006,0.011,933.330,10.510,687.303,45.0000000,-122.0000000,687.690,0.000,0.000,0.000,8,00:00:00,-0.310,0.190,-0.630
13.183,694.1481672000001,13.183,2,-0.916,-0.580,689.933,-0.194,-0.096,58.707,-0.035,0.012,-10.597,0.357,5.595,-0.038,0.006,-0.787,-0.006,0.033,-0.009,933.310,10.490,687.481,45.0000000,-122.0000000,687.910,0.000,0.000,0.000,8,00:00:00,-0.360,-0.480,-0.070
13.233,697.0949736,13.233,2,-0.907,-0.573,693.025,-0.188,-0.096,58.239,0.056,-0.036,-10.637,0.339,5.645,0.054,-0.041,-0.827,-0.009,-0.002,0.015,932.110,10.470,698.159,45.0000000,-122.0000000,698.580,0.000,0.000,0.000,8,00:00:00,0.210,-0.700,-0.230
13.283,700.0152624,13.283,2,-0.897,-0.566,695.887,-0.184,-0.097,57.695,-0.004,-0.081,-10.597,0.312,5.695,-0.005,-0.086,-0.787,-0.022,0.003,-0.005,932.400,10.450,695.577,45.0000000,-122.0000000,696.020,0.000,0.000,0.000,8,00:00:00,-0.090,-0.240,-0.750
13.333,702.9090336,13.333,2,-0.888,-0.559,698.483,-0.180,-0.090,57.061,-0.000,0.087,-10.622,0.294,5.745,-0.004,0.083,-0.812,-0.005,-0.005,0.002,932.810,10.430,691.929,45.0000000,-122.0000000,692.360,0.000,0.000,0.000,8,00:00:00,0.130,-0.060,-0.150
13.383,705.7762872000001,13.383,2,-0.879,-0.552,701.463,-0.178,-0.088,56.583,-0.039,0.008,-10.608,0.306,5.795,-0.041,0.004,-0.798,0.007,0.001,-0.003,931.250,10.410,705.818,45.0000000,-122.0000000,706.210,0.000,0.000,0.000,8,00:00:00,-0.000,-0.090,-0.340
13.433,708.6170232000001,13.433,2,-0.870,-0.545,704.400,-0.175,-0.085,56.099,-0.006,0.003,-10.592,0.295,5.845,-0.009,-0.002,-0.782,-0.001,-0.003,-0.017,930.980,10.390,708.224,45.0000000,-122.0000000,708.630,0.000,0.000,0.000,8,00:00:00,-0.510,-0.130,0.600
13.483,711.4312416,13.483,2,-0.861,-0.538,707.162,-0.176,-0.085,55.557,-0.101,-0.041,-10.612,0.292,5.895,-0.103,-0.046,-0.801,-0.021,0.007,0.016,931.110,10.380,707.065,45.0000000,-122.0000000,707.510,0.000,0.000,0.000,8,00:00:00,0.400,-0.070,-0.720
13.533,714.2192472,13.533,2,-0.852,-0.531,709.981,-0.172,-0.080,55.052,0.013,0.052,-10.513,0.287,5.945,0.009,0.049,-0.703,0.009,-0.005,0.001,930.550,10.360,712.056,45.0000000,-122.0000000,712.440,0.000,0.000,0.000,8,00:00:00,-0.210,-0.000,0.170
13.583,716.9810400000001,13.583,2,-0.843,-0.524,712.904,-0.169,-0.078,54.598,-0.025,-0.009,-10.451,0.308,5.995,-0.026,-0.012,-0.641,-0.016,0.012,-0.003,929.840,10.340,718.388,45.0000000,-122.0000000,718.780,0.000,0.000,0.000,8,00:00:00,0.210,-0.790,1.250
13.633,719.7163152,13.633,2,-0.834,-0.517,715.780,-0.168,-0.075,54.130,-0.047,0.006,-10.563,0.322,6.045,-0.049,0.002,-0.753,-0.006,0.006,0.001,929.590,10.320,720.618,45.0000000,-122.0000000,721.040,0.000,0.000,0.000,8,00:00:00,0.530,0.080,-0.220
13.683,722.4250728000001,13.683,2,-0.825,-0.510,718.357,-0.164,-0.072,53.564,-0.007,0.016,-10.456,0.301,6.095,-0.009,0.014,-0.646,0.007,-0.009,0.006,930.110,10.300,715.979,45.0000000,-122.0000000,716.370,0.000,0.000,0.000,8,00:00:00,0.190,0.320,-0.340
13.733,725.1079224000001,13.733,2,-0.816,-0.504,720.970,-0.161,-0.072,53.020,-0.000,-0.045,-10.469,0.285,6.145,-0.002,-0.048,-0.658,0.010,-0.008,-0.008,929.630,10.290,720.261,45.0000000,-122.0000000,720.640,0.000,0.000,0.000,8,00:00:00,-0.910,-0.210,0.530
13.783,727.7642544,13.783,2,-0.807,-0.497,723.346,-0.155,-0.068,52.399,0.039,0.045,-10.455,0.260,6.195,0.036,0.043,-0.645,-0.019,-0.004,-0.013,929.980,10.270,717.139,45.0000000,-122.0000000,717.520,0.000,0.000,0.000,8,00:00:00,0.460,0.650,0.320
13.833,730.3943736,13.833,2,-0.798,-0.490,726.030,-0.149,-0.064,51.903,0.056,0.036,-10.508,0.254,6.245,0.053,0.034,-0.699,-0.001,-0.002,-0.011,928.680,10.250,728.740,45.0000000,-122.0000000,729.210,0.000,0.000,0.000,8,00:00:00,-0.330,0.180,0.040
13.883,732.99828,13.883,2,-0.789,-0.483,728.438,-0.143,-0.066,51.310,0.055,-0.093,-10.559,0.238,6.295,0.054,-0.094,-0.749,0.002,-0.006,0.007,929.150,10.240,724.544,45.0000000,-122.0000000,724.930,0.000,0.000,0.000,8,00:00:00,0.640,-0.490,0.330
13.933,735.5759736,13.933,2,-0.780,-0.476,731.071,-0.139,-0.066,50.817,0.017,-0.031,-10.455,0.185,6.345,0.014,-0.033,-0.645,0.003,-0.019,-0.002,928.110,10.220,733.831,45.0000000,-122.0000000,734.260,0.000,0.000,0.000,8,00:00:00,0.270,0.140,0.770
13.983,738.1274544,13.983,2,-0.771,-0.470,733.668,-0.137,-0.069,50.318,-0.035,-0.101,-10.493,0.211,6.395,-0.037,-0.104,-0.683,-0.002,0.010,-0.006,927.850,10.200,736.154,45.0000000,-122.0000000,736.620,0.000,0.000,0.000,8,00:00:00,-0.050,0.610,-1.210
14.033,740.6530272,14.033,2,-0.762,-0.464,736.087,-0.131,-0.070,49.763,0.055,-0.063,-10.483,0.188,6.445,0.053,-0.065,-0.673,-0.006,-0.007,0.004,928.030,10.190,734.546,45.0000000,-122.0000000,735.020,0.000,0.000,0.000,8,00:00:00,0.230,-1.380,-0.730
14.083,743.152692,14.083,2,-0.752,-0.458,738.458,-0.129,-0.071,49.203,-0.037,-0.054,-10.417,0.181,6.495,-0.039,-0.056,-0.607,-0.018,-0.003,0.007,927.820,10.170,736.422,45.0000000,-122.0000000,736.820,0.000,0.000,0.000,8,00:00:00,-0.810,0.590,-0.280
14.133,745.6261440000001,14.133,2,-0.743,-0.452,740.861,-0.124,-0.070,48.671,0.051,-0.027,-10.315,0.125,6.545,0.048,-0.028,-0.505,0.014,-0.019,-0.002,927.380,10.150,740.355,45.0000000,-122.0000000,740.760,0.000,0.000,0.000,8,00:00:00,-0.300,0.310,0.500
14.183,748.0733832000001,14.183,2,-0.734,-0.446,743.580,-0.120,-0.066,48.263,0.004,0.043,-10.400,0.115,6.595,-0.000,0.041,-0.590,-0.007,-0.004,0.001,926.070,10.140,752.072,45.0000000,-122.0000000,752.490,0.000,0.000,0.000,8,00:00:00,-0.120,-0.050,0.290
14.233,750.4950192,14.233,2,-0.725,-0.440,745.545,-0.114,-0.064,47.583,0.064,0.007,-10.327,0.196,6.645,0.061,0.006,-0.517,0.002,0.029,-0.005,928.000,10.120,734.814,45.0000000,-122.0000000,735.240,0.000,0.000,0.000,8,00:00:00,-0.140,-0.310,0.150
14.283,752.8904424,14.283,2,-0.715,-0.434,747.866,-0.107,-0.065,47.048,0.062,-0.062,-10.354,0.150,6.695,0.060,-0.063,-0.544,0.002,-0.016,0.018,926.600,10.110,747.330,45.0000000,-122.0000000,747.740,0.000,0.000,0.000,8,00:00:00,0.160,0.120,0.800
14.333,755.2602624,14.333,2,-0.706,-0.428,750.368,-0.104,-0.061,46.592,0.003,0.045,-10.343,0.191,6.745,-0.001,0.043,-0.534,-0.005,0.014,0.005,925.710,10.090,755.294,45.0000000,-122.0000000,755.710,0.000,0.000,0.000,8,00:00:00,0.900,-0.180,-0.190
14.383,757.6041744,14.383,2,-0.697,-0.423,752.990,-0.103,-0.056,46.191,-0.044,0.065,-10.320,0.175,6.795,-0.047,0.063,-0.510,-0.001,-0.006,0.007,925.000,10.080,761.653,45.0000000,-122.0000000,762.120,0.000,0.000,0.000,8,00:00:00,-1.540,-0.180,0.090
14.433,759.9224832000001,14.433,2,-0.687,-0.417,755.378,-0.099,-0.054,45.709,0.027,-0.009,-10.326,0.149,6.845,0.025,-0.010,-0.516,-0.016,-0.014,0.008,925.360,10.060,758.428,45.0000000,-122.0000000,758.870,0.000,0.000,0.000,8,00:00:00,-0.120,-1.510,-0.070
14.483,762.214884,14.483,2,-0.678,-0.411,757.701,-0.099,-0.057,45.211,-0.069,-0.085,-10.341,0.111,6.895,-0.071,-0.087,-0.530,0.006,-0.012,-0.007,925.220,10.050,759.682,45.0000000,-122.0000000,760.160,0.000,0.000,0.000,8,00:00:00,-0.780,0.940,-0.380
14.533,764.4813768,14.533,2,-0.669,-0.405,759.769,-0.095,-0.056,44.632,0.021,-0.029,-10.231,0.155,6.945,0.019,-0.030,-0.421,-0.004,0.015,0.010,925.660,10.030,755.742,45.0000000,-122.0000000,756.140,0.000,0.000,0.000,8,00:00:00,-0.280,-0.420,-0.250
14.583,766.7225712000001,14.583,2,-0.660,-0.400,762.291,-0.091,-0.053,44.236,0.028,0.034,-10.180,0.139,6.995,0.026,0.033,-0.370,0.010,-0.003,0.006,923.970,10.020,770.883,45.0000000,-122.0000000,771.310,0.000,0.000,0.000,8,00:00:00,-0.840,-0.300,-0.010
14.633,768.9378576000001,14.633,2,-0.651,-0.394,764.288,-0.090,-0.050,43.649,-0.034,0.031,-10.233,0.117,7.045,-0.037,0.030,-0.423,-0.009,-0.012,0.005,925.220,10.000,759.682,45.0000000,-122.0000000,760.120,0.000,0.000,0.000,8,00:00:00,-0.470,-0.020,0.460
14.683,771.1275408,14.683,2,-0.642,-0.388,766.511,-0.087,-0.049,43.155,-0.004,-0.029,-10.269,0.126,7.095,-0.006,-0.030,-0.459,0.001,0.004,-0.012,924.230,9.990,768.552,45.0000000,-122.0000000,769.000,0.000,0.000,0.000,8,00:00:00,0.650,-0.380,0.340
14.733,773.2916208,14.733,2,-0.633,-0.383,768.713,-0.087,-0.051,42.665,-0.047,-0.071,-10.235,0.102,7.145,-0.049,-0.072,-0.424,-0.005,-0.014,0.013,923.970,9.970,770.883,45.0000000,-122.0000000,771.300,0.000,0.000,0.000,8,00:00:00,-0.150,0.380,-0.400
14.783,775.4300976,14.783,2,-0.624,-0.377,770.758,-0.085,-0.048,42.124,-0.014,0.034,-10.253,0.103,7.195,-0.018,0.033,-0.443,0.000,0.001,-0.011,924.130,9.960,769.449,45.0000000,-122.0000000,769.890,0.000,0.000,0.000,8,00:00:00,0.650,0.410,0.320
14.833,777.5429712000001,14.833,2,-0.615,-0.372,772.870,-0.081,-0.044,41.624,0.027,0.040,-10.148,0.086,7.245,0.024,0.040,-0.338,0.006,-0.003,0.018,923.620,9.950,774.022,45.0000000,-122.0000000,774.500,0.000,0.000,0.000,8,00:00:00,-0.280,-0.130,0.500
14.883,779.6302416000001,14.883,2,-0.607,-0.366,774.996,-0.071,-0.041,41.130,0.133,0.033,-10.309,0.089,7.295,0.129,0.034,-0.500,-0.012,-0.018,0.017,923.270,9.930,777.162,45.0000000,-122.0000000,777.640,0.000,0.000,0.000,8,00:00:00,0.970,-0.410,-0.520
14.933,781.6922136000001,14.933,2,-0.598,-0.361,776.917,-0.069,-0.042,40.573,0.001,-0.045,-10.223,0.110,7.345,-0.002,-0.045,-0.413,-0.005,0.008,-0.004,923.580,9.920,774.381,45.0000000,-122.0000000,774.820,0.000,0.000,0.000,8,00:00:00,-0.450,-0.120,0.450
14.983,783.7285824,14.983,2,-0.589,-0.355,778.999,-0.065,-0.039,40.089,0.015,0.011,-10.161,0.087,7.395,0.013,0.011,-0.351,0.009,0.000,-0.003,922.800,9.910,781.379,45.0000000,-122.0000000,781.840,0.000,0.000,0.000,8,00:00:00,-0.150,0.700,-0.540
15.033,785.7393480000001,15.033,2,-0.580,-0.350,780.835,-0.058,-0.038,39.523,0.085,0.004,-10.163,0.102,7.445,0.082,0.004,-0.354,-0.004,0.003,-0.013,923.240,9.890,777.431,45.0000000,-122.0000000,777.880,0.000,0.000,0.000,8,00:00:00,0.130,-0.380,-0.510
15.083,787.7248152,15.083,2,-0.570,-0.345,782.758,-0.052,-0.032,39.000,0.077,0.077,-10.148,0.086,7.495,0.073,0.078,-0.338,0.007,0.001,0.016,922.690,9.880,782.366,45.0000000,-122.0000000,782.870,0.000,0.000,0.000,8,00:00:00,1.430,0.290,-0.830
15.133,789.684984,15.133,2,-0.561,-0.339,784.522,-0.050,-0.029,38.428,-0.005,0.033,-10.142,0.069,7.545,-0.008,0.032,-0.332,0.028,0.005,0.004,922.880,9.870,780.661,45.0000000,-122.0000000,781.080,0.000,0.000,0.000,8,00:00:00,-0.830,0.150,-0.040
15.183,791.6195496,15.183,2,-0.552,-0.333,786.637,-0.045,-0.024,38.001,0.047,0.077,-10.094,0.064,7.595,0.044,0.076,-0.284,0.014,-0.012,-0.013,921.540,9.850,792.694,45.0000000,-122.0000000,793.200,0.000,0.000,0.000,8,00:00:00,-0.200,-0.260,0.080
15.233,793.5288168,15.233,2,-0.543,-0.328,788.514,-0.043,-0.025,37.493,-0.008,-0.063,-10.083,0.074,7.645,-0.010,-0.064,-0.272,0.006,-0.005,0.003,921.960,9.840,788.921,45.0000000,-122.0000000,789.380,0.000,0.000,0.000,8,00:00:00,-0.600,0.070,0.690
15.283,795.4127856,15.283,2,-0.534,-0.322,790.351,-0.040,-0.027,36.973,0.017,-0.059,-10.205,0.078,7.695,0.014,-0.060,-0.394,0.002,-0.009,0.008,921.800,9.830,790.358,45.0000000,-122.0000000,790.820,0.000,0.000,0.000,8,00:00:00,-0.330,-0.600,-0.240
15.333,797.2711512000001,15.333,2,-0.525,-0.317,792.238,-0.040,-0.026,36.486,-0.057,-0.001,-10.124,0.113,7.745,-0.059,-0.003,-0.313,0.011,0.014,0.008,921.370,9.820,794.222,45.0000000,-122.0000000,794.710,0.000,0.000,0.000,8,00:00:00,-0.170,-0.360,0.060
15.383,799.1042184000001,15.383,2,-0.516,-0.312,793.932,-0.039,-0.027,35.932,-0.021,-0.050,-10.206,0.067,7.795,-0.024,-0.051,-0.396,-0.014,-0.015,0.010,921.670,9.810,791.526,45.0000000,-122.0000000,792.020,0.000,0.000,0.000,8,00:00:00,-0.460,0.140,-0.080
15.433,800.9119872000001,15.433,2,-0.507,-0.307,795.636,-0.035,-0.024,35.397,0.029,0.025,-10.094,0.099,7.845,0.026,0.024,-0.284,0.009,-0.009,0.024,921.370,9.790,794.222,45.0000000,-122.0000000,794.670,0.000,0.000,0.000,8,00:00:00,0.490,-0.790,0.020
15.483,802.6944576000001,15.483,2,-0.498,-0.301,797.431,-0.037,-0.023,34.906,-0.083,-0.004,-10.099,0.110,7.895,-0.086,-0.006,-0.288,-0.013,-0.020,0.007,920.830,9.780,799.076,45.0000000,-122.0000000,799.520,0.000,0.000,0.000,8,00:00:00,-0.350,0.480,0.260
15.533,804.4516296,15.533,2,-0.490,-0.296,799.630,-0.036,-0.022,34.577,-0.025,-0.006,-10.080,0.098,7.945,-0.028,-0.008,-0.270,-0.005,0.002,-0.006,919.340,9.770,812.481,45.0000000,-122.0000000,812.930,0.000,0.000,0.000,8,00:00:00,-0.120,-0.400,0.320
15.583,806.1835032,15.583,2,-0.482,-0.291,801.447,-0.037,-0.021,34.111,-0.055,-0.004,-10.076,0.105,7.995,-0.058,-0.006,-0.265,0.006,0.002,-0.016,920.200,9.760,804.741,45.0000000,-122.0000000,805.250,0.000,0.000,0.000,8,00:00:00,-0.580,-0.530,-0.490
15.633,807.8900784,15.633,2,-0.473,-0.286,803.074,-0.033,-0.017,33.579,0.034,0.049,-10.160,0.138,8.045,0.030,0.048,-0.351,-0.026,-0.018,-0.007,920.500,9.750,802.043,45.0000000,-122.0000000,802.520,0.000,0.000,0.000,8,00:00:00,-1.090,0.370,-0.440
15.683,809.5713552000001,15.683,2,-0.465,-0.281,804.769,-0.033,-0.015,33.087,-0.044,0.024,-10.048,0.102,8.095,-0.047,0.022,-0.238,0.011,0.013,-0.018,920.040,9.740,806.181,45.0000000,-122.0000000,806.660,0.000,0.000,0.000,8,00:00:00,0.190,-0.590,-0.260
15.733,811.2276383999999,15.733,2,-0.457,-0.276,806.372,-0.029,-0.013,32.569,0.039,0.014,-10.076,0.129,8.145,0.036,0.014,-0.267,0.007,-0.008,0.004,920.060,9.730,806.001,45.0000000,-122.0000000,806.450,0.000,0.000,0.000,8,00:00:00,-0.150,0.250,0.480
15.783,812.8586232,15.783,2,-0.449,-0.271,807.979,-0.029,-0.011,32.063,-0.025,0.016,-10.051,0.139,8.195,-0.027,0.015,-0.241,-0.016,-0.005,-0.007,919.790,9.720,808.430,45.0000000,-122.0000000,808.940,0.000,0.000,0.000,8,00:00:00,0.300,0.330,0.730
15.833,814.4643096,15.833,2,-0.441,-0.266,809.629,-0.023,-0.011,31.585,0.064,-0.029,-10.009,0.147,8.245,0.062,-0.029,-0.199,-0.001,-0.003,-0.013,919.410,9.710,811.850,45.0000000,-122.0000000,812.290,0.000,0.000,0.000,8,00:00:00,0.290,0.210,0.810
15.883,816.0446976000001,15.883,2,-0.433,-0.261,811.216,-0.024,-0.008,31.091,-0.043,0.047,-10.020,0.152,8.295,-0.045,0.046,-0.210,-0.007,-0.001,-0.012,919.350,9.700,812.391,45.0000000,-122.0000000,812.830,0.000,0.000,0.000,8,00:00:00,0.370,-0.150,0.290
15.933,817.6003968000001,15.933,2,-0.426,-0.256,812.524,-0.022,-0.010,30.501,0.004,-0.062,-10.042,0.175,8.345,0.002,-0.062,-0.232,0.002,-0.008,0.002,919.940,9.690,807.081,45.0000000,-122.0000000,807.530,0.000,0.000,0.000,8,00:00:00,-0.020,-0.290,-0.710
15.983,819.1307976,15.983,2,-0.418,-0.251,814.333,-0.022,-0.005,30.109,-0.048,0.077,-10.069,0.189,8.395,-0.052,0.075,-0.259,0.004,-0.005,-0.002,918.200,9.680,822.749,45.0000000,-122.0000000,823.200,0.000,0.000,0.000,8,00:00:00,-0.330,-0.350,-0.070
16.033,820.6359,16.033,2,-0.410,-0.246,816.080,-0.021,-0.007,29.703,-0.019,-0.080,-10.032,0.163,8.445,-0.020,-0.081,-0.222,0.006,0.009,-0.005,918.130,9.670,823.380,45.0000000,-122.0000000,823.830,0.000,0.000,0.000,8,00:00:00,-0.240,-0.110,0.200
16.083,822.1163136,16.083,2,-0.403,-0.241,817.626,-0.015,-0.007,29.228,0.079,-0.015,-10.058,0.171,8.494,0.076,-0.014,-0.249,-0.009,-0.002,-0.004,918.480,9.660,820.226,45.0000000,-122.0000000,820.730,0.000,0.000,0.000,8,00:00:00,0.740,0.520,0.200
16.133,823.5714288,16.133,2,-0.395,-0.237,819.043,-0.008,-0.006,28.715,0.114,-0.001,-10.023,0.182,8.545,0.112,0.000,-0.214,-0.002,-0.004,-0.014,918.630,9.650,818.874,45.0000000,-122.0000000,819.340,0.000,0.000,0.000,8,00:00:00,0.740,-0.170,-0.630
16.183,825.0015504,16.183,2,-0.387,-0.232,820.443,-0.008,-0.005,28.205,-0.027,0.002,-10.026,0.198,8.595,-0.030,0.001,-0.216,-0.002,-0.005,-0.003,918.450,9.640,820.496,45.0000000,-122.0000000,820.930,0.000,0.000,0.000,8,00:00:00,-0.040,0.060,0.700
16.233,826.4069832000001,16.233,2,-0.380,-0.228,822.013,-0.008,-0.003,27.772,-0.037,0.013,-9.943,0.221,8.645,-0.038,0.012,-0.132,-0.011,-0.005,0.005,917.710,9.630,827.165,45.0000000,-122.0000000,827.650,0.000,0.000,0.000,8,00:00:00,0.090,-0.630,-0.010
16.283,827.7871176,16.283,2,-0.372,-0.223,823.543,-0.008,-0.002,27.332,-0.037,0.015,-9.963,0.226,8.695,-0.039,0.014,-0.152,-0.016,0.005,0.017,917.590,9.620,828.247,45.0000000,-122.0000000,828.740,0.000,0.000,0.000,8,00:00:00,0.180,0.010,-0.210
16.333,829.1425632,16.333,2,-0.365,-0.218,824.721,-0.007,0.006,26.766,-0.011,0.130,-9.996,0.244,8.744,-0.015,0.130,-0.186,-0.008,-0.003,-0.023,918.420,9.610,820.766,45.0000000,-122.0000000,821.220,0.000,0.000,0.000,8,00:00:00,0.260,0.630,0.620
16.383,830.4730152,16.383,2,-0.358,-0.213,826.013,-0.004,0.004,26.259,0.021,-0.053,-9.892,0.297,8.795,0.021,-0.052,-0.083,-0.001,-0.021,0.001,917.860,9.600,825.813,45.0000000,-122.0000000,826.320,0.000,0.000,0.000,8,00:00:00,0.500,0.410,1.140
16.433,831.7787784000001,16.433,2,-0.351,-0.209,827.217,-0.007,0.005,25.725,-0.086,-0.008,-9.960,0.257,8.845,-0.087,-0.009,-0.149,0.021,0.006,-0.004,917.910,9.590,825.362,45.0000000,-122.0000000,825.820,0.000,0.000,0.000,8,00:00:00,-0.470,0.830,-0.010
16.483,833.0595480000001,16.483,2,-0.344,-0.204,828.541,-0.007,0.002,25.247,-0.032,-0.066,-9.933,0.298,8.895,-0.033,-0.066,-0.122,-0.002,-0.014,0.016,917.340,9.590,830.502,45.0000000,-122.0000000,830.980,0.000,0.000,0.000,8,00:00:00,-0.760,-0.210,-0.060
16.533,834.315324,16.533,2,-0.337,-0.200,829.590,0.001,0.001,24.675,0.120,-0.044,-9.921,0.281,8.945,0.119,-0.043,-0.113,0.015,0.002,0.003,917.950,9.580,825.002,45.0000000,-122.0000000,825.490,0.000,0.000,0.000,8,00:00:00,-0.740,0.290,-0.390
16.583,835.5464112,16.583,2,-0.330,-0.196,830.602,0.001,0.003,24.095,-0.014,0.015,-10.030,0.301,8.995,-0.017,0.014,-0.220,-0.009,-0.005,-0.004,917.860,9.570,825.813,45.0000000,-122.0000000,826.260,0.000,0.000,0.000,8,00:00:00,0.250,0.010,-0.750
16.633,836.7525048000001,16.633,2,-0.323,-0.192,831.868,0.010,0.004,23.624,0.139,0.019,-9.983,0.288,9.045,0.136,0.021,-0.174,0.016,0.002,0.007,916.900,9.560,834.471,45.0000000,-122.0000000,835.010,0.000,0.000,0.000,8,00:00:00,-1.050,0.470,0.490
16.683,837.9339096,16.683,2,-0.316,-0.187,833.002,0.008,0.003,23.118,-0.061,-0.039,-9.857,0.274,9.095,-0.061,-0.040,-0.046,-0.015,0.008,0.004,917.090,9.550,832.757,45.0000000,-122.0000000,833.290,0.000,0.000,0.000,8,00:00:00,-0.200,0.100,0.610
16.733,839.0906256000001,16.733,2,-0.309,-0.183,834.463,0.012,0.008,22.744,0.041,0.085,-9.853,0.243,9.145,0.040,0.086,-0.043,0.019,0.008,-0.001,915.910,9.550,843.406,45.0000000,-122.0000000,843.940,0.000,0.000,0.000,8,00:00:00,0.680,0.620,-0.800
16.783,840.2223480000001,16.783,2,-0.302,-0.179,835.688,0.012,0.010,22.287,-0.013,0.011,-9.896,0.248,9.195,-0.014,0.011,-0.086,-0.008,-0.001,-0.002,916.400,9.540,838.983,45.0000000,-122.0000000,839.460,0.000,0.000,0.000,8,00:00:00,-0.570,0.200,0.510
16.833,841.3296864,16.833,2,-0.295,-0.175,836.604,0.011,0.012,21.724,-0.053,0.021,-9.857,0.281,9.245,-0.054,0.021,-0.046,-0.009,-0.010,0.001,917.130,9.530,832.396,45.0000000,-122.0000000,832.850,0.000,0.000,0.000,8,00:00:00,0.800,-0.030,0.200
16.883,842.4120312,16.883,2,-0.288,-0.171,837.511,0.011,0.012,21.167,-0.021,-0.012,-9.896,0.295,9.295,-0.022,-0.012,-0.086,0.005,-0.006,-0.019,916.970,9.520,833.839,45.0000000,-122.0000000,834.300,0.000,0.000,0.000,8,00:00:00,-0.020,-0.640,-1.300
16.933,843.469992,16.933,2,-0.282,-0.167,838.635,0.012,0.013,20.705,-0.014,0.007,-9.827,0.262,9.345,-0.015,0.007,-0.017,0.005,0.011,0.012,916.140,9.520,841.330,45.0000000,-122.0000000,841.790,0.000,0.000,0.000,8,00:00:00,-0.010,-0.120,-0.170
16.983,844.5029592000001,16.983,2,-0.275,-0.163,840.052,0.010,0.009,20.357,-0.054,-0.087,-9.912,0.310,9.395,-0.054,-0.088,-0.101,-0.001,-0.017,-0.001,915.070,9.510,850.994,45.0000000,-122.0000000,851.530,0.000,0.000,0.000,8,00:00:00,0.110,0.280,0.770
17.033,845.5115423999999,17.033,2,-0.269,-0.159,841.363,0.010,0.010,19.978,-0.031,-0.002,-9.876,0.306,9.445,-0.032,-0.002,-0.066,-0.003,0.002,-0.002,915.180,9.500,850.000,45.0000000,-122.0000000,850.530,0.000,0.000,0.000,8,00:00:00,0.110,-0.780,-0.170
17.083,846.4951320000001,17.083,2,-0.263,-0.155,842.227,0.013,0.008,19.441,0.040,-0.053,-9.822,0.279,9.495,0.041,-0.052,-0.013,-0.007,0.011,-0.008,916.320,9.500,839.705,45.0000000,-122.0000000,840.220,0.000,0.000,0.000,8,00:00:00,0.410,0.260,-1.060
17.133,847.4543376,17.133,2,-0.257,-0.152,843.307,0.009,0.002,18.991,-0.099,-0.124,-9.905,0.277,9.545,-0.098,-0.125,-0.094,-0.012,0.004,-0.008,915.500,9.490,847.109,45.0000000,-122.0000000,847.600,0.000,0.000,0.000,8,00:00:00,0.360,0.360,0.310
17.183,848.3891592000001,17.183,2,-0.251,-0.148,844.452,0.012,0.002,18.575,0.040,-0.013,-9.879,0.290,9.595,0.039,-0.013,-0.069,0.006,-0.007,0.000,915.120,9.490,850.542,45.0000000,-122.0000000,851.070,0.000,0.000,0.000,8,00:00:00,-0.570,0.150,-0.010
17.233,849.2989872,17.233,2,-0.245,-0.145,845.468,0.014,0.003,18.121,0.005,0.004,-9.831,0.264,9.645,0.005,0.004,-0.021,0.004,0.008,-0.002,915.320,9.480,848.735,45.0000000,-122.0000000,849.240,0.000,0.000,0.000,8,00:00:00,-0.150,0.980,-0.220
17.283,850.1844312000001,17.283,2,-0.240,-0.142,846.252,0.019,0.004,17.594,0.088,0.001,-9.715,0.259,9.695,0.089,0.003,0.094,0.009,-0.000,0.000,915.840,9.470,844.038,45.0000000,-122.0000000,844.550,0.000,0.000,0.000,8,00:00:00,-0.160,0.520,-0.590
17.333,851.0451864,17.333,2,-0.234,-0.139,847.278,0.021,-0.000,17.161,0.014,-0.094,-9.862,0.264,9.745,0.014,-0.094,-0.052,-0.010,0.001,-0.010,914.950,9.470,852.079,45.0000000,-122.0000000,852.550,0.000,0.000,0.000,8,00:00:00,0.580,-0.670,-0.200
17.383,851.8815576000001,17.383,2,-0.228,-0.136,847.885,0.021,-0.000,16.582,-0.025,-0.017,-9.778,0.204,9.795,-0.024,-0.017,0.032,-0.006,0.024,0.007,916.030,9.460,842.323,45.0000000,-122.0000000,842.810,0.000,0.000,0.000,8,00:00:00,0.200,-0.270,-0.280
17.433,852.6932400000001,17.433,2,-0.222,-0.133,849.025,0.023,-0.004,16.214,0.017,-0.089,-9.797,0.198,9.845,0.019,-0.089,0.013,-0.008,0.007,0.003,914.280,9.460,858.136,45.0000000,-122.0000000,858.680,0.000,0.000,0.000,8,00:00:00,0.290,-0.230,0.060
17.483,853.4805384,17.483,2,-0.216,-0.131,849.742,0.020,-0.001,15.691,-0.081,0.059,-9.851,0.169,9.895,-0.082,0.057,-0.040,-0.003,0.014,-0.033,915.370,9.450,848.284,45.0000000,-122.0000000,848.810,0.000,0.000,0.000,8,00:00:00,-0.360,0.050,0.480
17.533,854.2431480000001,17.533,2,-0.211,-0.128,850.688,0.018,-0.001,15.263,-0.056,-0.025,-9.862,0.144,9.945,-0.056,-0.026,-0.052,0.004,0.008,0.010,914.530,9.450,855.875,45.0000000,-122.0000000,856.340,0.000,0.000,0.000,8,00:00:00,0.510,-0.370,-0.240
17.583,854.9813736,17.583,2,-0.206,-0.125,851.301,0.024,-0.001,14.723,0.111,-0.010,-9.761,0.135,9.995,0.112,-0.008,0.048,-0.000,0.006,0.018,915.360,9.440,848.374,45.0000000,-122.0000000,848.830,0.000,0.000,0.000,8,00:00:00,-0.650,0.330,-0.710
17.633,855.6952152,17.633,2,-0.200,-0.123,852.016,0.025,-0.001,14.231,-0.008,-0.009,-9.772,0.142,10.045,-0.007,-0.009,0.038,-0.007,0.006,0.004,914.910,9.440,852.440,45.0000000,-122.0000000,852.960,0.000,0.000,0.000,8,00:00:00,-0.030,-0.400,0.610
17.683,856.3846728000001,17.683,2,-0.195,-0.120,852.824,0.025,-0.003,13.784,-0.013,-0.045,-9.753,0.133,10.095,-0.012,-0.045,0.058,0.007,-0.004,0.006,914.480,9.430,856.327,45.0000000,-122.0000000,856.850,0.000,0.000,0.000,8,00:00:00,0.010,0.160,-0.460
17.733,857.0494416,17.733,2,-0.189,-0.118,853.667,0.025,-0.002,13.358,-0.016,-0.005,-9.765,0.136,10.145,-0.015,-0.005,0.045,-0.009,0.014,-0.002,914.220,9.430,858.678,45.0000000,-122.0000000,859.150,0.000,0.000,0.000,8,00:00:00,-0.150,-0.010,0.230
17.783,857.6898264000001,17.783,2,-0.184,-0.116,853.955,0.025,-0.003,12.733,-0.022,-0.013,-9.742,0.178,10.195,-0.021,-0.013,0.068,-0.015,-0.000,-0.006,915.730,9.430,845.032,45.0000000,-122.0000000,845.500,0.000,0.000,0.000,8,00:00:00,-0.520,-0.860,-0.400
17.833,858.3058272000001,17.833,2,-0.179,-0.114,854.830,0.024,-0.006,12.341,-0.021,-0.078,-9.714,0.217,10.245,-0.019,-0.078,0.096,-0.013,-0.005,-0.006,913.850,9.420,862.025,45.0000000,-122.0000000,862.530,0.000,0.000,0.000,8,00:00:00,-0.140,0.710,-0.570
17.883,858.8977488,17.883,2,-0.174,-0.112,855.417,0.022,-0.010,11.843,-0.073,-0.098,-9.827,0.226,10.295,-0.072,-0.099,-0.016,0.000,-0.010,0.007,914.560,9.420,855.604,45.0000000,-122.0000000,856.110,0.000,0.000,0.000,8,00:00:00,-0.190,1.310,0.270
17.933,859.4649816,17.933,2,-0.170,-0.110,855.941,0.019,-0.013,11.336,-0.068,-0.067,-9.732,0.237,10.345,-0.066,-0.068,0.078,-0.008,0.015,0.021,914.610,9.410,855.152,45.0000000,-122.0000000,855.690,0.000,0.000,0.000,8,00:00:00,0.140,-0.140,-0.190
17.983,860.0078304,17.983,2,-0.166,-0.108,856.351,0.014,-0.016,10.792,-0.106,-0.059,-9.788,0.247,10.395,-0.105,-0.060,0.023,-0.001,-0.008,0.013,914.820,9.410,853.254,45.0000000,-122.0000000,853.720,0.000,0.000,0.000,8,00:00:00,-0.000,1.160,-0.780
18.033,860.5262951999999,18.033,2,-0.161,-0.107,857.061,0.015,-0.014,10.373,0.004,0.019,-9.753,0.239,10.445,0.004,0.019,0.057,0.000,0.011,-0.006,913.800,9.410,862.477,45.0000000,-122.0000000,862.990,0.000,0.000,0.000,8,00:00:00,-0.060,0.160,-0.700
18.083,861.0206808,18.083,2,-0.157,-0.105,857.543,0.017,-0.013,9.875,0.021,0.023,-9.776,0.237,10.495,0.021,0.023,0.033,-0.000,0.021,0.004,914.340,9.400,857.593,45.0000000,-122.0000000,858.140,0.000,0.000,0.000,8,00:00:00,0.080,-1.040,0.340
18.133,861.4903776,18.133,2,-0.153,-0.104,857.978,0.023,-0.011,9.372,0.109,0.020,-9.715,0.204,10.545,0.110,0.021,0.095,0.011,-0.003,0.004,914.360,9.400,857.412,45.0000000,-122.0000000,857.950,0.000,0.000,0.000,8,00:00:00,0.110,-0.210,-0.810
18.183,861.9359952,18.183,2,-0.149,-0.102,858.566,0.023,-0.011,8.939,-0.013,0.000,-9.641,0.165,10.595,-0.011,0.000,0.169,0.014,-0.006,0.006,913.780,9.400,862.658,45.0000000,-122.0000000,863.200,0.000,0.000,0.000,8,00:00:00,-0.140,-0.280,-0.820
18.233,862.3572288,18.233,2,-0.145,-0.101,858.757,0.019,-0.013,8.360,-0.091,-0.048,-9.746,0.188,10.645,-0.090,-0.049,0.065,-0.005,0.021,0.006,914.840,9.390,853.073,45.0000000,-122.0000000,853.550,0.000,0.000,0.000,8,00:00:00,-0.180,0.210,-0.380
18.283,862.7543832000001,18.283,2,-0.141,-0.099,859.094,0.017,-0.011,7.850,-0.069,0.022,-9.675,0.158,10.695,-0.068,0.021,0.135,0.010,-0.004,0.008,914.300,9.390,857.955,45.0000000,-122.0000000,858.450,0.000,0.000,0.000,8,00:00:00,-0.290,0.500,-0.710
18.333,863.1271536,18.333,2,-0.137,-0.098,859.354,0.018,-0.011,7.319,0.013,-0.013,-9.717,0.159,10.745,0.014,-0.013,0.093,-0.003,-0.012,-0.030,914.420,9.390,856.870,45.0000000,-122.0000000,857.370,0.000,0.000,0.000,8,00:00:00,0.800,0.760,0.250
18.383,863.4755400000001,18.383,2,-0.133,-0.096,859.772,0.017,-0.013,6.861,-0.038,-0.039,-9.647,0.202,10.795,-0.036,-0.040,0.163,-0.013,0.013,0.001,913.840,9.390,862.115,45.0000000,-122.0000000,862.650,0.000,0.000,0.000,8,00:00:00,-0.070,0.360,-0.170
18.433,863.7998472,18.433,2,-0.130,-0.095,859.892,0.019,-0.013,6.300,0.035,-0.015,-9.637,0.171,10.845,0.036,-0.015,0.172,0.011,0.000,-0.003,914.620,9.390,855.061,45.0000000,-122.0000000,855.550,0.000,0.000,0.000,8,00:00:00,0.450,-0.120,0.040
18.483,864.0997704,18.483,2,-0.126,-0.093,859.984,0.021,-0.014,5.734,0.023,-0.032,-9.727,0.189,10.895,0.024,-0.032,0.083,-0.009,-0.012,-0.017,914.610,9.380,855.152,45.0000000,-122.0000000,855.660,0.000,0.000,0.000,8,00:00:00,0.330,0.710,-0.920
18.533,864.3756144000001,18.533,2,-0.122,-0.092,860.500,0.022,-0.015,5.334,0.012,-0.012,-9.822,0.163,10.945,0.012,-0.011,-0.012,0.009,-0.013,0.012,913.250,9.380,867.454,45.0000000,-122.0000000,867.980,0.000,0.000,0.000,8,00:00:00,0.180,-0.070,0.540
18.583,864.6273792000001,18.583,2,-0.119,-0.091,860.566,0.015,-0.011,4.780,-0.145,0.058,-9.666,0.204,10.995,-0.145,0.056,0.145,-0.013,-0.011,-0.000,914.480,9.380,856.327,45.0000000,-122.0000000,856.830,0.000,0.000,0.000,8,00:00:00,0.350,0.200,0.400
18.633,864.8547599999999,18.633,2,-0.116,-0.090,860.721,0.019,-0.014,4.269,0.067,-0.071,-9.663,0.218,11.045,0.069,-0.070,0.146,-0.007,0.014,0.023,914.130,9.380,859.492,45.0000000,-122.0000000,860.010,0.000,0.000,0.000,8,00:00:00,-0.100,-0.760,-0.280
18.683,865.0580616000001,18.683,2,-0.112,-0.089,860.952,0.019,-0.017,3.795,-0.001,-0.056,-9.708,0.206,11.095,0.000,-0.056,0.102,0.004,0.001,-0.010,913.810,9.380,862.387,45.0000000,-122.0000000,862.920,0.000,0.000,0.000,8,00:00:00,0.360,0.140,0.350
18.733,865.2369792000001,18.733,2,-0.109,-0.088,861.405,0.020,-0.020,3.419,0.007,-0.079,-9.602,0.204,11.145,0.010,-0.080,0.208,0.001,0.007,-0.001,913.050,9.380,869.264,45.0000000,-122.0000000,869.780,0.000,0.000,0.000,8,00:00:00,0.550,0.410,0.720
18.783,865.3921224000001,18.783,2,-0.106,-0.087,861.443,0.023,-0.018,2.894,0.043,0.043,-9.579,0.190,11.195,0.044,0.044,0.231,0.005,-0.011,0.006,914.190,9.380,858.949,45.0000000,-122.0000000,859.430,0.000,0.000,0.000,8,00:00:00,-0.330,-0.360,-0.130
18.833,865.5228816,18.833,2,-0.102,-0.086,861.661,0.023,-0.016,2.446,-0.002,0.020,-9.609,0.193,11.245,-0.000,0.020,0.201,-0.001,0.001,0.007,913.570,9.370,864.558,45.0000000,-122.0000000,865.080,0.000,0.000,0.000,8,00:00:00,-0.670,-0.380,0.230
18.883,865.6295616000001,18.883,3,-0.099,-0.085,861.633,0.024,-0.012,1.913,0.007,0.090,-9.607,0.169,0.000,0.008,0.090,0.203,0.010,-0.012,0.002,914.220,9.370,858.678,45.0000000,-122.0000000,859.210,0.000,0.000,0.000,8,00:00:00,0.330,0.120,0.280
18.933,865.7124672000001,18.933,3,-0.096,-0.084,861.746,0.023,-0.017,1.432,-0.025,-0.108,-9.847,0.142,0.050,-0.024,-0.109,-0.037,0.009,0.002,-0.005,913.720,9.370,863.201,45.0000000,-122.0000000,863.750,0.000,0.000,0.000,8,00:00:00,0.620,-0.450,0.060
18.983,865.7709888,18.983,3,-0.093,-0.083,861.946,0.023,-0.015,0.997,-0.018,0.027,-9.767,0.158,0.100,-0.018,0.027,0.043,-0.007,0.006,0.020,913.380,9.370,866.277,45.0000000,-122.0000000,866.770,0.000,0.000,0.000,8,00:00:00,0.000,0.190,-0.700
19.033,865.8051264000001,19.033,3,-0.090,-0.082,862.265,0.024,-0.014,0.616,0.027,0.002,-9.728,0.137,0.150,0.027,0.002,0.081,0.007,0.001,-0.011,912.940,9.370,870.260,45.0000000,-122.0000000,870.730,0.000,0.000,0.000,8,00:00:00,-0.890,0.470,-0.340
19.083,865.81488,19.083,3,-0.087,-0.081,862.259,0.027,-0.013,0.122,0.040,0.018,-9.699,0.082,0.200,0.041,0.018,0.110,0.019,0.000,0.015,913.820,9.370,862.296,45.0000000,-122.0000000,862.790,0.000,0.000,0.000,8,00:00:00,-0.540,-0.030,0.830
19.133,865.8002496,19.133,3,-0.084,-0.080,862.280,0.025,-0.010,-0.360,-0.047,0.057,-9.841,0.025,0.250,-0.048,0.057,-0.030,0.021,0.001,0.012,913.670,9.370,863.653,45.0000000,-122.0000000,864.190,0.000,0.000,0.000,8,00:00:00,0.670,0.290,-0.150
19.235,865.694484,19.235,3,-0.079,-0.079,862.508,0.032,-0.007,-1.221,0.070,0.029,-9.607,0.029,0.352,0.071,0.030,0.202,0.004,0.007,0.008,912.850,9.370,871.075,45.0000000,-122.0000000,871.620,0.000,0.000,0.000,8,00:00:00,-0.470,-0.270,-0.430
19.339,865.4838672000001,19.339,4,-0.074,-0.078,862.425,0.028,-0.007,-2.174,-0.049,-0.009,-9.500,0.075,0.000,-0.047,-0.008,0.310,-0.006,0.007,-0.002,913.480,9.370,865.372,45.0000000,-122.0000000,865.850,0.000,0.000,0.000,8,00:00:00,-0.910,0.340,0.500
19.445,865.1647416000001,19.445,4,-0.070,-0.076,862.065,0.029,-0.000,-3.188,0.011,0.063,-9.293,0.057,0.106,0.015,0.064,0.517,0.001,-0.019,0.015,913.970,9.380,860.939,45.0000000,-122.0000000,861.440,0.000,0.000,0.000,8,00:00:00,-0.160,1.260,0.430
19.552,864.7331448,19.552,4,-0.065,-0.074,861.534,0.029,0.003,-4.220,-0.000,0.027,-9.157,0.095,0.213,0.006,0.029,0.653,0.012,-0.006,0.004,914.170,9.380,859.130,45.0000000,-122.0000000,859.600,0.000,0.000,0.000,8,00:00:00,-0.060,-0.030,-0.980
19.662,864.1835904000001,19.662,4,-0.060,-0.073,861.241,0.031,-0.004,-5.111,0.013,-0.066,-8.878,0.151,0.323,0.023,-0.062,0.932,0.009,-0.004,-0.018,913.330,9.380,866.730,45.0000000,-122.0000000,867.210,0.000,0.000,0.000,8,00:00:00,-0.340,1.060,-0.090
19.774,863.5093728,19.774,4,-0.056,-0.071,860.581,0.026,0.004,-6.095,-0.051,0.065,-8.673,0.045,0.435,-0.042,0.069,1.137,-0.010,0.014,-0.003,914.010,9.390,860.577,45.0000000,-122.0000000,861.100,0.000,0.000,0.000,8,00:00:00,0.430,-0.690,0.170
19.889,862.7004336000001,19.889,4,-0.052,-0.069,859.869,0.019,0.005,-7.042,-0.063,0.011,-8.382,0.138,0.550,-0.050,0.018,1.428,0.013,-0.006,0.015,913.920,9.390,861.392,45.0000000,-122.0000000,861.940,0.000,0.000,0.000,8,00:00:00,-0.070,-0.240,0.270
20.009,861.7433616000001,20.009,4,-0.048,-0.067,858.633,0.022,-0.004,-8.131,0.028,-0.085,-8.002,0.107,0.670,0.046,-0.077,1.808,-0.007,-0.002,-0.013,914.850,9.400,852.982,45.0000000,-122.0000000,853.450,0.000,0.000,0.000,8,00:00:00,-0.310,-1.380,-0.360
20.133,860.6223072,20.133,4,-0.044,-0.065,857.623,0.030,0.007,-9.047,0.058,0.092,-7.569,0.156,0.794,0.081,0.101,2.240,-0.004,-0.011,0.003,914.150,9.410,859.311,45.0000000,-122.0000000,859.810,0.000,0.000,0.000,8,00:00:00,0.780,0.080,0.660
20.264,859.3168488,20.264,4,-0.038,-0.063,856.328,0.037,0.005,-9.993,0.052,-0.022,-7.073,0.124,0.925,0.079,-0.012,2.736,-0.002,0.004,-0.008,914.500,9.410,856.146,45.0000000,-122.0000000,856.680,0.000,0.000,0.000,8,00:00:00,0.460,0.210,-0.010
20.402,857.8019928000001,20.402,4,-0.033,-0.060,854.882,0.034,0.006,-10.932,-0.025,0.008,-6.795,0.174,1.063,0.007,0.014,3.015,-0.011,-0.006,-0.029,914.570,9.420,855.513,45.0000000,-122.0000000,856.020,0.000,0.000,0.000,8,00:00:00,-0.530,-0.120,-0.150
20.549,856.042992,20.549,4,-0.027,-0.058,852.963,0.027,0.005,-11.931,-0.047,-0.010,-6.143,0.291,1.210,-0.005,-0.014,3.667,-0.019,-0.004,0.001,915.200,9.440,849.820,45.0000000,-122.0000000,850.280,0.000,0.000,0.000,8,00:00:00,-0.820,-0.380,0.010
20.707,853.9935168,20.707,4,-0.023,-0.055,850.830,0.021,0.013,-12.899,-0.038,0.046,-5.680,0.259,1.368,0.009,0.045,4.130,0.004,0.000,-0.017,915.300,9.450,848.916,45.0000000,-122.0000000,849.400,0.000,0.000,0.000,8,00:00:00,0.430,-0.040,-0.310
20.880000000000003,851.5880352,20.880,4,-0.019,-0.051,848.387,0.019,0.015,-13.825,-0.014,0.013,-5.046,0.344,1.541,0.043,0.005,4.764,-0.008,-0.004,0.016,915.490,9.460,847.200,45.0000000,-122.0000000,847.690,0.000,0.000,0.000,8,00:00:00,-0.160,-1.070,-0.540
21.072,848.7360216000001,21.072,4,-0.016,-0.047,845.227,0.007,0.008,-14.857,-0.064,-0.038,-4.498,0.557,1.733,0.006,-0.069,5.312,-0.020,-0.005,-0.015,916.220,9.480,840.607,45.0000000,-122.0000000,841.110,0.000,0.000,0.000,8,00:00:00,-0.090,0.270,0.010
21.288,845.3015352,21.288,4,-0.015,-0.042,841.244,-0.003,0.024,-15.957,-0.045,0.070,-3.824,0.723,1.949,0.020,0.013,5.987,-0.018,0.009,-0.009,916.940,9.510,834.110,45.0000000,-122.0000000,834.600,0.000,0.000,0.000,8,00:00:00,0.250,0.790,-0.340
21.539,841.075788,21.539,4,-0.016,-0.032,837.384,-0.013,0.049,-16.641,-0.041,0.100,-3.115,0.592,2.200,0.046,0.059,6.695,0.014,-0.009,0.001,916.230,9.530,840.517,45.0000000,-122.0000000,840.990,0.000,0.000,0.000,8,00:00:00,1.080,-0.800,0.070
21.841,835.7137464,21.841,5,-0.025,-0.013,832.253,-0.051,0.071,-17.356,-0.125,0.070,-2.372,0.689,0.000,-0.006,0.024,7.440,0.001,-0.010,0.009,917.070,9.570,832.937,45.0000000,-122.0000000,833.460,0.000,0.000,0.000,8,00:00:00,0.040,-0.370,-0.360
22.219,828.6548832000001,22.219,5,-0.053,0.024,825.428,-0.112,0.129,-18.008,-0.165,0.156,-1.557,1.053,0.378,-0.001,0.064,8.256,-0.013,-0.010,0.014,917.950,9.610,825.002,45.0000000,-122.0000000,825.460,0.000,0.000,0.000,8,00:00:00,-0.060,-0.250,-0.770
22.719,818.878728,22.719,5,-0.110,0.110,817.388,-0.138,0.240,-18.053,-0.055,0.224,-1.005,1.396,0.878,0.047,0.037,8.808,-0.020,0.016,0.007,918.070,9.680,823.920,45.0000000,-122.0000000,824.360,0.000,0.000,0.000,8,00:00:00,-0.040,0.520,0.080
23.219,808.7758272,23.219,5,-0.182,0.235,805.885,-0.199,0.322,-19.352,-0.127,0.172,-0.572,1.259,1.378,0.011,0.006,9.241,0.009,-0.005,0.006,921.120,9.740,796.469,45.0000000,-122.0000000,796.970,0.000,0.000,0.000,8,00:00:00,0.660,-0.310,-0.470
23.719,798.4839504,23.719,5,-0.280,0.388,795.660,-0.285,0.417,-19.719,-0.184,0.207,-0.309,1.755,1.878,0.023,-0.026,9.505,-0.011,-0.013,0.003,921.330,9.810,794.581,45.0000000,-122.0000000,795.050,0.000,0.000,0.000,8,00:00:00,0.870,-0.340,-0.240
24.219,788.087832,24.219,5,-0.410,0.564,785.885,-0.391,0.501,-19.755,-0.234,0.197,-0.158,1.633,2.378,-0.032,-0.021,9.657,0.006,0.004,-0.010,922.190,9.880,786.855,45.0000000,-122.0000000,787.320,0.000,0.000,0.000,8,00:00:00,-0.690,0.130,-1.100
24.719,777.6359352000001,24.719,5,-0.570,0.754,774.706,-0.505,0.597,-20.279,-0.262,0.240,-0.013,1.426,2.878,-0.055,0.061,9.803,0.012,0.002,0.011,923.850,9.950,771.959,45.0000000,-122.0000000,772.420,0.000,0.000,0.000,8,00:00:00,0.140,-0.570,0.140
25.219,767.1544728,25.219,5,-0.742,0.957,764.690,-0.563,0.707,-20.272,-0.168,0.285,-0.091,1.729,3.378,-0.027,0.026,9.725,-0.015,0.016,-0.002,924.550,10.010,765.684,45.0000000,-122.0000000,766.130,0.000,0.000,0.000,8,00:00:00,-0.960,-0.110,-0.530
25.719,756.6589896,25.719,5,-0.894,1.163,754.252,-0.566,0.794,-20.400,-0.073,0.263,-0.029,1.647,3.878,0.020,0.011,9.784,0.004,0.011,0.023,925.830,10.080,754.220,45.0000000,-122.0000000,754.670,0.000,0.000,0.000,8,00:00:00,-0.500,-0.140,-0.360
26.219,746.1577152,26.219,5,-1.010,1.359,744.573,-0.550,0.861,-20.214,-0.051,0.244,-0.023,1.869,4.378,0.007,-0.047,9.790,-0.006,0.008,-0.009,926.700,10.150,746.435,45.0000000,-122.0000000,746.840,0.000,0.000,0.000,8,00:00:00,-0.630,0.550,-0.320
26.719,735.6558312000001,26.719,5,-1.085,1.552,734.883,-0.504,0.996,-20.097,-0.003,0.406,-0.087,2.349,4.878,0.039,0.037,9.731,-0.013,0.004,0.015,927.810,10.220,736.512,45.0000000,-122.0000000,736.930,0.000,0.000,0.000,8,00:00:00,-0.410,0.260,-0.720
27.219,725.1554712000001,27.219,5,-1.110,1.747,723.433,-0.418,1.077,-20.634,0.073,0.319,-0.028,2.187,5.378,0.039,-0.009,9.787,0.013,0.016,0.004,929.550,10.290,720.975,45.0000000,-122.0000000,721.430,0.000,0.000,0.000,8,00:00:00,0.050,-0.190,0.290
27.719,714.6587688000001,27.719,5,-1.086,1.921,711.111,-0.333,1.117,-21.403,0.069,0.260,-0.046,2.402,5.878,-0.004,-0.092,9.768,-0.003,0.007,0.013,931.080,10.350,707.332,45.0000000,-122.0000000,707.720,0.000,0.000,0.000,8,00:00:00,-0.550,0.580,-0.020
28.219,704.1666384,28.219,5,-1.034,2.080,703.738,-0.299,1.200,-20.173,-0.031,0.363,-0.028,2.394,6.378,-0.069,0.002,9.788,0.002,-0.007,-0.001,930.580,10.420,711.789,45.0000000,-122.0000000,712.230,0.000,0.000,0.000,8,00:00:00,0.320,0.290,0.910
28.719,693.67908,28.719,5,-0.976,2.235,692.854,-0.278,1.278,-20.461,-0.052,0.370,0.022,2.717,6.878,-0.055,-0.060,9.838,-0.010,-0.007,-0.009,932.830,10.490,691.751,45.0000000,-122.0000000,692.140,0.000,0.000,0.000,8,00:00:00,0.180,0.460,0.460
29.219,683.1967032,29.219,5,-0.917,2.381,678.609,-0.265,1.321,-21.978,-0.062,0.316,-0.038,2.716,7.378,-0.044,-0.114,9.777,0.003,-0.004,-0.005,935.230,10.560,670.420,45.0000000,-122.0000000,670.810,0.000,0.000,0.000,8,00:00:00,0.390,0.670,0.650
29.719,672.719508,29.719,5,-0.855,2.524,669.197,-0.222,1.420,-21.405,0.003,0.442,-0.036,2.958,7.878,-0.005,-0.027,9.784,-0.004,0.006,-0.019,934.900,10.630,673.351,45.0000000,-122.0000000,673.710,0.000,0.000,0.000,8,00:00:00,0.320,0.550,-0.590
30.219,662.2477992,30.219,5,-0.793,2.687,658.851,-0.215,1.557,-21.274,-0.064,0.536,-0.005,3.135,8.378,-0.102,0.041,9.819,0.000,0.007,0.005,936.370,10.700,660.304,45.0000000,-122.0000000,660.650,0.000,0.000,0.000,8,00:00:00,-0.230,0.230,-0.070
30.719,651.781272,30.719,5,-0.725,2.869,647.351,-0.143,1.675,-21.608,0.074,0.514,-0.023,3.449,8.878,0.066,-0.041,9.800,-0.008,-0.007,-0.007,937.970,10.760,646.122,45.0000000,-122.0000000,646.500,0.000,0.000,0.000,8,00:00:00,-0.240,-0.780,1.110
31.219,641.3196216,31.219,5,-0.639,3.065,638.004,-0.074,1.789,-21.056,0.076,0.527,0.013,3.281,9.378,-0.002,0.015,9.838,0.015,0.014,-0.004,938.450,10.830,641.871,45.0000000,-122.0000000,642.280,0.000,0.000,0.000,8,00:00:00,-0.060,0.190,0.280
31.719,630.8634576000001,31.719,5,-0.547,3.271,625.719,-0.039,1.909,-21.676,0.017,0.559,0.084,3.559,9.878,-0.067,-0.005,9.909,-0.004,0.001,0.021,940.640,10.900,622.499,45.0000000,-122.0000000,622.830,0.000,0.000,0.000,8,00:00:00,-0.530,0.460,1.130
32.219,620.4121704,32.219,5,-0.453,3.494,614.986,0.016,2.055,-21.621,0.065,0.632,0.035,4.128,10.378,-0.013,-0.032,9.866,-0.015,-0.002,-0.007,941.390,10.970,615.874,45.0000000,-122.0000000,616.210,0.000,0.000,0.000,8,00:00:00,-0.050,0.200,0.650
32.719,609.9663696,32.719,5,-0.344,3.741,605.748,0.118,2.230,-21.038,0.170,0.714,-0.013,4.405,10.878,0.038,0.018,9.824,0.000,0.010,-0.001,942.070,11.040,609.870,45.0000000,-122.0000000,610.240,0.000,0.000,0.000,8,00:00:00,0.830,1.190,-0.530
33.219,599.5257504000001,33.219,5,-0.216,4.007,596.622,0.205,2.372,-20.515,0.155,0.676,0.004,4.263,11.378,-0.035,0.024,9.838,0.017,0.011,-0.005,943.150,11.100,600.342,45.0000000,-122.0000000,600.690,0.000,0.000,0.000,8,00:00:00,-0.120,0.210,-0.310
33.719,589.0903128,33.719,5,-0.058,4.280,586.394,0.374,2.500,-20.501,0.331,0.676,0.005,4.477,11.878,0.035,0.034,9.844,0.009,0.019,0.005,944.650,11.170,587.123,45.0000000,-122.0000000,587.500,0.000,0.000,0.000,8,00:00:00,-0.040,0.120,0.320
34.219,578.6600568,34.219,5,0.143,4.554,576.662,0.557,2.620,-20.358,0.380,0.688,-0.112,4.624,12.378,0.080,0.028,9.729,0.002,-0.002,-0.005,945.630,11.240,578.496,45.0000000,-122.0000000,578.830,0.000,0.000,0.000,8,00:00:00,0.240,-0.220,0.170
34.719,568.2349824,34.719,5,0.386,4.817,565.960,0.757,2.692,-20.561,0.438,0.618,-0.016,4.852,12.878,0.054,-0.044,9.822,0.007,0.013,0.008,947.110,11.310,565.481,45.0000000,-122.0000000,565.850,0.000,0.000,0.000,8,00:00:00,0.150,-0.230,-0.950
35.219,557.8150896000001,35.219,5,0.664,5.072,555.881,0.943,2.820,-20.436,0.437,0.754,0.110,5.185,13.378,0.017,0.035,9.958,-0.002,0.002,-0.001,948.080,11.370,556.960,45.0000000,-122.0000000,557.300,0.000,0.000,0.000,8,00:00:00,-0.070,0.300,-0.300
35.719,547.4003784,35.719,5,0.972,5.330,546.849,1.151,2.938,-19.986,0.512,0.761,0.013,5.501,13.878,0.038,0.022,9.866,0.002,0.007,-0.003,948.860,11.440,550.114,45.0000000,-122.0000000,550.420,0.000,0.000,0.000,8,00:00:00,-0.270,-0.400,0.050
36.219,536.9911536,36.219,5,1.312,5.585,537.665,1.372,3.038,-19.699,0.570,0.752,-0.035,5.844,14.378,0.036,-0.009,9.820,0.002,0.008,-0.004,950.000,11.510,540.115,45.0000000,-122.0000000,540.420,0.000,0.000,0.000,8,00:00:00,-0.350,-0.490,-0.010
36.719,526.5868056,36.719,5,1.656,5.836,527.592,1.476,3.144,-19.772,0.373,0.790,0.024,5.769,14.878,-0.073,-0.025,9.873,-0.002,-0.023,-0.008,951.410,11.580,527.761,45.0000000,-122.0000000,528.030,0.000,0.000,0.000,8,00:00:00,-0.330,0.350,0.780
37.219,516.1873344,37.219,5,1.991,6.088,518.312,1.633,3.271,-19.570,0.511,0.857,-0.055,6.190,15.378,0.005,0.003,9.806,-0.001,0.008,0.004,952.260,11.640,520.321,45.0000000,-122.0000000,520.610,0.000,0.000,0.000,8,00:00:00,0.720,-0.610,-0.680
37.719,505.7933496,37.719,5,2.324,6.353,507.083,1.761,3.439,-20.116,0.487,0.964,-0.013,6.765,15.878,0.004,-0.025,9.856,-0.018,-0.011,-0.004,954.060,11.710,504.584,45.0000000,-122.0000000,504.880,0.000,0.000,0.000,8,00:00:00,-0.170,-0.870,-0.420
38.219,495.40424160000003,38.219,5,2.645,6.645,497.022,1.878,3.638,-20.120,0.496,1.058,-0.005,7.514,16.378,-0.038,-0.051,9.874,-0.014,0.006,-0.009,954.850,11.780,497.684,45.0000000,-122.0000000,497.960,0.000,0.000,0.000,8,00:00:00,0.270,0.520,0.100
38.719,485.02031519999997,38.719,5,2.955,6.961,484.816,1.991,3.823,-20.905,0.518,1.059,0.040,7.139,16.878,-0.004,0.010,9.920,0.025,-0.008,-0.010,956.790,11.850,480.761,45.0000000,-122.0000000,481.060,0.000,0.000,0.000,8,00:00:00,0.330,0.020,-0.100
39.219,474.64157040000003,39.219,5,3.254,7.295,473.316,2.104,4.007,-21.325,0.550,1.092,-0.060,7.623,17.378,0.047,-0.047,9.826,-0.010,-0.009,-0.001,957.830,11.920,471.700,45.0000000,-122.0000000,471.980,0.000,0.000,0.000,8,00:00:00,0.110,-0.210,-0.380
39.719,464.26831200000004,39.719,5,3.527,7.657,463.685,2.131,4.262,-20.998,0.404,1.272,-0.132,8.042,17.878,-0.057,0.040,9.770,-0.007,-0.013,-0.026,958.410,11.980,466.650,45.0000000,-122.0000000,466.890,0.000,0.000,0.000,8,00:00:00,0.130,-0.140,-0.450
40.219,453.9002352,40.219,5,3.762,8.059,452.413,2.159,4.525,-21.364,0.430,1.325,-0.168,8.638,18.378,-0.094,0.014,9.742,-0.004,0.009,0.001,960.160,12.050,451.429,45.0000000,-122.0000000,451.680,0.000,0.000,0.000,8,00:00:00,-0.520,0.370,-0.320
40.719,443.53734000000003,40.719,5,3.976,8.485,442.350,2.242,4.737,-21.163,0.562,1.269,-0.068,8.957,18.878,-0.067,-0.067,9.840,0.011,0.016,-0.007,960.970,12.120,444.392,45.0000000,-122.0000000,444.690,0.000,0.000,0.000,8,00:00:00,-0.600,-0.090,-0.720
41.219,433.1799312,41.219,5,4.198,8.920,427.551,2.387,4.955,-22.765,0.706,1.322,-0.050,9.403,19.378,0.041,-0.082,9.874,-0.001,0.000,0.010,963.900,12.180,418.975,45.0000000,-122.0000000,419.250,0.000,0.000,0.000,8,00:00:00,-0.630,-0.950,0.450
41.719,422.82770400000004,41.719,5,4.450,9.376,417.665,2.588,5.226,-22.283,0.844,1.473,-0.174,10.245,19.878,0.068,-0.016,9.784,-0.006,0.016,0.003,963.590,12.250,421.661,45.0000000,-122.0000000,421.870,0.000,0.000,0.000,8,00:00:00,0.660,-0.680,-0.530
42.219,412.4809632000001,42.219,5,4.725,9.866,407.662,2.723,5.530,-21.868,0.741,1.589,-0.024,10.624,20.378,-0.079,0.015,9.941,0.004,-0.001,-0.004,964.840,12.320,410.834,45.0000000,-122.0000000,411.040,0.000,0.000,0.000,8,00:00:00,0.100,-0.460,-0.210
42.719,402.139404,42.719,6,5.009,10.395,397.162,2.878,5.852,-21.751,0.807,1.678,-0.100,11.085,0.000,0.068,-0.010,9.887,-0.009,-0.025,-0.017,966.230,12.390,398.807,45.0000000,-122.0000000,399.040,0.000,0.000,0.000,8,00:00:00,0.980,-0.560,-0.270
43.219,391.8033312,43.219,6,5.290,10.966,387.011,2.965,6.209,-21.532,0.699,1.804,-0.117,11.722,0.500,-0.047,-0.003,9.884,-0.006,-0.006,0.008,967.330,12.450,389.299,45.0000000,-122.0000000,389.510,0.000,0.000,0.000,8,00:00:00,-0.360,0.610,-0.980
43.719,381.47244,43.719,6,5.552,11.581,377.594,3.033,6.579,-21.108,0.689,1.891,-0.178,11.975,1.000,-0.064,0.050,9.839,0.011,-0.005,-0.006,968.260,12.520,381.268,45.0000000,-122.0000000,381.520,0.000,0.000,0.000,8,00:00:00,1.510,0.030,0.150
44.219,371.1470352,44.219,6,5.803,12.231,363.198,3.145,6.928,-22.637,0.800,1.915,-0.200,12.135,1.500,0.072,0.040,9.832,0.012,-0.013,0.010,971.250,12.590,355.489,45.0000000,-122.0000000,355.700,0.000,0.000,0.000,8,00:00:00,0.950,0.060,-0.540
44.719,360.826812,44.719,6,6.043,12.902,354.777,3.201,7.262,-21.656,0.713,1.950,-0.229,13.030,2.000,-0.047,-0.072,9.803,-0.011,0.000,0.009,970.510,12.650,361.863,45.0000000,-122.0000000,362.110,0.000,0.000,0.000,8,00:00:00,-0.100,-0.260,-0.100
45.219,350.5114656,45.219,6,6.258,13.591,343.325,3.242,7.611,-21.966,0.704,2.048,-0.168,13.347,2.500,-0.082,-0.041,9.882,0.011,-0.003,-0.009,972.740,12.720,342.667,45.0000000,-122.0000000,342.850,0.000,0.000,0.000,8,00:00:00,0.150,-0.100,0.000
45.719,340.2013008,45.719,6,6.465,14.294,332.950,3.350,7.950,-21.849,0.858,2.101,-0.243,13.594,3.000,0.032,0.000,9.832,0.017,0.001,0.006,973.630,12.790,335.015,45.0000000,-122.0000000,335.250,0.000,0.000,0.000,8,00:00:00,0.090,-0.110,-0.540
46.219,329.8966224,46.219,6,6.687,15.010,322.657,3.501,8.296,-21.752,0.967,2.183,-0.309,14.462,3.500,0.088,-0.041,9.796,-0.006,0.002,-0.004,974.820,12.860,324.794,45.0000000,-122.0000000,325.020,0.000,0.000,0.000,8,00:00:00,-0.510,0.270,0.270
46.719,319.59682080000005,46.719,6,6.930,15.758,312.876,3.653,8.750,-21.499,0.993,2.473,-0.347,15.612,4.000,0.025,0.070,9.831,-0.012,0.008,-0.013,975.840,12.920,316.040,45.0000000,-122.0000000,316.190,0.000,0.000,0.000,8,00:00:00,-0.800,-0.730,0.840
47.219,309.3022008,47.219,6,7.210,16.563,300.446,3.895,9.239,-22.302,1.201,2.626,-0.383,16.708,4.500,0.162,0.054,9.858,-0.009,0.002,-0.006,978.000,12.990,297.528,45.0000000,-122.0000000,297.710,0.000,0.000,0.000,8,00:00:00,0.110,0.430,0.240
47.719,299.0130672,47.719,6,7.518,17.425,292.375,4.041,9.748,-21.357,1.039,2.750,-0.459,17.787,5.000,-0.052,0.014,9.802,-0.008,0.002,-0.012,977.720,13.060,299.926,45.0000000,-122.0000000,300.090,0.000,0.000,0.000,8,00:00:00,-0.790,-0.920,0.360
47.72,298.9923408,47.720,6,6.318,14.643,293.961,3.814,9.226,-20.535,26.830,67.142,219.947,17.788,5.001,0.023,-0.037,240.865,-0.003,-0.001,-0.006,977.740,13.060,299.755,45.0000000,-122.0000000,299.940,0.000,0.000,0.000,8,00:00:00,-0.380,-0.060,0.050
47.724,298.9054728,47.724,6,5.458,12.652,293.762,3.726,9.040,-19.787,24.296,60.832,198.141,17.789,5.005,0.031,0.020,218.024,-0.006,-0.002,-0.006,978.420,13.060,293.932,45.0000000,-122.0000000,294.110,0.000,0.000,0.000,8,00:00:00,-0.410,0.310,-0.590
47.729,298.8140328,47.729,6,4.811,11.153,294.337,3.694,8.988,-18.647,21.831,54.704,177.501,17.792,5.010,-0.026,-0.079,196.353,-0.008,0.005,0.011,977.890,13.060,298.470,45.0000000,-122.0000000,298.620,0.000,0.000,0.000,8,00:00:00,-0.850,-0.320,0.100
47.734,298.71710640000003,47.734,6,4.305,9.982,294.672,3.681,8.975,-17.698,19.530,49.045,157.776,17.795,5.015,-0.038,0.020,175.704,-0.006,0.008,-0.008,977.950,13.060,297.956,45.0000000,-122.0000000,298.140,0.000,0.000,0.000,8,00:00:00,-1.060,-0.680,1.390
47.74,298.61408400000005,47.740,6,3.902,9.051,294.820,3.695,9.029,-16.767,17.372,43.663,139.305,17.794,5.021,-0.035,0.042,156.344,0.002,-0.006,-0.022,978.030,13.060,297.271,45.0000000,-122.0000000,297.440,0.000,0.000,0.000,8,00:00:00,0.720,-0.210,0.400
47.747,298.50435600000003,47.747,6,3.576,8.297,294.292,3.727,9.124,-16.072,15.277,38.466,121.747,17.789,5.028,-0.082,-0.004,137.914,0.015,0.005,-0.005,978.690,13.060,291.621,45.0000000,-122.0000000,291.760,0.000,0.000,0.000,8,00:00:00,0.180,-0.330,0.430
47.755,298.38700800000004,47.755,6,3.308,7.680,293.589,3.772,9.247,-15.448,13.549,33.707,105.505,17.794,5.036,0.083,-0.018,120.902,-0.008,0.003,0.013,978.990,13.060,289.054,45.0000000,-122.0000000,289.210,0.000,0.000,0.000,8,00:00:00,-0.400,0.060,0.060
47.764,298.2602112,47.764,6,3.087,7.170,293.828,3.824,9.383,-14.493,11.784,29.215,90.149,17.802,5.045,0.107,-0.034,104.805,-0.015,0.003,-0.007,977.920,13.060,298.213,45.0000000,-122.0000000,298.390,0.000,0.000,0.000,8,00:00:00,0.540,-0.230,-0.550
47.774,298.1227464,47.774,6,2.903,6.747,293.897,3.877,9.523,-13.652,10.045,25.101,75.938,17.805,5.055,0.032,0.001,89.909,-0.006,-0.006,-0.012,978.080,13.060,296.843,45.0000000,-122.0000000,297.010,0.000,0.000,0.000,8,00:00:00,-0.330,-0.020,-0.180
47.787,297.97217520000004,47.787,6,2.756,6.412,293.904,3.945,9.700,-12.762,8.530,21.211,62.968,17.792,5.068,0.042,-0.073,76.284,0.018,-0.007,0.016,978.100,13.060,296.672,45.0000000,-122.0000000,296.820,0.000,0.000,0.000,8,00:00:00,-0.730,0.770,-0.510
47.802,297.80544960000003,47.802,6,2.638,6.145,293.811,4.013,9.877,-11.964,7.088,17.782,50.722,17.800,5.083,0.021,0.064,63.487,-0.009,0.001,-0.019,978.220,13.060,295.644,45.0000000,-122.0000000,295.790,0.000,0.000,0.000,8,00:00:00,0.010,0.480,0.190
47.821,297.6183024,47.821,6,2.553,5.956,293.634,4.087,10.070,-11.188,5.791,14.506,39.916,17.783,5.102,-0.010,-0.029,52.121,0.018,0.001,-0.013,978.310,13.070,294.874,45.0000000,-122.0000000,295.030,0.000,0.000,0.000,8,00:00:00,-0.400,-0.340,-0.110
47.844,297.40402800000004,47.844,6,2.497,5.838,293.354,4.160,10.260,-10.507,4.603,11.656,30.170,17.772,5.125,-0.041,-0.029,41.898,0.003,-0.021,0.015,978.460,13.070,293.590,45.0000000,-122.0000000,293.780,0.000,0.000,0.000,8,00:00:00,0.860,0.290,-0.550
47.875,297.1522632,47.875,6,2.484,5.824,292.900,4.240,10.469,-9.909,3.612,9.147,21.248,17.768,5.156,0.006,0.066,32.577,0.001,-0.007,-0.006,978.700,13.070,291.536,45.0000000,-122.0000000,291.730,0.000,0.000,0.000,8,00:00:00,-0.110,-0.060,0.320
47.919,296.8425864,47.919,6,2.532,5.959,292.793,4.328,10.693,-9.160,2.739,6.822,13.707,17.778,5.200,0.002,-0.050,24.639,0.001,0.011,-0.004,977.920,13.070,298.213,45.0000000,-122.0000000,298.390,0.000,0.000,0.000,8,00:00:00,0.040,0.440,0.890
47.987,296.4323256,47.987,6,2.685,6.351,292.600,4.430,10.947,-8.478,2.004,4.935,7.041,17.869,5.268,0.027,-0.015,17.673,-0.020,0.010,-0.011,977.770,13.070,299.498,45.0000000,-122.0000000,299.710,0.000,0.000,0.000,8,00:00:00,-0.480,-0.190,0.190
48.113,295.7895024,48.113,6,3.084,7.354,291.692,4.553,11.277,-8.204,1.310,3.415,1.540,17.880,5.394,-0.044,0.080,11.924,0.004,0.012,0.003,978.360,13.080,294.446,45.0000000,-122.0000000,294.640,0.000,0.000,0.000,8,00:00:00,0.550,1.170,0.330
48.305,294.9500832,48.305,6,3.764,9.050,289.928,4.727,11.675,-8.376,1.205,2.784,-0.353,18.136,5.586,0.053,-0.026,9.932,0.010,0.003,-0.006,979.070,13.080,288.370,45.0000000,-122.0000000,288.520,0.000,0.000,0.000,8,00:00:00,0.030,-0.010,-1.090
48.516,294.0737832,48.516,6,4.512,10.915,287.958,4.887,12.112,-8.598,1.116,2.935,-0.531,18.514,5.797,-0.010,0.092,9.795,-0.005,-0.019,0.009,979.270,13.090,286.659,45.0000000,-122.0000000,286.790,0.000,0.000,0.000,8,00:00:00,0.040,-0.590,0.460
48.728,293.1956544,48.728,6,5.235,12.726,286.398,5.033,12.495,-8.537,1.138,2.903,-0.442,18.915,6.009,-0.016,-0.030,9.873,-0.001,-0.000,-0.002,978.940,13.090,289.482,45.0000000,-122.0000000,289.660,0.000,0.000,0.000,8,00:00:00,0.320,-0.770,0.230
48.94,292.31722080000003,48.940,6,5.924,14.452,285.021,5.171,12.838,-8.389,1.197,2.956,-0.454,19.441,6.221,0.042,-0.072,9.884,-0.016,-0.012,-0.007,978.980,13.100,289.140,45.0000000,-122.0000000,289.310,0.000,0.000,0.000,8,00:00:00,0.020,0.080,-0.320
49.152,291.43939680000005,49.152,6,6.570,16.078,282.869,5.275,13.143,-8.701,1.135,3.017,-0.574,19.843,6.433,0.007,-0.057,9.782,-0.006,-0.019,0.003,979.930,13.110,281.015,45.0000000,-122.0000000,281.190,0.000,0.000,0.000,8,00:00:00,0.770,-0.070,-0.060
49.363,290.561268,49.363,6,7.162,17.580,281.447,5.346,13.402,-8.613,1.081,3.049,-0.604,20.232,6.644,-0.038,-0.090,9.758,-0.003,-0.014,0.008,979.480,13.110,284.863,45.0000000,-122.0000000,285.030,0.000,0.000,0.000,8,00:00:00,0.720,0.470,0.010
49.575,289.683444,49.575,6,7.706,18.979,281.624,5.417,13.670,-7.769,1.163,3.299,-0.601,20.893,6.856,-0.004,0.038,9.851,-0.018,0.005,-0.009,978.360,13.120,294.446,45.0000000,-122.0000000,294.650,0.000,0.000,0.000,8,00:00:00,-0.220,-0.330,0.250
49.787,288.80562000000003,49.787,6,8.195,20.260,281.894,5.456,13.886,-7.008,1.092,3.269,-0.621,21.221,7.068,-0.063,-0.047,9.813,0.005,-0.014,-0.004,978.450,13.120,293.675,45.0000000,-122.0000000,293.860,0.000,0.000,0.000,8,00:00:00,-0.560,-0.420,-0.350
49.999,287.927796,49.999,7,8.631,21.424,280.997,5.510,14.109,-6.890,1.235,3.484,-0.710,21.839,0.000,0.036,0.090,9.822,-0.011,0.008,-0.006,979.460,13.130,285.034,45.0000000,-122.0000000,285.160,0.000,0.000,0.000,8,00:00:00,0.060,0.270,0.510
50.211,287.049972,50.211,7,9.018,22.478,280.824,5.548,14.304,-6.511,1.219,3.518,-0.856,22.561,0.212,0.008,0.053,9.697,-0.021,0.001,-0.008,979.040,13.130,288.626,45.0000000,-122.0000000,288.840,0.000,0.000,0.000,8,00:00:00,0.880,0.000,0.280
50.422,286.172148,50.422,7,9.352,23.415,279.845,5.574,14.476,-6.478,1.222,3.566,-0.652,22.984,0.423,-0.027,-0.050,9.904,0.002,-0.006,-0.004,979.730,13.140,282.725,45.0000000,-122.0000000,282.880,0.000,0.000,0.000,8,00:00:00,0.030,0.620,-0.140
50.634,285.2946288,50.634,7,9.648,24.270,277.961,5.583,14.636,-6.848,1.181,3.614,-0.801,23.486,0.635,-0.066,-0.037,9.778,-0.003,-0.005,-0.003,980.520,13.150,275.972,45.0000000,-122.0000000,276.170,0.000,0.000,0.000,8,00:00:00,0.330,0.780,0.690
50.846,284.4171096,50.846,7,9.905,25.039,277.390,5.612,14.807,-6.650,1.305,3.763,-0.743,24.114,0.847,0.000,-0.020,9.903,-0.009,0.008,-0.012,979.710,13.150,282.896,45.0000000,-122.0000000,283.020,0.000,0.000,0.000,8,00:00:00,-0.720,0.100,-0.690
51.057,283.5405048,51.057,7,10.123,25.726,276.425,5.621,14.990,-6.652,1.244,3.916,-0.851,24.527,1.058,-0.069,0.091,9.855,0.007,-0.006,0.008,980.100,13.160,279.562,45.0000000,-122.0000000,279.750,0.000,0.000,0.000,8,00:00:00,-0.840,-0.380,0.540
51.269,282.66268080000003,51.269,7,10.319,26.367,274.739,5.651,15.145,-6.929,1.352,3.830,-0.842,25.163,1.270,-0.013,-0.087,9.845,-0.006,0.015,0.002,980.750,13.160,274.007,45.0000000,-122.0000000,274.130,0.000,0.000,0.000,8,00:00:00,0.660,0.590,-0.460
51.481,281.7851616,51.481,7,10.495,26.957,275.200,5.703,15.322,-6.401,1.472,3.979,-0.990,25.675,1.482,0.082,0.029,9.787,0.003,0.002,0.021,979.280,13.170,286.573,45.0000000,-122.0000000,286.740,0.000,0.000,0.000,8,00:00:00,-0.770,-0.160,0.560
51.693,280.908252,51.693,7,10.656,27.510,275.000,5.739,15.501,-6.205,1.399,4.028,-1.169,26.347,1.694,-0.003,0.038,9.636,-0.010,0.002,0.000,979.790,13.170,282.212,45.0000000,-122.0000000,282.390,0.000,0.000,0.000,8,00:00:00,-1.030,-0.620,0.360
51.904,280.0307328,51.904,7,10.801,28.020,273.643,5.792,15.694,-6.441,1.495,4.137,-1.075,27.005,1.905,0.040,-0.009,9.780,-0.008,0.002,0.006,980.730,13.180,274.178,45.0000000,-122.0000000,274.340,0.000,0.000,0.000,8,00:00:00,0.110,0.360,-0.440
52.116,279.15382320000003,52.116,7,10.944,28.530,272.199,5.843,15.931,-6.680,1.480,4.347,-1.029,27.733,2.117,0.000,0.030,9.909,-0.017,-0.012,-0.016,980.920,13.190,272.555,45.0000000,-122.0000000,272.750,0.000,0.000,0.000,8,00:00:00,0.470,0.230,0.170
52.328,278.2769136,52.328,7,11.084,29.036,271.262,5.912,16.175,-6.732,1.563,4.403,-1.126,28.465,2.329,0.083,-0.006,9.860,-0.016,-0.011,0.000,980.660,13.190,274.776,45.0000000,-122.0000000,274.950,0.000,0.000,0.000,8,00:00:00,-0.010,-0.720,-0.690
52.539,277.4003088,52.539,7,11.217,29.528,271.030,5.972,16.436,-6.537,1.531,4.511,-1.202,29.148,2.540,0.006,0.017,9.838,-0.004,0.009,-0.004,980.210,13.200,278.621,45.0000000,-122.0000000,278.800,0.000,0.000,0.000,8,00:00:00,-0.260,-0.180,0.140
52.751,276.5240088,52.751,7,11.356,30.046,270.030,6.023,16.719,-6.651,1.480,4.610,-1.254,29.754,2.752,-0.086,0.032,9.830,0.002,0.006,-0.013,980.860,13.200,273.067,45.0000000,-122.0000000,273.200,0.000,0.000,0.000,8,00:00:00,-0.430,1.050,-0.360
52.963,275.6461848,52.963,7,11.496,30.576,269.609,6.100,17.014,-6.566,1.601,4.681,-1.377,30.667,2.964,-0.021,0.010,9.777,-0.019,0.017,-0.005,980.500,13.210,276.143,45.0000000,-122.0000000,276.340,0.000,0.000,0.000,8,00:00:00,1.090,-0.210,0.470
53.175,274.7698848,53.175,7,11.643,31.126,268.328,6.192,17.344,-6.826,1.668,4.868,-1.479,31.497,3.176,-0.004,0.090,9.791,-0.013,0.008,-0.002,981.240,13.210,269.822,45.0000000,-122.0000000,269.960,0.000,0.000,0.000,8,00:00:00,0.450,-0.510,0.490
53.386,273.89328,53.386,7,11.790,31.684,267.721,6.267,17.674,-6.820,1.601,4.904,-1.494,32.163,3.387,-0.079,0.012,9.786,-0.004,-0.011,0.007,980.820,13.220,273.409,45.0000000,-122.0000000,273.590,0.000,0.000,0.000,8,00:00:00,0.440,-0.230,-0.350
53.598,273.0166752,53.598,7,11.951,32.285,266.431,6.370,18.027,-7.074,1.724,5.011,-1.531,32.653,3.599,0.008,0.044,9.830,0.016,-0.001,0.009,981.430,13.230,268.199,45.0000000,-122.0000000,268.380,0.000,0.000,0.000,8,00:00:00,-0.440,0.590,0.640
53.81,272.1400704,53.810,7,12.125,32.913,265.959,6.502,18.399,-7.015,1.866,5.128,-1.586,33.450,3.811,0.083,0.048,9.869,-0.005,0.014,-0.003,980.890,13.230,272.811,45.0000000,-122.0000000,273.010,0.000,0.000,0.000,8,00:00:00,-0.040,-0.010,0.450
54.021,271.2637704,54.021,7,12.306,33.554,264.920,6.625,18.770,-7.190,1.836,5.175,-1.673,34.144,4.022,-0.000,0.029,9.816,0.004,0.014,-0.004,981.410,13.240,268.370,45.0000000,-122.0000000,268.560,0.000,0.000,0.000,8,00:00:00,-0.050,1.120,-0.660
54.233,270.3874704,54.233,7,12.507,34.240,263.293,6.757,19.152,-7.586,1.876,5.240,-1.753,35.076,4.234,0.014,-0.031,9.792,-0.020,-0.002,0.002,981.970,13.240,263.589,45.0000000,-122.0000000,263.780,0.000,0.000,0.000,8,00:00:00,-0.330,-0.050,0.410
54.444,269.5111704,54.444,7,12.714,34.940,261.088,6.874,19.562,-8.190,1.825,5.433,-1.868,35.786,4.445,-0.041,0.070,9.793,-0.003,-0.013,0.008,982.570,13.250,258.470,45.0000000,-122.0000000,258.610,0.000,0.000,0.000,8,00:00:00,-1.340,0.130,-0.530
54.656,268.63517520000005,54.656,7,12.938,35.690,260.188,7.017,19.979,-8.266,1.948,5.483,-1.910,36.491,4.657,0.052,0.016,9.811,0.002,-0.004,-0.003,981.690,13.250,265.979,45.0000000,-122.0000000,266.150,0.000,0.000,0.000,8,00:00:00,-0.270,0.530,-0.600
54.868,267.75887520000003,54.868,7,13.176,36.469,258.718,7.165,20.410,-8.555,1.989,5.598,-1.941,37.121,4.869,0.094,0.011,9.859,0.004,-0.022,-0.004,982.240,13.260,261.285,45.0000000,-122.0000000,261.450,0.000,0.000,0.000,8,00:00:00,-0.190,0.200,-0.580
55.079,266.88288,55.079,7,13.419,37.263,258.319,7.294,20.865,-8.422,1.918,5.784,-1.945,37.914,5.080,-0.054,0.042,9.949,0.001,0.012,0.012,981.520,13.270,267.431,45.0000000,-122.0000000,267.560,0.000,0.000,0.000,8,00:00:00,0.070,-0.180,-0.200
55.291,266.0071896,55.291,7,13.679,38.105,256.704,7.433,21.300,-8.791,1.972,5.724,-2.126,38.485,5.292,-0.006,0.009,9.783,0.018,0.002,0.004,982.550,13.270,258.640,45.0000000,-122.0000000,258.820,0.000,0.000,0.000,8,00:00:00,0.670,0.200,0.700
55.502,265.1311944,55.502,7,13.940,38.954,254.978,7.565,21.739,-9.187,1.971,5.831,-2.190,39.222,5.503,-0.028,0.008,9.795,0.002,-0.008,0.012,982.780,13.280,256.679,45.0000000,-122.0000000,256.830,0.000,0.000,0.000,8,00:00:00,0.240,-0.610,-0.430
55.714,264.25550400000003,55.714,7,14.214,39.848,254.176,7.685,22.177,-9.209,1.918,5.859,-2.225,39.769,5.715,-0.078,-0.043,9.774,0.016,-0.018,0.005,982.180,13.280,261.797,45.0000000,-122.0000000,261.940,0.000,0.000,0.000,8,00:00:00,-0.570,-1.270,0.290
55.925,263.3795088,55.925,7,14.486,40.742,253.170,7.801,22.624,-9.318,1.931,6.001,-2.274,40.668,5.926,-0.067,-0.064,9.825,-0.015,-0.020,-0.006,982.440,13.290,259.579,45.0000000,-122.0000000,259.720,0.000,0.000,0.000,8,00:00:00,0.340,0.580,0.180
56.137,262.504428,56.137,7,14.770,41.683,252.068,7.943,23.105,-9.478,2.060,6.204,-2.403,41.470,6.138,0.043,0.032,9.879,-0.001,-0.010,-0.001,982.610,13.290,258.129,45.0000000,-122.0000000,258.290,0.000,0.000,0.000,8,00:00:00,0.090,-0.570,-0.150
56.348,261.6290424,56.348,7,15.055,42.624,251.545,8.089,23.565,-9.423,2.115,6.209,-2.468,42.020,6.349,0.063,-0.011,9.845,0.025,0.002,-0.008,982.260,13.300,261.115,45.0000000,-122.0000000,261.300,0.000,0.000,0.000,8,00:00:00,0.300,-0.920,0.770
56.56,260.7530472,56.560,7,15.355,43.608,249.997,8.238,24.036,-9.782,2.144,6.309,-2.592,42.780,6.561,0.055,0.023,9.823,0.009,0.004,-0.013,983.140,13.300,253.608,45.0000000,-122.0000000,253.770,0.000,0.000,0.000,8,00:00:00,0.400,0.360,-0.080
56.771,259.8776616,56.771,7,15.655,44.585,249.007,8.389,24.490,-9.915,2.185,6.337,-2.650,43.422,6.772,0.070,-0.024,9.808,0.017,-0.005,0.010,982.830,13.310,256.252,45.0000000,-122.0000000,256.420,0.000,0.000,0.000,8,00:00:00,-0.220,-0.200,-0.190
56.983,259.002276,56.983,7,15.967,45.599,248.254,8.513,24.943,-9.961,2.074,6.396,-2.718,44.393,6.984,-0.039,-0.102,9.772,-0.014,-0.016,-0.009,982.730,13.320,257.105,45.0000000,-122.0000000,257.270,0.000,0.000,0.000,8,00:00:00,0.650,0.180,0.230
57.194,258.1275,57.194,7,16.274,46.603,246.956,8.662,25.412,-10.254,2.232,6.581,-2.939,45.283,7.195,0.120,0.023,9.772,-0.004,-0.013,0.006,983.250,13.320,252.671,45.0000000,-122.0000000,252.860,0.000,0.000,0.000,8,00:00:00,0.030,-0.610,-0.930
57.406,257.2518096,57.406,7,16.593,47.644,246.050,8.795,25.891,-10.390,2.170,6.691,-3.008,46.294,7.407,0.053,-0.024,9.785,-0.014,-0.017,0.004,983.040,13.330,254.461,45.0000000,-122.0000000,254.580,0.000,0.000,0.000,8,00:00:00,-0.100,1.220,-0.080
57.617,256.3767288,57.617,7,16.905,48.675,245.220,8.920,26.381,-10.523,2.171,6.863,-3.188,47.254,7.618,0.036,0.064,9.780,-0.005,-0.005,-0.010,983.070,13.330,254.205,45.0000000,-122.0000000,254.390,0.000,0.000,0.000,8,00:00:00,0.070,-0.520,0.140
57.829,255.50164800000002,57.829,7,17.225,49.745,244.642,9.041,26.875,-10.558,2.167,6.944,-3.223,48.201,7.830,-0.006,-0.013,9.814,-0.002,-0.003,-0.000,982.940,13.340,255.314,45.0000000,-122.0000000,255.450,0.000,0.000,0.000,8,00:00:00,0.610,0.240,0.760
58.04,254.6265672,58.040,7,17.535,50.802,243.245,9.168,27.374,-10.939,2.236,7.100,-3.423,49.044,8.041,0.027,0.100,9.808,0.011,0.006,0.024,983.660,13.350,249.176,45.0000000,-122.0000000,249.350,0.000,0.000,0.000,8,00:00:00,0.300,-0.560,0.110
58.252,253.752096,58.252,7,17.855,51.898,243.241,9.302,27.879,-10.782,2.285,7.193,-3.505,50.011,8.253,0.049,0.056,9.834,-0.002,-0.007,-0.011,982.650,13.350,257.787,45.0000000,-122.0000000,257.920,0.000,0.000,0.000,8,00:00:00,-0.410,0.720,0.450
58.463,252.87701520000002,58.463,7,18.166,52.977,243.484,9.427,28.357,-10.582,2.287,7.199,-3.684,51.098,8.464,0.036,0.014,9.725,-0.009,0.003,-0.008,982.480,13.360,259.238,45.0000000,-122.0000000,259.420,0.000,0.000,0.000,8,00:00:00,0.090,-0.520,0.960
58.675,252.0028488,58.675,7,18.487,54.087,242.665,9.571,28.843,-10.800,2.392,7.304,-3.699,52.024,8.676,0.064,-0.059,9.819,0.008,0.008,0.003,983.320,13.360,252.074,45.0000000,-122.0000000,252.230,0.000,0.000,0.000,8,00:00:00,1.030,-0.520,-0.700
58.886,251.12746320000002,58.886,7,18.801,55.175,241.470,9.704,29.315,-11.174,2.381,7.372,-3.855,52.829,8.887,0.018,-0.021,9.771,0.018,0.006,-0.002,983.690,13.370,248.920,45.0000000,-122.0000000,249.050,0.000,0.000,0.000,8,00:00:00,0.190,0.030,0.060
59.098,250.252992,59.098,7,19.123,56.294,240.096,9.827,29.797,-11.600,2.351,7.492,-3.930,53.691,9.099,-0.058,-0.025,9.810,0.013,0.000,0.007,983.910,13.370,247.045,45.0000000,-122.0000000,247.170,0.000,0.000,0.000,8,00:00:00,0.790,-0.200,0.020
59.309,249.37852080000002,59.309,7,19.433,57.387,238.993,9.947,30.276,-11.916,2.380,7.614,-4.054,54.759,9.310,-0.059,-0.034,9.837,-0.005,-0.004,0.006,983.800,13.380,247.983,45.0000000,-122.0000000,248.170,0.000,0.000,0.000,8,00:00:00,0.020,-0.250,0.160
59.52,248.50404960000003,59.520,7,19.740,58.484,237.754,10.056,30.751,-12.290,2.352,7.696,-4.209,55.754,9.521,-0.083,-0.032,9.804,-0.001,-0.013,-0.014,983.990,13.390,246.363,45.0000000,-122.0000000,246.530,0.000,0.000,0.000,8,00:00:00,0.460,0.800,-0.030
59.732,247.6295784,59.732,7,20.053,59.611,236.276,10.172,31.237,-12.775,2.406,7.825,-4.466,56.844,9.733,-0.022,0.060,9.776,-0.005,-0.009,-0.004,984.260,13.390,244.063,45.0000000,-122.0000000,244.240,0.000,0.000,0.000,8,00:00:00,-0.360,-0.150,0.220
59.943,246.75541200000004,59.943,7,20.357,60.712,235.062,10.320,31.733,-13.140,2.603,8.005,-4.549,57.927,9.944,0.114,0.031,9.926,-0.002,-0.003,0.001,984.160,13.400,244.915,45.0000000,-122.0000000,245.080,0.000,0.000,0.000,8,00:00:00,-0.880,0.340,0.460
60.154,245.88094080000002,60.154,7,20.662,61.816,233.006,10.445,32.194,-13.828,2.516,7.950,-4.724,59.039,10.155,0.022,-0.030,9.767,-0.002,0.004,0.014,984.920,13.400,238.442,45.0000000,-122.0000000,238.570,0.000,0.000,0.000,8,00:00:00,0.010,-0.380,0.120
60.366,245.0070792,60.366,7,20.977,62.949,231.677,10.580,32.688,-14.221,2.585,8.176,-4.886,60.062,10.367,0.029,0.055,9.888,0.008,0.004,0.009,984.470,13.410,242.274,45.0000000,-122.0000000,242.430,0.000,0.000,0.000,8,00:00:00,-0.480,-0.190,0.390
60.577,244.13260800000003,60.577,7,21.282,64.050,229.018,10.720,33.153,-15.110,2.647,8.180,-5.020,61.203,10.578,0.068,-0.027,9.841,-0.003,-0.000,0.013,985.640,13.410,232.314,45.0000000,-122.0000000,232.410,0.000,0.000,0.000,8,00:00:00,0.090,0.300,0.240
60.788,243.2587464,60.788,7,21.589,65.150,227.798,10.863,33.609,-15.428,2.696,8.241,-5.223,62.171,10.789,0.107,0.010,9.808,0.012,-0.004,-0.001,984.670,13.420,240.571,45.0000000,-122.0000000,240.720,0.000,0.000,0.000,8,00:00:00,-0.060,0.040,0.680
61.0,242.3848848,61.000,7,21.907,66.276,227.286,10.998,34.063,-15.480,2.674,8.303,-5.348,63.052,11.001,0.059,0.008,9.798,0.021,-0.003,-0.004,984.190,13.420,244.659,45.0000000,-122.0000000,244.830,0.000,0.000,0.000,8,00:00:00,-0.850,-0.200,0.230
61.211,241.5110232,61.211,7,22.214,67.362,225.211,11.118,34.498,-16.151,2.641,8.350,-5.522,64.057,11.212,-0.016,0.030,9.751,0.015,0.012,0.014,985.500,13.430,233.505,45.0000000,-122.0000000,233.610,0.000,0.000,0.000,8,00:00:00,-0.190,-0.120,-0.230
61.422,240.63777120000003,61.422,7,22.520,68.443,224.219,11.267,34.942,-16.374,2.811,8.500,-5.578,65.157,11.423,0.067,-0.050,9.902,0.005,0.005,0.003,984.780,13.440,239.634,45.0000000,-122.0000000,239.810,0.000,0.000,0.000,8,00:00:00,-1.260,-0.310,-0.290
61.634,239.7639096,61.634,7,22.837,69.550,223.425,11.386,35.380,-16.568,2.688,8.538,-5.893,66.584,11.635,-0.019,0.018,9.770,-0.025,-0.007,-0.013,984.690,13.440,240.401,45.0000000,-122.0000000,240.540,0.000,0.000,0.000,8,00:00:00,0.430,-0.310,-0.340
61.845,238.88974320000003,61.845,7,23.142,70.616,222.050,11.517,35.817,-16.990,2.786,8.673,-6.017,67.652,11.846,0.016,0.001,9.868,0.010,0.004,0.011,985.230,13.450,235.803,45.0000000,-122.0000000,235.970,0.000,0.000,0.000,8,00:00:00,0.670,-0.300,-0.910
62.056,238.0161864,62.056,7,23.445,71.677,220.821,11.639,36.249,-17.367,2.767,8.751,-6.227,68.809,12.057,0.001,0.027,9.852,-0.001,-0.011,-0.018,985.210,13.450,235.974,45.0000000,-122.0000000,236.140,0.000,0.000,0.000,8,00:00:00,-0.140,0.340,1.010
62.268,237.14262960000002,62.268,7,23.755,72.763,220.825,11.747,36.659,-17.288,2.723,8.715,-6.419,70.009,12.269,-0.039,-0.006,9.740,-0.000,-0.001,-0.002,984.300,13.460,243.722,45.0000000,-122.0000000,243.880,0.000,0.000,0.000,8,00:00:00,-0.320,0.300,-0.220
62.479,236.2693776,62.479,7,24.049,73.803,219.616,11.853,37.074,-17.712,2.755,8.872,-6.613,71.156,12.480,-0.051,0.040,9.825,0.005,0.002,0.005,985.290,13.460,235.293,45.0000000,-122.0000000,235.440,0.000,0.000,0.000,8,00:00:00,0.610,-0.070,0.440
62.69,235.39582080000002,62.690,7,24.341,74.836,218.515,11.975,37.477,-18.110,2.858,8.913,-6.850,72.463,12.691,0.017,0.044,9.817,-0.004,0.012,0.005,985.280,13.470,235.378,45.0000000,-122.0000000,235.530,0.000,0.000,0.000,8,00:00:00,0.940,0.190,-0.180
62.901,234.52287360000003,62.901,7,24.628,75.859,217.527,12.061,37.870,-18.452,2.710,8.963,-6.942,73.669,12.902,-0.118,-0.038,9.793,-0.005,-0.023,0.020,985.260,13.480,235.548,45.0000000,-122.0000000,235.680,0.000,0.000,0.000,8,00:00:00,-0.070,-0.900,0.320
63.112,233.64962160000002,63.112,7,24.909,76.872,215.346,12.160,38.251,-19.238,2.805,9.001,-7.055,74.882,13.113,-0.046,-0.144,9.821,-0.002,-0.010,-0.002,986.280,13.480,226.870,45.0000000,-122.0000000,227.040,0.000,0.000,0.000,8,00:00:00,-0.510,-0.380,-0.230
63.324,232.7763696,63.324,7,25.199,77.908,213.179,12.285,38.649,-20.065,2.938,9.140,-7.593,76.367,13.325,0.131,0.126,9.852,-0.020,0.002,0.002,986.390,13.490,225.934,45.0000000,-122.0000000,226.060,0.000,0.000,0.000,8,00:00:00,0.160,-0.210,-0.180
63.535,231.9034224,63.535,7,25.475,78.895,211.635,12.380,39.008,-20.603,2.834,9.089,-7.639,77.694,13.536,0.002,-0.045,9.765,-0.007,-0.002,0.009,986.040,13.490,228.911,45.0000000,-122.0000000,229.070,0.000,0.000,0.000,8,00:00:00,-0.270,-0.410,-0.260
63.746,231.0304752,63.746,7,25.747,79.869,210.704,12.488,39.360,-20.911,2.925,9.151,-7.854,78.918,13.747,0.048,-0.039,9.804,0.006,0.011,-0.003,985.650,13.500,232.229,45.0000000,-122.0000000,232.330,0.000,0.000,0.000,8,00:00:00,-0.450,-0.080,-0.340
63.957,230.157528,63.957,7,26.016,80.829,208.276,12.583,39.711,-21.791,2.883,9.235,-8.028,80.029,13.958,-0.023,-0.025,9.837,0.013,0.000,0.001,986.910,13.500,221.513,45.0000000,-122.0000000,221.620,0.000,0.000,0.000,8,00:00:00,1.180,-0.320,0.170
64.168,229.28458080000001,64.168,7,26.280,81.775,207.091,12.668,40.049,-22.179,2.865,9.257,-8.242,81.092,14.169,-0.038,0.012,9.816,0.017,-0.004,0.003,986.070,13.510,228.656,45.0000000,-122.0000000,228.790,0.000,0.000,0.000,8,00:00:00,0.380,-0.630,0.230
64.37899999999999,228.41193840000003,64.379,7,26.541,82.704,205.781,12.780,40.353,-22.630,3.016,9.188,-8.472,82.452,14.380,0.103,-0.038,9.761,-0.005,0.009,-0.014,986.250,13.520,227.125,45.0000000,-122.0000000,227.240,0.000,0.000,0.000,8,00:00:00,-0.050,0.510,-0.050
64.59100000000001,227.539296,64.591,7,26.810,83.652,203.885,12.871,40.674,-23.302,2.931,9.314,-8.660,83.702,14.591,-0.013,-0.020,9.832,0.002,-0.002,0.004,986.790,13.520,222.533,45.0000000,-122.0000000,222.690,0.000,0.000,0.000,8,00:00:00,0.850,-0.710,0.710
64.80199999999999,226.66665360000002,64.802,7,27.063,84.542,201.151,12.959,40.979,-24.287,2.950,9.365,-8.909,84.917,14.803,-0.019,0.028,9.860,0.008,0.009,-0.014,987.600,13.530,215.650,45.0000000,-122.0000000,215.810,0.000,0.000,0.000,8,00:00:00,1.190,-0.020,-0.470
65.013,225.7940112,65.013,7,27.311,85.415,199.262,13.038,41.250,-24.912,2.935,9.286,-9.082,86.233,15.014,-0.017,-0.035,9.766,-0.004,-0.004,-0.005,987.100,13.530,219.898,45.0000000,-122.0000000,220.020,0.000,0.000,0.000,8,00:00:00,1.260,-1.140,-0.450
65.22399999999999,224.92167360000002,65.224,7,27.553,86.268,197.370,13.114,41.531,-25.529,2.940,9.410,-9.287,87.517,15.225,-0.059,-0.032,9.872,0.002,0.004,-0.003,987.230,13.540,218.794,45.0000000,-122.0000000,218.890,0.000,0.000,0.000,8,00:00:00,-0.890,0.200,-0.130
65.435,224.04933600000004,65.435,7,27.790,87.099,196.613,13.189,41.760,-25.736,2.957,9.245,-9.602,88.832,15.436,0.002,0.040,9.709,0.002,0.013,0.010,986.450,13.540,225.424,45.0000000,-122.0000000,225.520,0.000,0.000,0.000,8,00:00:00,0.620,-0.760,-0.080
65.646,223.17669360000002,65.646,7,28.022,87.904,194.928,13.270,41.981,-26.305,3.006,9.278,-9.754,90.262,15.647,-0.006,-0.052,9.753,-0.008,0.011,-0.003,987.250,13.550,218.624,45.0000000,-122.0000000,218.760,0.000,0.000,0.000,8,00:00:00,-0.100,-0.190,-0.300
65.857,222.30466080000002,65.857,7,28.248,88.684,193.007,13.337,42.188,-26.978,2.966,9.284,-10.054,91.481,15.858,0.023,0.036,9.749,0.001,-0.022,0.013,987.550,13.550,216.075,45.0000000,-122.0000000,216.210,0.000,0.000,0.000,8,00:00:00,-0.300,0.060,-0.240
66.068,221.4323232,66.068,7,28.469,89.439,191.531,13.399,42.400,-27.464,2.959,9.380,-10.215,92.782,16.069,0.020,-0.031,9.844,-0.007,-0.023,-0.003,987.320,13.560,218.029,45.0000000,-122.0000000,218.190,0.000,0.000,0.000,8,00:00:00,-0.380,0.180,0.710
66.279,220.5602904,66.279,7,28.682,90.172,190.490,13.444,42.609,-27.809,2.899,9.432,-10.517,93.999,16.280,-0.005,0.071,9.893,0.004,-0.012,0.005,987.070,13.570,220.153,45.0000000,-122.0000000,220.260,0.000,0.000,0.000,8,00:00:00,-1.000,0.110,0.130
66.491,219.6882576,66.491,7,28.896,90.917,189.377,13.478,42.772,-28.176,2.854,9.245,-10.632,95.284,16.492,-0.024,-0.018,9.711,0.002,0.002,-0.025,987.180,13.570,219.218,45.0000000,-122.0000000,219.330,0.000,0.000,0.000,8,00:00:00,-0.300,0.620,0.030
66.702,218.81652960000002,66.702,7,29.085,91.591,186.325,13.506,42.927,-29.289,2.854,9.314,-10.857,96.407,16.703,-0.018,0.007,9.798,0.011,-0.013,0.005,988.830,13.580,205.206,45.0000000,-122.0000000,205.330,0.000,0.000,0.000,8,00:00:00,-0.070,0.370,0.710
66.913,217.94510640000001,66.913,7,29.266,92.236,183.767,13.549,43.048,-30.156,2.946,9.208,-10.997,97.595,16.914,0.075,-0.076,9.740,0.009,0.001,-0.013,988.630,13.580,206.903,45.0000000,-122.0000000,206.990,0.000,0.000,0.000,8,00:00:00,0.110,-0.210,-0.160
67.124,217.07276880000003,67.124,7,29.437,92.851,183.318,13.560,43.171,-30.216,2.806,9.278,-11.261,98.939,17.125,-0.019,-0.020,9.801,-0.010,-0.022,-0.006,987.110,13.590,219.813,45.0000000,-122.0000000,219.950,0.000,0.000,0.000,8,00:00:00,0.190,0.040,-0.240
67.33500000000001,216.20073600000003,67.335,7,29.596,93.437,181.771,13.569,43.283,-30.733,2.816,9.277,-11.508,100.059,17.336,-0.008,0.031,9.842,0.015,0.002,-0.002,988.030,13.590,211.997,45.0000000,-122.0000000,212.110,0.000,0.000,0.000,8,00:00:00,-0.170,0.530,0.750
67.54599999999999,215.32931280000003,67.546,7,29.744,93.993,180.479,13.581,43.352,-31.157,2.841,9.126,-11.723,101.502,17.547,0.050,0.004,9.747,-0.011,0.006,0.013,987.930,13.600,212.847,45.0000000,-122.0000000,212.990,0.000,0.000,0.000,8,00:00:00,0.140,-0.690,-0.590
67.757,214.4575848,67.757,7,29.881,94.515,178.061,13.587,43.414,-32.027,2.823,9.142,-11.996,102.566,17.758,0.027,0.097,9.814,0.021,0.007,-0.019,988.920,13.610,204.442,45.0000000,-122.0000000,204.520,0.000,0.000,0.000,8,00:00:00,0.230,0.480,-0.150
67.968,213.5861616,67.968,7,30.009,95.004,176.475,13.595,43.462,-32.534,2.848,9.119,-12.091,103.779,17.969,0.030,-0.020,9.821,0.005,-0.004,0.004,988.410,13.610,208.771,45.0000000,-122.0000000,208.930,0.000,0.000,0.000,8,00:00:00,0.330,-0.490,0.160
68.179,212.71473840000002,68.179,7,30.126,95.461,175.810,13.598,43.493,-32.700,2.833,9.082,-12.318,105.196,18.180,0.022,-0.032,9.839,-0.011,0.004,-0.001,987.780,13.620,214.121,45.0000000,-122.0000000,214.280,0.000,0.000,0.000,8,00:00:00,0.820,0.410,-0.090
68.39,211.8433152,68.390,7,30.234,95.885,175.269,13.591,43.514,-32.877,2.796,9.076,-12.665,106.528,18.391,-0.013,0.091,9.916,-0.001,0.017,-0.002,987.730,13.620,214.545,45.0000000,-122.0000000,214.710,0.000,0.000,0.000,8,00:00:00,0.840,0.060,0.720
68.601,210.971892,68.601,7,30.332,96.275,173.279,13.591,43.505,-33.594,2.841,8.966,-12.714,107.784,18.602,-0.022,-0.056,9.843,0.006,0.021,-0.014,988.930,13.630,204.357,45.0000000,-122.0000000,204.520,0.000,0.000,0.000,8,00:00:00,0.730,-0.570,-0.020
68.812,210.10077360000002,68.812,7,30.422,96.628,170.550,13.591,43.466,-34.588,2.846,8.856,-12.991,109.067,18.813,0.020,0.011,9.831,-0.000,0.007,0.019,989.650,13.630,198.249,45.0000000,-122.0000000,198.380,0.000,0.000,0.000,8,00:00:00,-0.580,-0.100,-0.030
69.023,209.2296552,69.023,7,30.506,96.942,169.731,13.602,43.410,-34.836,2.907,8.807,-13.238,110.266,19.024,0.089,0.030,9.887,0.006,0.004,-0.007,988.290,13.640,209.790,45.0000000,-122.0000000,209.880,0.000,0.000,0.000,8,00:00:00,0.720,0.140,0.430
69.234,208.35853680000002,69.234,7,30.583,97.217,168.364,13.590,43.324,-35.283,2.802,8.687,-13.300,111.520,19.235,0.015,-0.060,9.772,-0.003,-0.007,-0.007,988.790,13.650,205.545,45.0000000,-122.0000000,205.650,0.000,0.000,0.000,8,00:00:00,-0.280,0.370,-0.290
69.445,207.4874184,69.445,7,30.650,97.450,167.223,13.575,43.213,-35.669,2.800,8.593,-13.595,112.818,19.446,0.054,0.018,9.799,-0.004,0.006,0.001,988.700,13.650,206.309,45.0000000,-122.0000000,206.420,0.000,0.000,0.000,8,00:00:00,-0.550,0.260,0.050
69.656,206.61690959999999,69.656,7,30.707,97.641,164.996,13.533,43.082,-36.445,2.673,8.515,-13.657,113.953,19.657,-0.059,-0.045,9.718,0.007,-0.005,0.001,989.650,13.660,198.249,45.0000000,-122.0000000,198.350,0.000,0.000,0.000,8,00:00:00,-0.040,1.140,-0.670
69.867,205.7457912,69.867,7,30.753,97.789,163.808,13.511,42.934,-36.852,2.769,8.449,-14.062,115.212,19.868,0.085,0.088,9.855,-0.003,0.005,-0.011,988.960,13.660,204.103,45.0000000,-122.0000000,204.250,0.000,0.000,0.000,8,00:00:00,0.040,-0.610,-0.370
70.078,204.87497760000002,70.078,7,30.788,97.894,162.045,13.463,42.765,-37.478,2.657,8.356,-14.239,116.485,20.079,-0.014,0.109,9.823,-0.003,0.011,0.009,989.500,13.670,199.521,45.0000000,-122.0000000,199.630,0.000,0.000,0.000,8,00:00:00,0.690,-0.230,0.190
70.289,204.004164,70.289,7,30.813,97.958,161.422,13.433,42.596,-37.642,2.738,8.363,-14.319,117.698,20.290,-0.032,-0.042,9.888,0.006,0.024,0.014,988.700,13.670,206.309,45.0000000,-122.0000000,206.450,0.000,0.000,0.000,8,00:00:00,0.010,0.300,-0.980
70.499,203.1336552,70.499,7,30.818,97.945,159.445,13.393,42.400,-38.332,2.705,8.269,-14.466,118.852,20.500,-0.021,-0.069,9.868,0.000,-0.010,-0.016,989.860,13.680,196.468,45.0000000,-122.0000000,196.620,0.000,0.000,0.000,8,00:00:00,-0.650,0.130,-0.440
70.71,202.2628416,70.710,7,30.827,97.933,158.092,13.358,42.185,-38.778,2.719,8.135,-14.689,120.141,20.711,0.022,-0.047,9.868,-0.006,0.011,0.009,989.460,13.690,199.860,45.0000000,-122.0000000,199.990,0.000,0.000,0.000,8,00:00:00,0.170,-0.510,-0.920
70.921,201.39294240000004,70.921,7,30.827,97.878,156.906,13.301,41.938,-39.150,2.612,7.983,-14.810,121.393,20.922,-0.014,-0.058,9.775,-0.009,-0.009,-0.005,989.420,13.690,200.200,45.0000000,-122.0000000,200.350,0.000,0.000,0.000,8,00:00:00,0.010,-0.330,0.320
71.132,200.5221288,71.132,7,30.816,97.778,155.686,13.243,41.683,-39.552,2.604,7.933,-15.040,122.559,21.133,0.011,-0.042,9.852,-0.002,-0.005,-0.001,989.530,13.700,199.267,45.0000000,-122.0000000,199.350,0.000,0.000,0.000,8,00:00:00,-0.330,1.160,0.060
71.343,199.6519248,71.343,7,30.792,97.634,154.021,13.162,41.396,-40.139,2.499,7.770,-15.284,123.771,21.344,-0.007,0.066,9.828,-0.006,-0.000,0.002,989.970,13.700,195.535,45.0000000,-122.0000000,195.660,0.000,0.000,0.000,8,00:00:00,-0.510,0.320,-0.240
71.554,198.78202560000003,71.554,7,30.753,97.445,152.816,13.069,41.083,-40.529,2.433,7.630,-15.396,125.076,21.555,-0.028,0.024,9.764,-0.016,-0.002,-0.012,989.710,13.710,197.740,45.0000000,-122.0000000,197.850,0.000,0.000,0.000,8,00:00:00,-0.200,-0.460,0.540
71.765,197.91121200000003,71.765,7,30.701,97.211,151.691,12.992,40.778,-40.880,2.506,7.645,-15.502,126.103,21.766,0.005,-0.098,9.855,0.008,-0.001,0.013,989.730,13.710,197.570,45.0000000,-122.0000000,197.670,0.000,0.000,0.000,8,00:00:00,0.150,0.830,0.170
71.976,197.0416176,71.976,7,30.637,96.935,151.174,12.895,40.450,-41.018,2.407,7.510,-15.722,127.137,21.977,0.007,-0.002,9.856,0.002,-0.015,0.000,989.320,13.720,201.048,45.0000000,-122.0000000,201.160,0.000,0.000,0.000,8,00:00:00,0.570,0.030,0.060
72.187,196.1711088,72.187,7,30.559,96.616,149.636,12.796,40.085,-41.559,2.387,7.305,-15.864,128.489,22.188,0.057,-0.012,9.783,-0.022,0.003,0.006,990.180,13.720,193.755,45.0000000,-122.0000000,193.900,0.000,0.000,0.000,8,00:00:00,0.090,-0.300,-0.660
72.397,195.3009048,72.397,7,30.458,96.218,147.425,12.703,39.712,-42.336,2.418,7.262,-15.989,129.332,22.398,0.074,-0.044,9.836,0.021,0.004,0.010,990.850,13.730,188.077,45.0000000,-122.0000000,188.200,0.000,0.000,0.000,8,00:00:00,0.620,0.360,-0.830
72.608,194.43100560000002,72.608,7,30.359,95.818,146.512,12.606,39.340,-42.598,2.375,7.194,-16.166,130.394,22.609,0.043,-0.033,9.889,0.002,0.006,-0.009,989.920,13.740,195.959,45.0000000,-122.0000000,196.060,0.000,0.000,0.000,8,00:00:00,0.190,0.080,0.340
72.819,193.5614112,72.819,7,30.247,95.378,145.350,12.486,38.958,-42.956,2.259,7.103,-16.282,131.212,22.820,0.021,0.001,9.871,0.012,-0.030,0.011,990.190,13.740,193.670,45.0000000,-122.0000000,193.810,0.000,0.000,0.000,8,00:00:00,0.240,0.250,0.830
73.03,192.69151200000002,73.030,7,30.120,94.900,143.683,12.356,38.564,-43.496,2.203,7.005,-16.380,132.257,23.031,-0.004,-0.026,9.853,-0.001,-0.003,-0.012,990.680,13.750,189.517,45.0000000,-122.0000000,189.630,0.000,0.000,0.000,8,00:00:00,-0.110,0.160,0.060
73.24,191.8219176,73.240,7,29.968,94.350,142.060,12.215,38.136,-43.998,2.142,6.820,-16.480,133.186,23.241,0.008,0.018,9.777,0.007,-0.003,-0.005,990.790,13.750,188.585,45.0000000,-122.0000000,188.730,0.000,0.000,0.000,8,00:00:00,0.080,0.020,0.050
73.451,190.9520184,73.451,7,29.811,93.798,139.935,12.068,37.709,-44.680,2.089,6.746,-16.644,134.173,23.452,-0.047,0.044,9.827,0.006,0.014,0.013,991.280,13.760,184.434,45.0000000,-122.0000000,184.560,0.000,0.000,0.000,8,00:00:00,0.220,-0.090,-0.790
73.662,190.0827288,73.662,7,29.641,93.208,139.053,11.941,37.267,-44.864,2.166,6.616,-16.752,135.023,23.663,0.064,0.013,9.831,0.012,-0.004,0.001,990.430,13.760,191.636,45.0000000,-122.0000000,191.760,0.000,0.000,0.000,8,00:00:00,0.550,-0.760,-1.100
73.873,189.2134392,73.873,7,29.457,92.580,136.949,11.777,36.818,-45.519,1.977,6.525,-16.885,135.989,23.874,-0.049,0.077,9.825,-0.002,-0.013,-0.015,991.490,13.770,182.655,45.0000000,-122.0000000,182.780,0.000,0.000,0.000,8,00:00:00,-0.060,-0.140,0.160
74.084,188.34384480000003,74.084,7,29.257,91.917,135.668,11.621,36.351,-45.824,1.996,6.378,-16.944,136.843,24.085,0.009,0.052,9.775,0.010,-0.003,0.018,990.980,13.780,186.975,45.0000000,-122.0000000,187.110,0.000,0.000,0.000,8,00:00:00,-0.050,-0.310,0.270
74.294,187.4745552,74.294,7,29.033,91.186,135.477,11.465,35.880,-45.698,1.980,6.319,-16.944,137.839,24.295,-0.041,-0.064,9.733,-0.000,0.009,-0.024,990.240,13.780,193.246,45.0000000,-122.0000000,193.320,0.000,0.000,0.000,8,00:00:00,-0.050,-0.580,-0.110
74.505,186.6052656,74.505,7,28.809,90.458,133.018,11.306,35.397,-46.495,1.941,6.162,-17.251,138.886,24.506,0.028,0.069,9.854,-0.011,-0.007,-0.006,992.070,13.790,177.745,45.0000000,-122.0000000,177.830,0.000,0.000,0.000,8,00:00:00,-0.270,0.110,0.260
74.716,185.7362808,74.716,7,28.573,89.696,131.087,11.153,34.905,-47.030,1.942,6.049,-17.255,139.656,24.717,0.051,0.012,9.787,0.013,-0.005,0.009,991.820,13.790,179.861,45.0000000,-122.0000000,179.940,0.000,0.000,0.000,8,00:00:00,0.080,0.410,-0.080
74.927,184.8669912,74.927,7,28.325,88.903,131.255,10.978,34.421,-46.746,1.822,6.016,-17.311,140.375,24.928,-0.049,0.004,9.786,0.015,-0.010,-0.013,990.280,13.800,192.907,45.0000000,-122.0000000,193.050,0.000,0.000,0.000,8,00:00:00,-0.630,-0.540,-0.120
75.137,183.99770160000003,75.137,7,28.052,88.053,129.797,10.783,33.933,-47.122,1.705,5.940,-17.436,141.057,25.138,-0.133,0.074,9.814,0.019,-0.001,-0.018,991.640,13.800,181.385,45.0000000,-122.0000000,181.470,0.000,0.000,0.000,8,00:00:00,-0.390,-0.010,0.220
75.348,183.1287168,75.348,7,27.778,87.211,127.510,10.621,33.449,-47.802,1.825,5.858,-17.552,141.936,25.349,0.022,-0.015,9.879,-0.002,-0.017,-0.003,992.390,13.810,175.037,45.0000000,-122.0000000,175.110,0.000,0.000,0.000,8,00:00:00,-0.060,0.080,0.840
75.559,182.259732,75.559,7,27.492,86.345,127.224,10.430,32.967,-47.684,1.663,5.782,-17.589,142.834,25.560,-0.091,-0.021,9.834,-0.004,-0.012,0.007,990.950,13.820,187.229,45.0000000,-122.0000000,187.300,0.000,0.000,0.000,8,00:00:00,0.470,0.280,-0.670
75.769,181.391052,75.769,7,27.185,85.427,126.616,10.240,32.450,-47.719,1.646,5.555,-17.697,143.950,25.770,-0.029,0.014,9.786,-0.020,0.005,0.009,991.290,13.820,184.349,45.0000000,-122.0000000,184.480,0.000,0.000,0.000,8,00:00:00,-0.100,-0.320,-0.680
75.98,180.52237200000002,75.980,7,26.878,84.517,125.340,10.073,31.945,-48.023,1.721,5.504,-17.806,144.755,25.981,0.012,-0.052,9.858,0.008,0.012,0.002,991.860,13.830,179.523,45.0000000,-122.0000000,179.640,0.000,0.000,0.000,8,00:00:00,0.300,-0.180,0.250
76.19,179.65399680000002,76.190,7,26.553,83.554,124.768,9.875,31.403,-48.047,1.547,5.257,-17.837,145.617,26.191,-0.013,0.065,9.719,-0.007,-0.018,0.001,991.430,13.830,183.164,45.0000000,-122.0000000,183.240,0.000,0.000,0.000,8,00:00:00,-0.560,0.790,-0.360
76.401,178.78531680000003,76.401,7,26.225,82.597,123.364,9.675,30.876,-48.398,1.506,5.217,-17.929,146.433,26.402,-0.064,0.032,9.767,0.002,0.005,0.000,992.130,13.840,177.237,45.0000000,-122.0000000,177.350,0.000,0.000,0.000,8,00:00:00,0.490,-0.230,-0.150
76.612,177.91663680000002,76.612,7,25.888,81.616,121.916,9.494,30.332,-48.767,1.558,5.049,-18.071,147.350,26.613,0.027,0.051,9.806,-0.006,0.010,0.003,992.280,13.840,175.968,45.0000000,-122.0000000,176.060,0.000,0.000,0.000,8,00:00:00,0.250,0.420,-0.600
76.823,177.0479568,76.823,7,25.541,80.612,119.943,9.289,29.804,-49.323,1.417,5.025,-18.169,148.258,26.824,-0.097,0.035,9.854,-0.011,-0.004,0.001,992.820,13.850,171.399,45.0000000,-122.0000000,171.500,0.000,0.000,0.000,8,00:00:00,0.170,-0.360,0.420
77.033,176.18019120000002,77.033,7,25.180,79.563,119.327,9.121,29.256,-49.342,1.560,4.856,-18.244,148.849,27.034,0.112,0.017,9.855,0.013,-0.013,0.003,991.910,13.850,179.099,45.0000000,-122.0000000,179.200,0.000,0.000,0.000,8,00:00:00,-0.220,0.150,1.290
77.244,175.3112064,77.244,7,24.822,78.524,116.833,8.935,28.733,-50.076,1.436,4.859,-18.302,149.877,27.245,-0.055,-0.058,9.888,-0.017,0.015,0.022,993.460,13.860,165.986,45.0000000,-122.0000000,166.110,0.000,0.000,0.000,8,00:00:00,-1.130,0.070,0.600
77.455,174.44313600000004,77.455,7,24.459,77.467,116.321,8.756,28.172,-50.006,1.439,4.575,-18.302,150.973,27.456,-0.003,-0.026,9.753,-0.021,0.028,-0.004,992.050,13.870,177.914,45.0000000,-122.0000000,178.040,0.000,0.000,0.000,8,00:00:00,-0.560,-0.900,-0.660
77.665,173.57506560000002,77.665,7,24.083,76.363,115.044,8.563,27.586,-50.247,1.338,4.372,-18.378,151.874,27.666,-0.005,0.058,9.712,-0.015,-0.001,-0.009,992.770,13.870,171.822,45.0000000,-122.0000000,171.930,0.000,0.000,0.000,8,00:00:00,0.130,0.490,0.020
77.876,172.7066904,77.876,7,23.710,75.264,113.653,8.375,27.008,-50.550,1.323,4.294,-18.575,152.512,27.877,0.041,0.102,9.848,0.003,-0.012,0.019,992.940,13.880,170.384,45.0000000,-122.0000000,170.490,0.000,0.000,0.000,8,00:00:00,0.310,-0.200,0.120
78.087,171.83862,78.087,7,23.329,74.145,112.176,8.169,26.439,-50.870,1.205,4.229,-18.620,153.315,28.088,-0.055,0.096,9.846,-0.009,-0.000,-0.008,993.130,13.880,168.777,45.0000000,-122.0000000,168.860,0.000,0.000,0.000,8,00:00:00,0.180,0.150,0.150
78.297,170.9708544,78.297,7,22.933,72.988,110.243,7.962,25.875,-51.347,1.167,4.162,-18.666,154.005,28.298,-0.052,0.063,9.854,-0.004,-0.013,-0.004,993.660,13.890,164.295,45.0000000,-122.0000000,164.420,0.000,0.000,0.000,8,00:00:00,-0.570,0.200,-0.150
78.508,170.102784,78.508,7,22.541,71.843,109.503,7.787,25.332,-51.342,1.275,4.134,-18.693,154.646,28.509,-0.003,-0.058,9.880,0.008,0.013,0.005,992.820,13.890,171.399,45.0000000,-122.0000000,171.510,0.000,0.000,0.000,8,00:00:00,1.060,0.030,-0.040
78.718,169.2350184,78.718,7,22.139,70.667,108.617,7.598,24.782,-51.405,1.177,4.011,-18.746,155.448,28.719,-0.052,-0.027,9.865,-0.011,0.002,0.009,993.060,13.900,169.369,45.0000000,-122.0000000,169.450,0.000,0.000,0.000,8,00:00:00,0.260,0.030,-0.420
79.218,167.1739608,79.218,7,23.588,75.570,94.653,7.607,24.972,-55.443,1.075,3.767,-18.845,156.634,29.219,-0.057,0.055,9.847,0.012,-0.004,-0.000,994.010,13.910,161.337,45.0000000,-122.0000000,161.440,0.000,0.000,0.000,8,00:00:00,-0.100,-1.420,-1.180
79.429,166.3077192,79.429,7,22.836,73.279,95.843,7.325,24.107,-54.281,1.078,3.643,-18.800,157.339,29.430,-0.011,0.010,9.759,-0.008,-0.007,-0.008,994.070,13.920,160.830,45.0000000,-122.0000000,160.890,0.000,0.000,0.000,8,00:00:00,0.210,-0.020,0.120
79.64,165.43873440000002,79.640,7,22.121,71.098,98.497,7.073,23.297,-52.648,1.130,3.631,-18.946,157.982,29.641,0.002,-0.054,9.896,0.002,0.011,-0.013,992.850,13.920,171.145,45.0000000,-122.0000000,171.230,0.000,0.000,0.000,8,00:00:00,0.210,0.580,-0.020
79.85,164.5715784,79.850,7,21.435,68.994,99.516,6.853,22.508,-51.755,1.201,3.489,-18.877,158.714,29.851,0.045,-0.114,9.789,-0.003,0.027,0.005,993.770,13.930,163.366,45.0000000,-122.0000000,163.480,0.000,0.000,0.000,8,00:00:00,-0.760,-0.310,-2.060
80.061,163.70411760000002,80.061,7,20.790,66.995,100.574,6.649,21.740,-50.929,1.196,3.332,-18.960,159.319,30.062,0.057,-0.050,9.811,0.005,0.023,0.004,993.580,13.940,164.972,45.0000000,-122.0000000,165.100,0.000,0.000,0.000,8,00:00:00,-0.360,-0.870,0.830
80.272,162.83665680000001,80.272,7,20.175,65.069,100.215,6.439,21.020,-50.736,1.094,3.328,-19.017,159.828,30.273,-0.044,-0.057,9.851,0.007,-0.002,0.018,994.500,13.940,157.197,45.0000000,-122.0000000,157.260,0.000,0.000,0.000,8,00:00:00,0.160,0.340,0.480
80.482,161.9695008,80.482,7,19.580,63.191,100.907,6.238,20.308,-50.161,1.075,3.157,-19.021,160.354,30.483,0.041,-0.008,9.796,-0.000,-0.016,0.003,993.740,13.950,163.619,45.0000000,-122.0000000,163.740,0.000,0.000,0.000,8,00:00:00,0.050,0.010,-0.030
80.692,161.1026496,80.692,7,19.011,61.377,101.070,6.064,19.630,-49.874,1.131,3.102,-19.142,160.768,30.693,0.064,-0.012,9.898,0.017,0.019,0.008,994.050,13.950,160.999,45.0000000,-122.0000000,161.070,0.000,0.000,0.000,8,00:00:00,0.130,0.180,0.110
80.903,160.2351888,80.903,7,18.471,59.635,100.671,5.882,18.953,-49.826,1.024,2.890,-19.078,161.599,30.904,0.035,0.056,9.761,-0.021,0.012,0.009,994.400,13.960,158.042,45.0000000,-122.0000000,158.130,0.000,0.000,0.000,8,00:00:00,0.050,1.020,-0.280
81.113,159.3683376,81.113,7,17.943,57.925,99.650,5.678,18.305,-50.069,0.868,2.838,-19.244,162.332,31.114,-0.036,0.098,9.889,-0.023,-0.021,0.003,994.900,13.960,153.818,45.0000000,-122.0000000,153.940,0.000,0.000,0.000,8,00:00:00,0.720,1.040,-0.410
81.324,158.5014864,81.324,7,17.435,56.281,97.976,5.494,17.704,-50.537,0.892,2.858,-19.153,162.770,31.325,-0.043,-0.034,9.811,0.006,-0.008,-0.002,995.410,13.970,149.512,45.0000000,-122.0000000,149.640,0.000,0.000,0.000,8,00:00:00,0.440,-0.550,0.440
81.534,157.6346352,81.534,7,16.937,54.668,96.244,5.312,17.122,-51.002,0.852,2.776,-19.155,163.376,31.535,-0.048,-0.050,9.785,-0.008,-0.005,-0.005,995.580,13.980,148.078,45.0000000,-122.0000000,148.140,0.000,0.000,0.000,8,00:00:00,1.140,-0.250,-0.060
81.745,156.76778400000003,81.745,7,16.458,53.116,94.923,5.134,16.549,-51.296,0.815,2.626,-19.218,164.006,31.746,-0.039,0.007,9.801,-0.008,0.011,-0.007,995.330,13.980,150.188,45.0000000,-122.0000000,150.290,0.000,0.000,0.000,8,00:00:00,0.250,-0.110,0.190
81.955,155.9012376,81.955,7,15.987,51.590,94.311,4.970,15.991,-51.320,0.827,2.536,-19.268,164.385,31.956,0.001,0.025,9.827,0.009,-0.000,0.005,994.890,13.990,153.903,45.0000000,-122.0000000,153.990,0.000,0.000,0.000,8,00:00:00,0.130,-1.410,0.730
82.166,155.0343864,82.166,7,15.535,50.118,94.067,4.808,15.447,-51.213,0.781,2.421,-19.278,165.050,32.167,0.012,0.030,9.804,-0.017,-0.004,0.002,994.600,13.990,156.352,45.0000000,-122.0000000,156.460,0.000,0.000,0.000,8,00:00:00,0.990,0.280,0.360
82.376,154.1675352,82.376,7,15.088,48.670,93.100,4.636,14.931,-51.392,0.687,2.405,-19.243,165.540,32.377,-0.053,-0.003,9.759,-0.005,-0.015,0.005,995.210,14.000,151.201,45.0000000,-122.0000000,151.290,0.000,0.000,0.000,8,00:00:00,-0.150,-0.280,0.910
82.586,153.3012936,82.586,7,14.653,47.262,92.544,4.477,14.430,-51.433,0.702,2.313,-19.366,166.077,32.587,-0.017,0.007,9.857,-0.005,0.006,0.008,994.940,14.000,153.481,45.0000000,-122.0000000,153.550,0.000,0.000,0.000,8,00:00:00,-0.520,-0.030,-0.490
82.797,152.4347472,82.797,7,14.232,45.903,91.491,4.324,13.945,-51.658,0.677,2.230,-19.338,166.461,32.798,0.005,0.013,9.809,0.003,-0.010,0.002,995.330,14.010,150.188,45.0000000,-122.0000000,150.250,0.000,0.000,0.000,8,00:00:00,0.160,0.230,-0.570
83.007,151.5682008,83.007,7,13.817,44.566,90.478,4.171,13.477,-51.868,0.639,2.173,-19.396,166.777,33.008,0.032,0.030,9.850,0.004,-0.021,-0.012,995.400,14.010,149.597,45.0000000,-122.0000000,149.660,0.000,0.000,0.000,8,00:00:00,0.410,-0.150,1.500
83.217,150.702264,83.217,7,13.411,43.269,89.872,4.016,13.056,-51.924,0.580,2.252,-19.454,167.286,33.218,-0.064,-0.079,9.920,-0.007,-0.008,-0.003,995.140,14.020,151.792,45.0000000,-122.0000000,151.900,0.000,0.000,0.000,8,00:00:00,-0.200,-0.410,0.480
83.428,149.8357176,83.428,7,13.015,42.021,88.500,3.850,12.630,-52.241,0.482,2.085,-19.341,167.599,33.429,-0.073,0.034,9.768,0.008,-0.006,-0.005,995.760,14.030,146.558,45.0000000,-122.0000000,146.610,0.000,0.000,0.000,8,00:00:00,0.090,0.120,-0.050
83.638,148.9697808,83.638,7,12.621,40.795,87.621,3.696,12.205,-52.370,0.504,1.965,-19.426,168.312,33.639,-0.006,0.016,9.828,-0.025,0.000,-0.022,995.500,14.030,148.753,45.0000000,-122.0000000,148.810,0.000,0.000,0.000,8,00:00:00,-0.850,0.630,0.600
83.849,148.103844,83.849,7,12.237,39.610,86.235,3.544,11.787,-52.672,0.467,1.861,-19.392,168.614,33.850,0.000,0.064,9.772,0.008,-0.003,0.000,995.940,14.040,145.040,45.0000000,-122.0000000,145.120,0.000,0.000,0.000,8,00:00:00,0.380,-0.630,-0.310
84.059,147.23760240000001,84.059,7,11.856,38.445,83.631,3.402,11.406,-53.426,0.476,1.918,-19.474,168.942,34.060,-0.024,-0.029,9.864,0.004,-0.007,-0.015,997.060,14.040,135.594,45.0000000,-122.0000000,135.700,0.000,0.000,0.000,8,00:00:00,0.490,-0.210,0.070
84.269,146.3719704,84.269,7,11.484,37.313,81.745,3.271,11.018,-53.850,0.488,1.770,-19.467,169.234,34.270,0.046,0.038,9.830,0.008,-0.000,0.005,996.670,14.050,138.882,45.0000000,-122.0000000,139.000,0.000,0.000,0.000,8,00:00:00,-0.090,0.370,-0.220
84.48,145.5060336,84.480,7,11.123,36.222,80.675,3.140,10.674,-53.923,0.446,1.849,-19.419,169.418,34.481,-0.036,-0.045,9.796,0.015,-0.010,-0.007,996.130,14.050,143.436,45.0000000,-122.0000000,143.550,0.000,0.000,0.000,8,00:00:00,0.270,-0.400,-0.540
84.69,144.6400968,84.690,7,10.765,35.154,79.485,3.004,10.333,-54.045,0.392,1.766,-19.456,169.791,34.691,-0.030,-0.009,9.814,-0.003,-0.012,-0.009,996.370,14.060,141.412,45.0000000,-122.0000000,141.530,0.000,0.000,0.000,8,00:00:00,0.360,-0.260,-0.090
84.9,143.77416,84.900,7,10.414,34.116,77.360,2.870,9.994,-54.494,0.363,1.668,-19.388,170.247,34.901,-0.035,0.004,9.729,-0.005,0.004,0.003,997.240,14.070,134.076,45.0000000,-122.0000000,134.130,0.000,0.000,0.000,8,00:00:00,-0.110,-0.150,-0.530
85.11,142.90852800000002,85.110,7,10.069,33.108,76.049,2.752,9.671,-54.618,0.404,1.632,-19.471,170.476,35.111,0.017,-0.015,9.806,0.010,-0.007,-0.006,996.760,14.070,138.123,45.0000000,-122.0000000,138.210,0.000,0.000,0.000,8,00:00:00,0.120,0.220,-0.440
85.321,142.0435056,85.321,7,9.735,32.137,75.809,2.635,9.363,-54.326,0.375,1.604,-19.461,170.828,35.322,-0.022,-0.031,9.790,0.003,0.004,-0.005,995.990,14.080,144.618,45.0000000,-122.0000000,144.660,0.000,0.000,0.000,8,00:00:00,-0.190,0.250,0.620
85.531,141.1775688,85.531,7,9.407,31.185,74.522,2.526,9.057,-54.460,0.378,1.521,-19.507,171.195,35.532,-0.001,-0.013,9.823,0.001,0.005,0.006,996.940,14.080,136.605,45.0000000,-122.0000000,136.650,0.000,0.000,0.000,8,00:00:00,0.270,-0.260,-0.110
86.031,139.11925440000002,86.031,7,9.683,32.424,60.711,2.499,9.025,-58.163,0.388,1.413,-19.516,171.914,36.032,0.059,-0.055,9.816,0.002,-0.007,0.007,997.060,14.100,135.594,45.0000000,-122.0000000,135.690,0.000,0.000,0.000,8,00:00:00,-0.170,0.400,-0.670
86.241,138.254232,86.241,7,9.239,31.068,61.540,2.364,8.615,-57.065,0.348,1.387,-19.483,172.100,36.242,0.005,-0.039,9.778,0.016,0.007,0.014,998.040,14.100,127.335,45.0000000,-122.0000000,127.410,0.000,0.000,0.000,8,00:00:00,-0.260,-0.060,0.090
86.452,137.3886,86.452,7,8.822,29.798,64.473,2.227,8.220,-55.224,0.287,1.296,-19.572,172.426,36.453,-0.034,0.035,9.852,0.004,0.011,-0.007,996.360,14.110,141.496,45.0000000,-122.0000000,141.610,0.000,0.000,0.000,8,00:00:00,-0.380,-0.230,-0.340
86.662,136.52388240000002,86.662,7,8.425,28.591,65.265,2.114,7.870,-54.352,0.359,1.370,-19.578,172.524,36.663,-0.016,-0.082,9.870,0.018,-0.007,0.005,997.630,14.110,130.790,45.0000000,-122.0000000,130.830,0.000,0.000,0.000,8,00:00:00,0.400,-0.450,0.040
86.872,135.65855520000002,86.872,7,8.050,27.451,66.520,2.016,7.533,-53.351,0.382,1.290,-19.508,172.865,36.873,0.028,-0.093,9.790,-0.001,-0.000,0.007,997.180,14.120,134.582,45.0000000,-122.0000000,134.630,0.000,0.000,0.000,8,00:00:00,-0.470,-0.060,1.120
87.082,134.7935328,87.082,7,7.696,26.368,68.247,1.923,7.191,-52.257,0.361,1.133,-19.541,173.176,37.083,0.066,0.007,9.804,0.003,0.008,0.023,996.700,14.120,138.629,45.0000000,-122.0000000,138.730,0.000,0.000,0.000,8,00:00:00,0.650,-0.150,0.080
87.292,133.92851040000002,87.292,7,7.360,25.335,68.321,1.825,6.876,-51.921,0.304,1.141,-19.632,173.568,37.293,0.000,-0.023,9.893,-0.007,0.001,-0.009,997.770,14.130,129.610,45.0000000,-122.0000000,129.690,0.000,0.000,0.000,8,00:00:00,-0.260,-0.530,0.370
87.503,133.0637928,87.503,7,7.042,24.356,68.332,1.732,6.589,-51.617,0.284,1.154,-19.493,173.708,37.504,-0.036,-0.062,9.756,0.013,-0.005,-0.009,997.750,14.130,129.779,45.0000000,-122.0000000,129.870,0.000,0.000,0.000,8,00:00:00,0.160,1.490,-0.770
87.713,132.1990752,87.713,7,6.733,23.417,68.709,1.617,6.331,-51.214,0.146,1.189,-19.501,173.787,37.714,-0.156,-0.032,9.763,0.015,-0.016,0.011,997.480,14.140,132.054,45.0000000,-122.0000000,132.130,0.000,0.000,0.000,8,00:00:00,-0.130,0.140,0.120
87.923,131.3343576,87.923,7,6.435,22.521,68.507,1.521,6.061,-51.074,0.204,1.024,-19.461,174.067,37.924,-0.026,0.021,9.707,0.000,-0.004,0.010,997.870,14.150,128.768,45.0000000,-122.0000000,128.850,0.000,0.000,0.000,8,00:00:00,-0.280,0.020,0.080
88.133,130.46964,88.133,7,6.149,21.663,67.688,1.445,5.804,-51.228,0.269,0.990,-19.622,174.176,38.134,0.036,0.015,9.865,0.016,0.001,0.013,998.330,14.150,124.893,45.0000000,-122.0000000,124.960,0.000,0.000,0.000,8,00:00:00,-0.130,-0.870,-0.030
88.343,129.6052272,88.343,7,5.875,20.840,68.072,1.359,5.555,-50.914,0.189,0.933,-19.579,174.435,38.344,-0.020,0.062,9.815,0.003,0.002,0.011,997.430,14.160,132.475,45.0000000,-122.0000000,132.530,0.000,0.000,0.000,8,00:00:00,0.320,-0.090,0.250
88.553,128.7411192,88.553,7,5.616,20.051,66.551,1.319,5.327,-51.359,0.378,0.941,-19.548,174.888,38.554,0.107,-0.126,9.790,-0.012,0.005,-0.005,998.860,14.160,120.431,45.0000000,-122.0000000,120.520,0.000,0.000,0.000,8,00:00:00,0.240,0.140,0.290
88.764,127.8764016,88.764,7,5.371,19.298,66.412,1.250,5.112,-51.257,0.211,0.920,-19.570,175.112,38.765,0.004,-0.061,9.805,-0.000,-0.018,-0.005,997.830,14.170,129.105,45.0000000,-122.0000000,129.210,0.000,0.000,0.000,8,00:00:00,-0.370,-0.110,-0.110
88.974,127.01198880000001,88.974,7,5.134,18.570,66.306,1.174,4.887,-51.182,0.152,0.792,-19.665,175.375,38.975,-0.011,0.051,9.888,0.004,0.012,-0.000,997.830,14.170,129.105,45.0000000,-122.0000000,129.140,0.000,0.000,0.000,8,00:00:00,0.130,0.150,0.190
89.184,126.1478808,89.184,7,4.906,17.868,65.431,1.120,4.675,-51.411,0.235,0.777,-19.659,175.483,39.185,0.058,-0.000,9.882,0.013,-0.002,0.002,998.420,14.180,124.135,45.0000000,-122.0000000,124.190,0.000,0.000,0.000,8,00:00:00,-0.480,0.720,0.520
89.394,125.28346800000001,89.394,7,4.687,17.194,65.936,1.042,4.488,-51.096,0.095,0.820,-19.595,175.848,39.395,-0.071,-0.033,9.819,-0.013,-0.014,-0.003,997.370,14.190,132.981,45.0000000,-122.0000000,133.040,0.000,0.000,0.000,8,00:00:00,-0.180,-0.080,0.250
89.604,124.41936,89.604,7,4.475,16.547,64.992,0.985,4.300,-51.362,0.169,0.746,-19.606,175.977,39.605,0.009,-0.028,9.826,0.013,0.004,0.003,998.470,14.190,123.714,45.0000000,-122.0000000,123.800,0.000,0.000,0.000,8,00:00:00,0.630,0.310,0.260
89.814,123.5555568,89.814,7,4.273,15.922,62.465,0.936,4.106,-52.199,0.191,0.646,-19.565,176.315,39.815,0.028,-0.005,9.778,-0.002,0.020,-0.007,999.780,14.200,112.689,45.0000000,-122.0000000,112.730,0.000,0.000,0.000,8,00:00:00,-0.400,0.490,0.360
90.024,122.6914488,90.024,7,4.078,15.318,61.465,0.881,3.915,-52.397,0.141,0.595,-19.556,176.440,40.025,0.002,0.046,9.765,0.010,0.000,-0.013,998.720,14.200,121.609,45.0000000,-122.0000000,121.650,0.000,0.000,0.000,8,00:00:00,-0.480,-0.460,0.410
90.234,121.82764560000001,90.234,7,3.890,14.731,59.727,0.818,3.711,-52.855,0.081,0.475,-19.534,176.879,40.235,0.030,0.096,9.736,-0.021,-0.012,-0.009,999.380,14.210,116.054,45.0000000,-122.0000000,116.160,0.000,0.000,0.000,8,00:00:00,0.120,-0.370,0.020
90.445,120.96353760000001,90.445,7,3.708,14.163,58.648,0.759,3.523,-53.039,0.081,0.484,-19.575,177.069,40.446,0.003,0.064,9.777,0.005,0.005,0.003,998.940,14.210,119.757,45.0000000,-122.0000000,119.830,0.000,0.000,0.000,8,00:00:00,-0.100,-0.140,-0.610
90.655,120.09973440000002,90.655,7,3.532,13.608,57.956,0.717,3.353,-53.080,0.142,0.519,-19.648,177.192,40.656,-0.008,-0.006,9.853,0.013,0.015,0.010,998.750,14.220,121.357,45.0000000,-122.0000000,121.420,0.000,0.000,0.000,8,00:00:00,-0.210,-0.640,-0.060
90.865,119.23593120000001,90.865,7,3.362,13.069,55.330,0.667,3.171,-53.832,0.090,0.405,-19.579,177.690,40.866,0.006,0.028,9.778,-0.024,-0.003,0.004,1000.370,14.220,107.728,45.0000000,-122.0000000,107.760,0.000,0.000,0.000,8,00:00:00,-0.000,-0.560,-0.970
91.075,118.3724328,91.075,7,3.198,12.546,53.621,0.619,3.005,-54.194,0.081,0.424,-19.646,177.962,41.076,-0.029,-0.025,9.845,-0.004,0.003,-0.019,999.820,14.230,112.353,45.0000000,-122.0000000,112.430,0.000,0.000,0.000,8,00:00:00,-0.070,0.370,-0.300
91.285,117.50923920000001,91.285,7,3.039,12.038,52.852,0.566,2.849,-54.175,0.041,0.417,-19.650,178.131,41.286,-0.060,-0.026,9.849,0.003,-0.005,0.008,999.200,14.240,117.569,45.0000000,-122.0000000,117.650,0.000,0.000,0.000,8,00:00:00,-0.120,-0.240,0.030
91.495,116.645436,91.495,7,2.884,11.545,52.162,0.507,2.692,-54.122,-0.002,0.365,-19.617,178.366,41.496,-0.077,0.000,9.814,-0.003,-0.001,-0.008,999.220,14.240,117.401,45.0000000,-122.0000000,117.450,0.000,0.000,0.000,8,00:00:00,0.880,-0.700,0.330
91.705,115.7819376,91.705,7,2.733,11.065,51.287,0.475,2.532,-54.151,0.110,0.298,-19.660,178.515,41.706,0.037,-0.028,9.855,0.005,0.003,0.009,999.450,14.250,115.465,45.0000000,-122.0000000,115.520,0.000,0.000,0.000,8,00:00:00,1.150,1.270,-0.850
91.915,114.918744,91.915,7,2.587,10.598,50.477,0.420,2.383,-54.153,-0.016,0.310,-19.664,178.624,41.916,-0.060,0.012,9.859,0.006,-0.012,0.011,999.490,14.250,115.129,45.0000000,-122.0000000,115.210,0.000,0.000,0.000,8,00:00:00,-0.170,0.800,0.480
92.125,114.0552456,92.125,7,2.445,10.143,48.643,0.387,2.231,-54.538,0.078,0.243,-19.656,178.983,42.126,0.063,-0.051,9.849,-0.016,-0.009,-0.010,1000.410,14.260,107.391,45.0000000,-122.0000000,107.490,0.000,0.000,0.000,8,00:00:00,0.550,-0.240,-0.300
92.335,113.192052,92.335,7,2.308,9.698,48.508,0.338,2.072,-54.230,-0.013,0.169,-19.538,179.221,42.336,0.026,0.016,9.730,-0.006,-0.005,0.010,999.190,14.260,117.653,45.0000000,-122.0000000,117.740,0.000,0.000,0.000,8,00:00:00,0.570,0.600,-0.410
92.545,112.3291632,92.545,7,2.175,9.263,47.752,0.307,1.934,-54.188,0.059,0.223,-19.582,179.254,42.546,0.033,-0.067,9.775,0.016,0.007,-0.000,999.750,14.270,112.942,45.0000000,-122.0000000,112.990,0.000,0.000,0.000,8,00:00:00,-0.610,0.940,0.680
92.755,111.46596960000001,92.755,7,2.046,8.840,46.481,0.266,1.799,-54.353,-0.002,0.198,-19.639,179.463,42.756,-0.049,-0.045,9.831,-0.001,0.017,0.008,1000.260,14.280,108.652,45.0000000,-122.0000000,108.730,0.000,0.000,0.000,8,00:00:00,-0.090,0.290,-0.510
92.965,110.602776,92.965,7,1.920,8.428,45.510,0.219,1.670,-54.409,-0.043,0.187,-19.721,179.653,42.966,-0.035,-0.048,9.913,-0.003,-0.025,0.015,1000.140,14.280,109.662,45.0000000,-122.0000000,109.760,0.000,0.000,0.000,8,00:00:00,0.230,0.740,0.360
93.175,109.7398872,93.175,7,1.796,8.026,45.050,0.175,1.540,-54.243,-0.035,0.141,-19.599,179.954,43.176,-0.024,-0.063,9.790,-0.009,0.004,0.020,999.830,14.290,112.269,45.0000000,-122.0000000,112.350,0.000,0.000,0.000,8,00:00:00,-0.100,-0.250,-0.090
93.385,108.87699840000002,93.385,7,1.674,7.633,44.121,0.125,1.399,-54.259,-0.080,0.051,-19.564,179.901,43.386,-0.000,0.032,9.754,0.011,-0.010,-0.006,1000.290,14.290,108.400,45.0000000,-122.0000000,108.470,0.000,0.000,0.000,8,00:00:00,-0.090,-0.540,0.600
93.595,108.0144144,93.595,7,1.553,7.248,43.862,0.075,1.271,-54.040,-0.095,0.076,-19.651,179.769,43.596,-0.053,-0.019,9.842,-0.005,0.008,-0.001,999.850,14.300,112.100,45.0000000,-122.0000000,112.150,0.000,0.000,0.000,8,00:00:00,-0.560,-0.130,0.300
93.805,107.15152560000001,93.805,7,1.434,6.871,42.278,0.051,1.140,-54.333,0.023,0.025,-19.642,179.524,43.806,0.115,-0.081,9.831,-0.004,-0.024,-0.010,1000.990,14.300,102.516,45.0000000,-122.0000000,102.610,0.000,0.000,0.000,8,00:00:00,0.340,0.700,0.280
94.015,106.2889416,94.015,7,1.319,6.502,41.339,0.001,1.021,-54.361,-0.116,0.047,-19.642,179.421,44.016,-0.047,-0.045,9.833,0.002,0.011,0.007,1000.610,14.310,105.710,45.0000000,-122.0000000,105.770,0.000,0.000,0.000,8,00:00:00,-0.170,-0.490,1.060
94.225,105.4266624,94.225,7,1.203,6.141,39.745,-0.055,0.905,-54.628,-0.151,0.027,-19.621,179.287,44.226,-0.041,-0.030,9.812,0.002,-0.017,0.011,1001.250,14.320,100.332,45.0000000,-122.0000000,100.390,0.000,0.000,0.000,8,00:00:00,-0.080,-0.210,0.640
94.435,104.5637736,94.435,7,1.085,5.790,38.201,-0.122,0.792,-54.853,-0.217,0.005,-19.609,179.228,44.436,-0.062,0.020,9.801,0.009,-0.016,-0.003,1001.360,14.320,99.408,45.0000000,-122.0000000,99.470,0.000,0.000,0.000,8,00:00:00,0.550,-0.490,-0.250
94.644,103.70118959999999,94.644,7,0.967,5.446,37.584,-0.158,0.680,-54.726,-0.081,-0.018,-19.666,179.141,44.645,0.056,-0.055,9.856,0.004,-0.001,0.001,1000.790,14.330,104.197,45.0000000,-122.0000000,104.270,0.000,0.000,0.000,8,00:00:00,0.420,-0.210,0.580
94.854,102.83921520000001,94.854,7,0.851,5.109,36.626,-0.215,0.563,-54.719,-0.194,-0.080,-19.591,178.864,44.855,-0.014,0.011,9.783,-0.013,0.000,0.010,1001.120,14.330,101.424,45.0000000,-122.0000000,101.480,0.000,0.000,0.000,8,00:00:00,-0.170,-0.360,0.250
95.064,101.97663120000001,95.064,7,0.733,4.778,36.229,-0.270,0.439,-54.485,-0.192,-0.138,-19.508,178.692,45.065,0.022,0.030,9.701,-0.003,-0.006,0.004,1000.780,14.340,104.281,45.0000000,-122.0000000,104.370,0.000,0.000,0.000,8,00:00:00,1.010,0.340,-0.370
95.274,101.11435200000001,95.274,7,0.615,4.453,35.195,-0.318,0.333,-54.514,-0.172,-0.090,-19.535,178.449,45.275,-0.006,-0.064,9.726,-0.009,0.003,0.002,1001.380,14.340,99.240,45.0000000,-122.0000000,99.270,0.000,0.000,0.000,8,00:00:00,-0.450,-0.140,-1.490
95.484,100.2523776,95.484,7,0.496,4.135,33.555,-0.382,0.228,-54.809,-0.257,-0.113,-19.735,178.363,45.485,-0.037,-0.015,9.929,0.004,-0.017,-0.007,1001.990,14.350,94.117,45.0000000,-122.0000000,94.160,0.000,0.000,0.000,8,00:00:00,-0.130,0.160,-0.760
95.694,99.39009840000001,95.694,7,0.374,3.823,31.614,-0.455,0.119,-55.173,-0.313,-0.159,-19.629,178.259,45.695,-0.044,0.041,9.825,0.002,-0.012,0.004,1002.390,14.350,90.758,45.0000000,-122.0000000,90.850,0.000,0.000,0.000,8,00:00:00,0.150,-0.460,0.580
95.904,98.5284288,95.904,7,0.249,3.517,30.788,-0.519,0.019,-55.072,-0.283,-0.146,-19.546,178.147,45.905,-0.022,-0.002,9.742,0.001,-0.008,0.018,1001.660,14.360,96.888,45.0000000,-122.0000000,96.980,0.000,0.000,0.000,8,00:00:00,0.760,-0.070,0.610
96.113,97.6664544,96.113,7,0.121,3.217,29.654,-0.601,-0.085,-55.100,-0.378,-0.196,-19.557,177.981,46.114,-0.069,0.065,9.756,-0.004,-0.007,-0.003,1002.060,14.370,93.529,45.0000000,-122.0000000,93.580,0.000,0.000,0.000,8,00:00:00,-0.080,-0.330,-0.040
96.323,96.8041752,96.323,7,-0.010,2.923,28.335,-0.659,-0.181,-55.212,-0.276,-0.181,-19.656,177.633,46.324,-0.025,-0.073,9.851,-0.020,0.011,-0.006,1002.300,14.370,91.514,45.0000000,-122.0000000,91.560,0.000,0.000,0.000,8,00:00:00,0.430,-0.220,0.240
96.533,95.9425056,96.533,7,-0.144,2.637,27.805,-0.733,-0.261,-54.999,-0.369,-0.133,-19.555,177.600,46.534,-0.144,-0.061,9.752,0.007,0.000,0.006,1001.800,14.380,95.712,45.0000000,-122.0000000,95.760,0.000,0.000,0.000,8,00:00:00,0.270,-0.640,-0.160
96.743,95.080836,96.743,7,-0.278,2.356,28.102,-0.790,-0.367,-54.487,-0.296,-0.286,-19.533,177.569,46.744,-0.004,0.018,9.732,0.006,-0.002,0.003,1001.220,14.380,100.584,45.0000000,-122.0000000,100.670,0.000,0.000,0.000,8,00:00:00,0.370,0.720,-0.160
96.953,94.2191664,96.953,7,-0.410,2.079,27.491,-0.825,-0.472,-54.379,-0.203,-0.304,-19.640,177.377,46.954,0.082,-0.057,9.836,-0.006,-0.003,0.009,1002.000,14.390,94.033,45.0000000,-122.0000000,94.060,0.000,0.000,0.000,8,00:00:00,0.470,-0.370,-0.580
97.163,93.3578016,97.163,7,-0.540,1.806,26.205,-0.881,-0.570,-54.522,-0.318,-0.299,-19.590,177.449,47.164,-0.036,0.020,9.790,0.015,0.005,-0.007,1002.640,14.390,88.660,45.0000000,-122.0000000,88.730,0.000,0.000,0.000,8,00:00:00,-0.410,-0.900,0.240
97.372,92.496132,97.372,7,-0.668,1.535,24.194,-0.922,-0.680,-54.926,-0.260,-0.384,-19.575,177.338,47.373,0.036,0.040,9.776,0.000,0.008,-0.006,1003.400,14.400,82.284,45.0000000,-122.0000000,82.340,0.000,0.000,0.000,8,00:00:00,-0.170,-0.070,-0.350
97.582,91.635072,97.582,7,-0.793,1.268,23.923,-0.955,-0.767,-54.654,-0.232,-0.294,-19.629,177.208,47.583,-0.008,-0.072,9.826,-0.001,0.003,0.007,1002.120,14.400,93.025,45.0000000,-122.0000000,93.050,0.000,0.000,0.000,8,00:00:00,0.750,-1.330,-0.180
97.792,90.7734024,97.792,7,-0.913,1.005,23.582,-0.978,-0.867,-54.422,-0.196,-0.382,-19.598,176.966,47.793,0.055,-0.058,9.797,-0.010,0.004,-0.011,1002.250,14.410,91.934,45.0000000,-122.0000000,91.970,0.000,0.000,0.000,8,00:00:00,0.990,-0.020,-0.910
98.002,89.9120376,98.002,7,-1.029,0.743,23.037,-1.016,-0.983,-54.321,-0.277,-0.484,-19.772,176.762,48.003,-0.006,0.037,9.978,-0.005,0.021,-0.001,1002.490,14.420,89.919,45.0000000,-122.0000000,89.980,0.000,0.000,0.000,8,00:00:00,1.090,0.210,-0.140
98.212,89.0515872,98.212,7,-1.144,0.482,21.835,-1.071,-1.091,-54.423,-0.365,-0.468,-19.521,176.588,48.213,-0.081,0.054,9.729,-0.008,-0.007,-0.014,1003.110,14.420,84.717,45.0000000,-122.0000000,84.730,0.000,0.000,0.000,8,00:00:00,0.660,0.200,-0.300
98.422,88.189308,98.422,7,-1.258,0.222,20.177,-1.100,-1.194,-54.710,-0.255,-0.468,-19.626,176.526,48.423,0.046,-0.030,9.830,-0.001,-0.021,0.003,1003.610,14.430,80.523,45.0000000,-122.0000000,80.610,0.000,0.000,0.000,8,00:00:00,-0.010,0.580,-0.190
98.632,87.328248,98.632,7,-1.368,-0.036,19.714,-1.135,-1.289,-54.534,-0.298,-0.457,-19.664,176.274,48.633,0.007,-0.063,9.869,-0.013,-0.005,-0.009,1002.790,14.430,87.402,45.0000000,-122.0000000,87.470,0.000,0.000,0.000,8,00:00:00,-1.140,-0.720,0.120
98.841,86.46718800000001,98.841,7,-1.476,-0.287,18.328,-1.178,-1.369,-54.726,-0.341,-0.408,-19.692,176.265,48.842,-0.057,-0.082,9.896,0.007,-0.004,-0.011,1003.660,14.440,80.104,45.0000000,-122.0000000,80.120,0.000,0.000,0.000,8,00:00:00,1.100,-0.440,0.350
99.051,85.60643280000001,99.051,7,-1.583,-0.536,17.981,-1.208,-1.462,-54.498,-0.291,-0.496,-19.634,176.263,49.052,-0.009,-0.027,9.841,0.010,0.017,0.005,1002.910,14.440,86.395,45.0000000,-122.0000000,86.420,0.000,0.000,0.000,8,00:00:00,0.790,-0.350,-0.100
99.261,84.7453728,99.261,7,-1.687,-0.781,17.701,-1.246,-1.548,-54.265,-0.338,-0.482,-19.641,176.255,49.262,-0.061,-0.013,9.849,0.007,-0.002,0.005,1002.930,14.450,86.227,45.0000000,-122.0000000,86.250,0.000,0.000,0.000,8,00:00:00,1.000,0.190,-0.080
99.47,83.8846176,99.470,7,-1.787,-1.020,17.304,-1.268,-1.627,-54.088,-0.276,-0.476,-19.599,176.191,49.471,0.000,-0.064,9.805,0.001,-0.010,-0.016,1003.130,14.460,84.549,45.0000000,-122.0000000,84.600,0.000,0.000,0.000,8,00:00:00,0.630,0.520,-0.190
99.68,83.0238624,99.680,7,-1.887,-1.257,15.517,-1.312,-1.712,-54.450,-0.385,-0.519,-19.625,175.988,49.681,-0.098,0.001,9.836,-0.007,0.011,-0.001,1004.300,14.460,74.739,45.0000000,-122.0000000,74.820,0.000,0.000,0.000,8,00:00:00,-0.740,0.450,-0.370
99.89,82.16341200000001,99.890,7,-1.986,-1.490,14.442,-1.341,-1.798,-54.507,-0.323,-0.550,-19.582,175.922,49.891,-0.077,-0.004,9.792,0.007,0.020,-0.004,1003.880,14.470,78.259,45.0000000,-122.0000000,78.270,0.000,0.000,0.000,8,00:00:00,-0.520,-0.250,-0.170
100.1,81.30235200000001,100.100,7,-2.079,-1.722,13.173,-1.343,-1.899,-54.622,-0.206,-0.640,-19.529,175.692,50.101,0.057,-0.028,9.742,-0.011,0.005,0.006,1004.160,14.470,75.912,45.0000000,-122.0000000,75.990,0.000,0.000,0.000,8,00:00:00,0.050,-0.100,-1.300
100.309,80.4419016,100.309,7,-2.164,-1.952,12.124,-1.352,-2.003,-54.671,-0.246,-0.681,-19.644,175.554,50.310,0.035,-0.002,9.861,-0.005,0.003,-0.018,1004.150,14.480,75.996,45.0000000,-122.0000000,76.040,0.000,0.000,0.000,8,00:00:00,-0.220,0.210,0.200
100.519,79.5814512,100.519,7,-2.246,-2.185,12.113,-1.367,-2.103,-54.310,-0.280,-0.682,-19.577,175.588,50.520,0.007,0.029,9.795,0.009,-0.002,0.003,1003.380,14.480,82.452,45.0000000,-122.0000000,82.520,0.000,0.000,0.000,8,00:00:00,0.320,0.120,-0.490
100.729,78.72100080000001,100.729,7,-2.323,-2.417,11.314,-1.374,-2.190,-54.286,-0.248,-0.638,-19.639,175.454,50.730,0.027,-0.058,9.852,-0.008,-0.011,-0.017,1004.080,14.490,76.583,45.0000000,-122.0000000,76.590,0.000,0.000,0.000,8,00:00:00,0.880,-0.020,0.040
100.938,77.86116,100.938,7,-2.394,-2.643,10.753,-1.382,-2.269,-54.171,-0.265,-0.629,-19.613,175.667,50.939,0.031,-0.023,9.827,0.021,-0.013,-0.028,1004.020,14.490,77.086,45.0000000,-122.0000000,77.110,0.000,0.000,0.000,8,00:00:00,-0.280,0.220,-0.470
101.148,77.00070960000001,101.148,7,-2.463,-2.868,11.312,-1.405,-2.356,-53.646,-0.338,-0.681,-19.628,175.594,51.149,-0.001,0.046,9.847,-0.001,-0.003,0.002,1003.150,14.500,84.381,45.0000000,-122.0000000,84.440,0.000,0.000,0.000,8,00:00:00,-0.410,-0.250,-0.750
101.358,76.1408688,101.358,7,-2.529,-3.091,10.895,-1.416,-2.435,-53.517,-0.290,-0.664,-19.571,175.589,51.359,0.006,0.015,9.788,0.008,0.009,-0.001,1003.960,14.510,77.589,45.0000000,-122.0000000,77.640,0.000,0.000,0.000,8,00:00:00,0.300,-0.040,-0.590
101.568,75.2801136,101.568,7,-2.592,-3.310,10.317,-1.420,-2.515,-53.479,-0.263,-0.691,-19.670,175.314,51.569,0.051,-0.035,9.887,-0.019,-0.006,-0.004,1004.160,14.510,75.912,45.0000000,-122.0000000,76.000,0.000,0.000,0.000,8,00:00:00,0.050,0.900,0.010
101.777,74.4202728,101.777,7,-2.652,-3.524,8.738,-1.455,-2.589,-53.820,-0.413,-0.685,-19.659,175.195,51.778,-0.087,0.024,9.881,-0.004,0.001,0.003,1005.090,14.520,68.120,45.0000000,-122.0000000,68.190,0.000,0.000,0.000,8,00:00:00,0.490,-0.050,0.130
101.987,73.5601272,101.987,7,-2.714,-3.735,6.782,-1.487,-2.649,-54.248,-0.408,-0.635,-19.535,175.442,51.988,-0.096,0.029,9.754,0.024,-0.010,0.004,1005.500,14.520,64.687,45.0000000,-122.0000000,64.700,0.000,0.000,0.000,8,00:00:00,0.090,0.160,-0.130
102.196,72.7005912,102.196,7,-2.774,-3.938,5.751,-1.491,-2.712,-54.302,-0.278,-0.668,-19.556,175.391,52.197,0.032,-0.025,9.773,0.001,-0.003,0.007,1004.950,14.530,69.293,45.0000000,-122.0000000,69.360,0.000,0.000,0.000,8,00:00:00,-0.010,0.840,-0.250
102.406,71.84044560000001,102.406,7,-2.830,-4.140,4.141,-1.490,-2.785,-54.582,-0.259,-0.734,-19.631,175.274,52.407,0.097,-0.010,9.851,-0.006,-0.009,-0.007,1005.500,14.530,64.687,45.0000000,-122.0000000,64.760,0.000,0.000,0.000,8,00:00:00,0.870,-0.440,-0.220
102.616,70.98060480000001,102.616,7,-2.882,-4.340,4.393,-1.489,-2.875,-54.124,-0.265,-0.837,-19.552,175.229,52.617,0.108,0.087,9.781,0.005,0.018,0.007,1004.130,14.540,76.164,45.0000000,-122.0000000,76.200,0.000,0.000,0.000,8,00:00:00,-0.150,-0.450,0.240
102.825,70.12076400000001,102.825,7,-2.929,-4.537,3.096,-1.512,-2.948,-54.302,-0.388,-0.774,-19.631,175.089,52.826,-0.009,0.066,9.859,-0.010,-0.013,0.002,1005.470,14.540,64.938,45.0000000,-122.0000000,64.950,0.000,0.000,0.000,8,00:00:00,0.600,0.460,0.130
103.035,69.261228,103.035,7,-2.978,-4.733,2.130,-1.521,-3.005,-54.328,-0.322,-0.713,-19.572,175.027,53.036,-0.002,-0.024,9.793,0.001,0.005,-0.008,1005.290,14.550,66.445,45.0000000,-122.0000000,66.520,0.000,0.000,0.000,8,00:00:00,-0.640,-0.070,-0.160
103.244,68.401692,103.244,7,-3.021,-4.923,1.199,-1.516,-3.079,-54.345,-0.259,-0.817,-19.591,174.932,53.245,0.114,0.009,9.818,-0.004,-0.005,0.000,1005.410,14.560,65.440,45.0000000,-122.0000000,65.450,0.000,0.000,0.000,8,00:00:00,0.090,0.070,-1.040
103.454,67.5424608,103.454,7,-3.064,-5.114,-0.427,-1.532,-3.159,-54.613,-0.361,-0.860,-19.557,174.756,53.455,0.038,0.075,9.791,-0.010,0.005,0.005,1006.050,14.560,60.083,45.0000000,-122.0000000,60.100,0.000,0.000,0.000,8,00:00:00,-0.150,0.040,0.210
103.663,66.68292480000001,103.663,7,-3.105,-5.300,-0.356,-1.553,-3.220,-54.245,-0.390,-0.788,-19.661,174.851,53.664,-0.049,0.045,9.890,0.015,0.008,-0.021,1004.850,14.570,70.130,45.0000000,-122.0000000,70.170,0.000,0.000,0.000,8,00:00:00,0.180,1.080,0.450
103.873,65.8233888,103.873,7,-3.148,-5.483,-0.798,-1.577,-3.260,-54.074,-0.411,-0.701,-19.549,174.644,53.874,-0.090,-0.049,9.772,-0.016,-0.014,-0.013,1005.280,14.570,66.529,45.0000000,-122.0000000,66.590,0.000,0.000,0.000,8,00:00:00,-0.120,0.170,-0.310
104.082,64.9638528,104.082,7,-3.190,-5.658,-2.236,-1.597,-3.324,-54.300,-0.396,-0.840,-19.585,174.507,54.083,0.001,0.030,9.819,-0.009,-0.004,0.001,1006.210,14.580,58.744,45.0000000,-122.0000000,58.760,0.000,0.000,0.000,8,00:00:00,-0.150,-0.370,0.540
104.292,64.10492640000001,104.292,7,-3.236,-5.835,-2.392,-1.632,-3.395,-54.038,-0.465,-0.882,-19.652,174.353,54.293,-0.090,0.083,9.891,-0.004,0.023,-0.003,1005.260,14.580,66.696,45.0000000,-122.0000000,66.700,0.000,0.000,0.000,8,00:00:00,1.360,0.530,-0.180
104.502,63.2456952,104.502,7,-3.281,-6.008,-3.622,-1.628,-3.444,-54.184,-0.288,-0.792,-19.573,174.199,54.503,0.003,-0.106,9.799,-0.008,0.002,-0.005,1006.200,14.590,58.828,45.0000000,-122.0000000,58.840,0.000,0.000,0.000,8,00:00:00,-1.030,-0.120,-0.490
104.711,62.386464000000004,104.711,7,-3.320,-6.175,-3.166,-1.627,-3.507,-53.701,-0.306,-0.881,-19.644,174.146,54.712,-0.003,-0.026,9.878,0.004,0.017,-0.000,1004.980,14.590,69.041,45.0000000,-122.0000000,69.100,0.000,0.000,0.000,8,00:00:00,-0.480,-0.450,0.410
104.92,61.527842400000004,104.920,7,-3.355,-6.341,-3.342,-1.615,-3.576,-53.497,-0.256,-0.924,-19.660,174.152,54.921,0.033,-0.009,9.896,0.008,0.012,0.001,1005.510,14.600,64.603,45.0000000,-122.0000000,64.660,0.000,0.000,0.000,8,00:00:00,-0.100,0.310,0.140
105.13,60.668915999999996,105.130,7,-3.386,-6.509,-3.975,-1.602,-3.644,-53.465,-0.258,-0.930,-19.588,173.964,55.131,0.030,-0.028,9.826,-0.012,0.002,0.005,1005.900,14.610,61.338,45.0000000,-122.0000000,61.350,0.000,0.000,0.000,8,00:00:00,-0.120,0.210,-0.380
105.339,59.8099896,105.339,7,-3.411,-6.673,-4.404,-1.595,-3.713,-53.353,-0.284,-0.956,-19.552,173.955,55.340,0.019,0.011,9.793,0.003,0.001,-0.010,1005.850,14.610,61.757,45.0000000,-122.0000000,61.790,0.000,0.000,0.000,8,00:00:00,-0.050,-0.720,-0.370
105.549,58.9507584,105.549,7,-3.433,-6.840,-5.441,-1.584,-3.785,-53.472,-0.266,-0.981,-19.528,173.929,55.550,0.071,0.012,9.771,-0.003,-0.011,0.027,1006.380,14.620,57.321,45.0000000,-122.0000000,57.330,0.000,0.000,0.000,8,00:00:00,0.160,-0.290,0.210
105.758,58.092136800000006,105.758,7,-3.450,-7.003,-6.536,-1.570,-3.845,-53.617,-0.256,-0.947,-19.589,173.910,55.759,0.056,-0.029,9.828,0.002,0.001,0.003,1006.570,14.620,55.732,45.0000000,-122.0000000,55.740,0.000,0.000,0.000,8,00:00:00,-0.450,0.600,0.820
105.968,57.23351520000001,105.968,7,-3.463,-7.167,-8.054,-1.542,-3.904,-53.892,-0.193,-0.946,-19.510,173.878,55.969,0.097,-0.058,9.748,0.003,0.006,-0.011,1006.990,14.630,52.219,45.0000000,-122.0000000,52.290,0.000,0.000,0.000,8,00:00:00,0.850,0.000,0.490
106.177,56.3748936,106.177,7,-3.470,-7.326,-9.160,-1.536,-3.975,-54.001,-0.293,-1.031,-19.555,173.850,56.178,0.057,0.058,9.803,-0.000,-0.000,0.008,1006.830,14.630,53.557,45.0000000,-122.0000000,53.580,0.000,0.000,0.000,8,00:00:00,-0.930,-0.830,0.030
106.387,55.5165768,106.387,7,-3.477,-7.489,-11.256,-1.526,-4.037,-54.493,-0.278,-0.993,-19.656,173.899,56.388,0.064,0.011,9.899,0.004,-0.009,0.003,1007.720,14.640,46.116,45.0000000,-122.0000000,46.160,0.000,0.000,0.000,8,00:00:00,0.510,-0.400,-0.500
106.596,54.65826,106.596,7,-3.478,-7.646,-12.624,-1.503,-4.097,-54.661,-0.216,-1.001,-19.590,173.850,56.597,0.098,-0.010,9.833,0.002,0.011,-0.000,1007.340,14.640,49.292,45.0000000,-122.0000000,49.330,0.000,0.000,0.000,8,00:00:00,-0.100,-0.130,0.180
106.806,53.799333600000004,106.806,7,-3.477,-7.803,-13.626,-1.485,-4.133,-54.675,-0.238,-0.902,-19.588,173.898,56.807,0.027,-0.072,9.822,0.007,-0.002,0.018,1007.140,14.650,50.965,45.0000000,-122.0000000,50.990,0.000,0.000,0.000,8,00:00:00,0.110,-0.290,0.660
107.015,52.94101680000001,107.015,7,-3.471,-7.949,-15.511,-1.470,-4.150,-55.033,-0.257,-0.826,-19.640,174.005,57.016,-0.018,-0.115,9.867,0.011,-0.008,0.015,1008.020,14.660,43.609,45.0000000,-122.0000000,43.660,0.000,0.000,0.000,8,00:00:00,-0.740,1.200,-0.500
107.224,52.083004800000005,107.224,7,-3.463,-8.089,-16.066,-1.454,-4.209,-54.850,-0.248,-1.042,-19.576,174.183,57.225,0.154,0.083,9.823,0.011,-0.021,0.002,1007.100,14.660,51.299,45.0000000,-122.0000000,51.300,0.000,0.000,0.000,8,00:00:00,0.100,0.790,0.950
107.434,51.225297600000005,107.434,7,-3.454,-8.230,-16.053,-1.441,-4.228,-54.452,-0.258,-0.858,-19.506,174.116,57.435,0.064,-0.075,9.737,-0.005,-0.010,-0.001,1006.690,14.670,54.728,45.0000000,-122.0000000,54.750,0.000,0.000,0.000,8,00:00:00,-0.440,0.020,0.200
107.643,50.366676000000005,107.643,7,-3.444,-8.360,-15.195,-1.445,-4.270,-53.789,-0.344,-0.982,-19.606,174.010,57.644,0.089,0.039,9.851,-0.011,-0.016,-0.010,1006.090,14.670,59.748,45.0000000,-122.0000000,59.790,0.000,0.000,0.000,8,00:00:00,0.440,1.040,-0.450
107.853,49.508664,107.853,7,-3.437,-8.491,-15.681,-1.455,-4.297,-53.685,-0.364,-0.921,-19.619,173.986,57.854,-0.005,0.005,9.859,0.006,0.019,0.007,1007.150,14.680,50.881,45.0000000,-122.0000000,50.870,0.000,0.000,0.000,8,00:00:00,0.690,0.950,1.170
108.062,48.65065200000001,108.062,7,-3.432,-8.611,-15.933,-1.473,-4.316,-53.499,-0.410,-0.900,-19.599,173.823,58.063,-0.078,-0.007,9.839,-0.008,0.009,-0.000,1007.070,14.680,51.550,45.0000000,-122.0000000,51.590,0.000,0.000,0.000,8,00:00:00,-0.120,-0.390,0.240
108.271,47.7932496,108.271,7,-3.429,-8.725,-16.144,-1.476,-4.334,-53.321,-0.334,-0.903,-19.645,173.838,58.272,-0.009,-0.050,9.882,0.004,-0.003,-0.002,1007.090,14.690,51.383,45.0000000,-122.0000000,51.420,0.000,0.000,0.000,8,00:00:00,-0.050,-1.120,-0.020
108.481,46.9349328,108.481,7,-3.430,-8.836,-16.334,-1.485,-4.349,-53.121,-0.362,-0.896,-19.515,173.925,58.482,-0.021,-0.016,9.753,0.008,-0.008,0.001,1007.090,14.700,51.383,45.0000000,-122.0000000,51.430,0.000,0.000,0.000,8,00:00:00,0.410,0.260,0.010
108.69,46.0769208,108.690,7,-3.428,-8.936,-16.550,-1.477,-4.355,-52.957,-0.285,-0.866,-19.553,174.010,58.691,0.010,-0.067,9.786,0.013,0.006,0.013,1007.200,14.700,50.463,45.0000000,-122.0000000,50.450,0.000,0.000,0.000,8,00:00:00,0.800,-0.720,-0.580
108.899,45.219518400000005,108.899,7,-3.426,-9.030,-18.205,-1.467,-4.368,-53.346,-0.272,-0.909,-19.556,174.043,58.900,0.054,-0.035,9.792,0.005,-0.005,-0.007,1008.430,14.710,40.184,45.0000000,-122.0000000,40.220,0.000,0.000,0.000,8,00:00:00,-0.610,-0.190,-0.130
109.109,44.361811200000005,109.109,7,-3.426,-9.121,-19.759,-1.494,-4.361,-53.672,-0.447,-0.816,-19.591,174.060,59.110,-0.137,-0.018,9.824,0.004,-0.006,0.011,1008.450,14.710,40.017,45.0000000,-122.0000000,40.010,0.000,0.000,0.000,8,00:00:00,0.380,-0.200,-0.160
109.318,43.5047136,109.318,7,-3.428,-9.201,-19.966,-1.496,-4.376,-53.471,-0.334,-0.934,-19.601,174.031,59.319,0.040,0.006,9.841,-0.002,-0.010,0.002,1007.520,14.720,47.788,45.0000000,-122.0000000,47.790,0.000,0.000,0.000,8,00:00:00,0.130,0.270,0.520
109.528,42.6467016,109.528,7,-3.433,-9.279,-21.845,-1.505,-4.374,-53.927,-0.362,-0.854,-19.680,174.071,59.529,-0.034,-0.044,9.913,0.007,-0.000,0.000,1008.910,14.720,36.175,45.0000000,-122.0000000,36.220,0.000,0.000,0.000,8,00:00:00,0.310,0.050,0.350
109.737,41.78929920000001,109.737,7,-3.437,-9.347,-23.473,-1.517,-4.375,-54.244,-0.378,-0.881,-19.624,174.171,59.738,-0.025,0.008,9.861,0.011,-0.004,0.000,1008.900,14.730,36.259,45.0000000,-122.0000000,36.280,0.000,0.000,0.000,8,00:00:00,0.150,-0.180,-0.080
109.946,40.931896800000004,109.946,7,-3.444,-9.409,-24.641,-1.529,-4.377,-54.343,-0.381,-0.890,-19.522,174.021,59.947,0.016,-0.009,9.760,-0.015,-0.019,0.001,1008.670,14.730,38.179,45.0000000,-122.0000000,38.220,0.000,0.000,0.000,8,00:00:00,-1.220,-0.060,-0.240
110.155,40.074494400000006,110.155,7,-3.453,-9.467,-24.856,-1.556,-4.380,-54.084,-0.452,-0.900,-19.561,174.041,60.156,-0.027,0.036,9.803,0.003,-0.008,-0.002,1008.010,14.740,43.693,45.0000000,-122.0000000,43.740,0.000,0.000,0.000,8,00:00:00,-0.420,-0.140,0.120
110.364,39.2173968,110.364,7,-3.466,-9.520,-25.545,-1.567,-4.375,-54.033,-0.379,-0.869,-19.610,174.016,60.365,-0.003,-0.035,9.846,0.003,0.007,-0.011,1008.460,14.740,39.933,45.0000000,-122.0000000,39.930,0.000,0.000,0.000,8,00:00:00,-0.320,0.090,0.260
110.864,37.1691408,110.864,7,-3.883,-10.706,-38.705,-1.641,-4.612,-57.579,-0.320,-0.952,-19.552,174.146,60.865,0.038,0.046,9.793,0.010,0.010,0.002,1008.600,14.760,38.764,45.0000000,-122.0000000,38.800,0.000,0.000,0.000,8,00:00:00,-0.800,0.700,-0.070
111.074,36.312348,111.074,7,-3.838,-10.597,-37.254,-1.639,-4.580,-56.312,-0.397,-0.962,-19.621,174.218,61.075,-0.001,0.097,9.865,0.005,-0.012,0.005,1009.490,14.760,31.333,45.0000000,-122.0000000,31.370,0.000,0.000,0.000,8,00:00:00,-0.390,-0.910,-0.330
111.283,35.4552504,111.283,7,-3.797,-10.496,-35.672,-1.613,-4.542,-55.044,-0.278,-0.928,-19.496,174.233,61.284,0.081,0.018,9.734,0.004,-0.000,0.004,1009.210,14.770,33.670,45.0000000,-122.0000000,33.720,0.000,0.000,0.000,8,00:00:00,-0.020,0.550,-0.450
111.492,34.5984576,111.492,7,-3.759,-10.405,-32.714,-1.610,-4.501,-53.331,-0.376,-0.896,-19.515,174.138,61.493,0.005,0.019,9.754,-0.009,-0.013,0.003,1008.010,14.770,43.693,45.0000000,-122.0000000,43.700,0.000,0.000,0.000,8,00:00:00,-0.310,0.430,0.270
111.701,33.7416648,111.701,7,-3.726,-10.320,-32.603,-1.595,-4.457,-52.874,-0.321,-0.865,-19.584,174.078,61.702,0.009,-0.047,9.817,0.001,0.010,-0.001,1009.830,14.780,28.496,45.0000000,-122.0000000,28.540,0.000,0.000,0.000,8,00:00:00,1.500,-0.590,0.010
111.911,32.884872,111.911,7,-3.698,-10.246,-31.963,-1.600,-4.437,-52.237,-0.404,-0.964,-19.535,174.003,61.912,-0.013,0.074,9.780,-0.004,0.002,-0.017,1009.350,14.790,32.502,45.0000000,-122.0000000,32.560,0.000,0.000,0.000,8,00:00:00,0.490,0.640,0.360
112.12,32.0280792,112.120,7,-3.671,-10.175,-31.281,-1.583,-4.401,-51.654,-0.301,-0.885,-19.571,173.897,62.121,0.004,-0.063,9.805,-0.002,0.011,0.007,1009.270,14.790,33.170,45.0000000,-122.0000000,33.180,0.000,0.000,0.000,8,00:00:00,-0.200,0.290,0.230
112.329,31.1715912,112.329,7,-3.645,-10.110,-31.746,-1.566,-4.393,-51.586,-0.295,-1.000,-19.629,173.935,62.330,0.074,0.030,9.874,0.005,-0.002,-0.011,1010.060,14.800,26.577,45.0000000,-122.0000000,26.580,0.000,0.000,0.000,8,00:00:00,-0.500,0.830,0.330
112.538,30.315407999999998,112.538,7,-3.621,-10.054,-32.560,-1.555,-4.390,-51.651,-0.317,-1.021,-19.531,173.884,62.539,0.046,0.067,9.779,0.001,0.010,0.013,1010.330,14.800,24.325,45.0000000,-122.0000000,24.330,0.000,0.000,0.000,8,00:00:00,0.250,0.480,0.310
112.747,29.458920000000003,112.747,7,-3.598,-10.003,-33.229,-1.547,-4.367,-51.678,-0.329,-0.910,-19.572,173.876,62.748,-0.054,-0.014,9.809,0.007,0.012,0.006,1010.250,14.810,24.992,45.0000000,-122.0000000,25.030,0.000,0.000,0.000,8,00:00:00,-0.570,-0.020,-0.220
112.956,28.602432000000004,112.956,7,-3.577,-9.958,-33.145,-1.546,-4.360,-51.408,-0.358,-0.980,-19.476,173.652,62.957,-0.038,0.029,9.722,-0.017,-0.000,0.001,1009.690,14.810,29.664,45.0000000,-122.0000000,29.690,0.000,0.000,0.000,8,00:00:00,0.110,-0.430,-0.970
113.166,27.745944,113.166,7,-3.562,-9.922,-32.636,-1.557,-4.356,-51.022,-0.412,-0.982,-19.538,173.663,63.167,-0.088,0.059,9.786,0.003,0.000,0.008,1009.300,14.820,32.919,45.0000000,-122.0000000,32.910,0.000,0.000,0.000,8,00:00:00,-0.570,0.460,-0.540
113.375,26.8897608,113.375,7,-3.548,-9.887,-33.196,-1.555,-4.350,-51.099,-0.348,-0.971,-19.582,173.651,63.376,-0.040,0.007,9.826,0.001,-0.002,-0.007,1010.120,14.830,26.077,45.0000000,-122.0000000,26.120,0.000,0.000,0.000,8,00:00:00,0.080,-0.010,-0.590
113.584,26.033577600000005,113.584,7,-3.535,-9.859,-33.259,-1.549,-4.368,-50.992,-0.331,-1.076,-19.580,173.403,63.585,0.020,0.043,9.834,-0.018,0.005,-0.007,1009.740,14.830,29.247,45.0000000,-122.0000000,29.290,0.000,0.000,0.000,8,00:00:00,-0.530,-0.160,-0.180
113.793,25.1773944,113.793,7,-3.525,-9.840,-33.560,-1.560,-4.397,-51.016,-0.406,-1.127,-19.682,173.226,63.794,-0.051,0.096,9.944,-0.009,0.015,-0.007,1009.910,14.840,27.829,45.0000000,-122.0000000,27.870,0.000,0.000,0.000,8,00:00:00,-0.700,0.100,0.000
114.002,24.3221256,114.002,7,-3.517,-9.830,-34.353,-1.545,-4.416,-51.202,-0.275,-1.071,-19.528,173.118,64.003,0.026,-0.023,9.780,-0.007,0.003,-0.003,1010.300,14.840,24.575,45.0000000,-122.0000000,24.560,0.000,0.000,0.000,8,00:00:00,-0.200,0.370,0.210
114.211,23.4656376,114.211,7,-3.506,-9.829,-35.662,-1.522,-4.457,-51.576,-0.240,-1.171,-19.526,173.096,64.212,0.098,0.041,9.789,0.001,0.006,0.005,1010.750,14.850,20.823,45.0000000,-122.0000000,20.800,0.000,0.000,0.000,8,00:00:00,-0.670,0.230,0.540
114.42,22.609759200000003,114.420,7,-3.495,-9.836,-37.040,-1.526,-4.482,-51.957,-0.365,-1.092,-19.554,173.096,64.421,-0.045,0.039,9.812,-0.000,-0.003,-0.004,1010.880,14.850,19.739,45.0000000,-122.0000000,19.740,0.000,0.000,0.000,8,00:00:00,0.320,-0.020,0.050
114.92,20.5630272,114.920,7,-3.858,-11.010,-50.529,-1.515,-4.756,-56.026,-0.159,-1.066,-19.546,173.467,64.921,0.082,-0.014,9.795,0.018,0.007,-0.006,1010.990,14.870,18.822,45.0000000,-122.0000000,18.820,0.000,0.000,0.000,8,00:00:00,0.320,-0.220,-0.630
115.129,19.707758400000003,115.129,7,-3.774,-10.859,-48.064,-1.487,-4.719,-54.490,-0.283,-1.029,-19.543,173.366,65.130,-0.029,-0.001,9.791,-0.010,-0.006,0.010,1010.580,14.870,22.240,45.0000000,-122.0000000,22.260,0.000,0.000,0.000,8,00:00:00,-0.510,-1.280,-0.190
115.339,18.8515752,115.339,7,-3.699,-10.730,-46.698,-1.455,-4.679,-53.461,-0.257,-0.987,-19.493,173.328,65.340,-0.005,-0.061,9.737,-0.006,-0.012,0.023,1010.980,14.880,18.905,45.0000000,-122.0000000,18.900,0.000,0.000,0.000,8,00:00:00,0.550,0.120,-0.100
115.548,17.9963064,115.548,7,-3.626,-10.615,-45.600,-1.411,-4.659,-52.611,-0.183,-1.058,-19.514,173.457,65.549,0.070,-0.011,9.763,0.019,0.013,0.005,1010.990,14.880,18.822,45.0000000,-122.0000000,18.860,0.000,0.000,0.000,8,00:00:00,0.430,-0.120,0.210
115.757,17.1407328,115.757,7,-3.555,-10.516,-44.887,-1.380,-4.647,-52.002,-0.237,-1.082,-19.647,173.459,65.758,0.015,0.033,9.899,0.005,0.008,-0.018,1011.100,14.890,17.905,45.0000000,-122.0000000,17.940,0.000,0.000,0.000,8,00:00:00,0.020,0.370,0.410
115.966,16.285464,115.966,7,-3.491,-10.434,-44.545,-1.384,-4.650,-51.588,-0.392,-1.133,-19.643,173.408,65.967,-0.088,0.153,9.904,-0.004,0.001,0.008,1011.250,14.890,16.655,45.0000000,-122.0000000,16.680,0.000,0.000,0.000,8,00:00:00,-0.110,0.200,-0.400
116.175,15.430195200000002,116.175,7,-3.431,-10.364,-44.087,-1.334,-4.627,-51.135,-0.126,-0.993,-19.473,173.354,66.176,0.066,-0.104,9.714,-0.003,-0.001,0.009,1011.080,14.900,18.072,45.0000000,-122.0000000,18.060,0.000,0.000,0.000,8,00:00:00,0.080,0.050,-0.240
116.384,14.5749264,116.384,7,-3.373,-10.303,-43.936,-1.321,-4.607,-50.873,-0.295,-0.998,-19.602,173.503,66.385,-0.066,0.004,9.846,0.013,-0.006,0.016,1011.230,14.910,16.822,45.0000000,-122.0000000,16.810,0.000,0.000,0.000,8,00:00:00,-0.550,0.580,-0.900
116.593,13.719657600000001,116.593,7,-3.320,-10.250,-45.488,-1.312,-4.582,-51.294,-0.304,-0.955,-19.561,173.619,66.594,-0.075,-0.009,9.802,0.008,-0.011,-0.007,1012.480,14.910,6.409,45.0000000,-122.0000000,6.370,0.000,0.000,0.000,8,00:00:00,0.140,-0.540,0.400
116.802,12.864388800000002,116.802,7,-3.272,-10.204,-45.781,-1.305,-4.586,-51.197,-0.310,-1.085,-19.509,173.371,66.803,-0.031,0.070,9.764,-0.016,0.011,-0.019,1011.580,14.920,13.905,45.0000000,-122.0000000,13.880,0.000,0.000,0.000,8,00:00:00,0.050,0.230,-0.040
117.011,12.009424800000001,117.011,7,-3.227,-10.167,-47.130,-1.287,-4.580,-51.548,-0.245,-1.022,-19.615,173.395,67.012,0.003,-0.032,9.861,0.001,-0.008,-0.013,1012.390,14.920,7.158,45.0000000,-122.0000000,7.200,0.000,0.000,0.000,8,00:00:00,-0.270,0.530,-0.250
117.22,11.1553752,117.220,7,-3.183,-10.137,-48.367,-1.259,-4.579,-51.811,-0.196,-1.043,-19.474,173.415,67.221,0.066,-0.026,9.722,0.003,-0.002,-0.013,1012.370,14.930,7.325,45.0000000,-122.0000000,7.300,0.000,0.000,0.000,8,00:00:00,0.780,-0.030,0.060
117.429,10.2994968,117.429,7,-3.141,-10.115,-48.496,-1.254,-4.582,-51.691,-0.298,-1.048,-19.717,173.355,67.430,-0.031,0.000,9.967,-0.003,0.002,-0.005,1011.560,14.930,14.072,45.0000000,-122.0000000,14.120,0.000,0.000,0.000,8,00:00:00,-0.140,0.230,0.260
117.638,9.4448376,117.638,7,-3.105,-10.099,-48.600,-1.269,-4.590,-51.540,-0.387,-1.070,-19.505,173.361,67.639,-0.073,0.086,9.761,-0.001,-0.007,0.008,1011.530,14.940,14.322,45.0000000,-122.0000000,14.300,0.000,0.000,0.000,8,00:00:00,0.360,-0.570,-0.020
117.847,8.590178400000001,117.847,7,-3.075,-10.089,-50.186,-1.268,-4.602,-51.976,-0.308,-1.080,-19.522,173.311,67.848,-0.002,0.040,9.776,-0.003,-0.000,-0.007,1012.700,14.940,4.577,45.0000000,-122.0000000,4.580,0.000,0.000,0.000,8,00:00:00,0.190,-0.230,0.100
118.056,7.735519200000001,118.056,7,-3.047,-10.087,-51.642,-1.259,-4.618,-52.344,-0.262,-1.092,-19.557,173.323,68.057,0.051,0.020,9.812,0.001,-0.004,-0.001,1012.690,14.950,4.661,45.0000000,-122.0000000,4.640,0.000,0.000,0.000,8,00:00:00,0.290,0.370,0.080
118.265,6.880555200000001,118.265,7,-3.022,-10.091,-52.662,-1.257,-4.631,-52.536,-0.293,-1.073,-19.617,173.402,68.266,0.011,0.029,9.870,0.009,0.001,0.001,1012.430,14.950,6.825,45.0000000,-122.0000000,6.860,0.000,0.000,0.000,8,00:00:00,-0.510,-0.400,0.310
118.474,6.027115200000001,118.474,7,-2.998,-10.099,-53.476,-1.249,-4.636,-52.627,-0.265,-1.032,-19.538,173.426,68.475,-0.005,0.001,9.787,0.008,0.010,0.005,1012.330,14.960,7.658,45.0000000,-122.0000000,7.700,0.000,0.000,0.000,8,00:00:00,0.280,-0.920,-0.450
118.683,5.1715416,118.683,7,-2.976,-10.111,-54.367,-1.241,-4.648,-52.737,-0.254,-1.062,-19.503,173.226,68.684,0.023,-0.015,9.755,-0.016,-0.001,0.011,1012.450,14.970,6.659,45.0000000,-122.0000000,6.640,0.000,0.000,0.000,8,00:00:00,-0.000,-0.800,-1.170
118.892,4.3171872,118.892,7,-2.955,-10.128,-54.970,-1.232,-4.672,-52.754,-0.250,-1.120,-19.604,173.301,68.893,0.047,0.038,9.861,0.009,0.004,0.006,1012.280,14.970,8.074,45.0000000,-122.0000000,8.060,0.000,0.000,0.000,8,00:00:00,0.440,-0.160,0.290
119.101,3.4631376,119.101,7,-2.936,-10.148,-55.576,-1.226,-4.669,-52.771,-0.263,-0.985,-19.590,173.181,69.102,-0.046,-0.084,9.832,-0.007,0.003,0.013,1012.330,14.980,7.658,45.0000000,-122.0000000,7.640,0.000,0.000,0.000,8,00:00:00,0.090,-0.510,0.690
119.31,2.6087832,119.310,7,-2.917,-10.170,-57.237,-1.216,-4.688,-53.176,-0.239,-1.087,-19.541,173.201,69.311,0.008,0.006,9.794,0.008,0.012,0.013,1013.240,14.980,0.083,45.0000000,-122.0000000,0.120,0.000,0.000,0.000,8,00:00:00,0.130,0.690,0.060
119.519,1.7544288000000001,119.519,7,-2.897,-10.196,-58.466,-1.198,-4.705,-53.408,-0.199,-1.078,-19.638,173.116,69.520,0.044,-0.054,9.889,-0.008,-0.005,-0.001,1013.010,14.990,1.997,45.0000000,-122.0000000,2.000,0.000,0.000,0.000,8,00:00:00,0.400,-0.270,-0.440
119.948,0.0,119.948,7,-3.103,-11.136,-68.246,-1.211,-4.881,-56.127,-0.191,-0.993,-19.509,173.243,69.949,-0.038,-0.070,9.751,0.013,0.011,-0.001,1012.540,15.000,5.909,45.0000000,-122.0000000,5.940,0.000,0.000,0.000,8,00:00:00,-0.660,0.030,0.300
